country_code,country,year,gdp_per_capita
AFE,Africa Eastern and Southern,2020,1351.50316694933
AFE,Africa Eastern and Southern,2019,1508.0315245887
AFE,Africa Eastern and Southern,2018,1553.61794421394
AFE,Africa Eastern and Southern,2017,1529.92307995549
AFE,Africa Eastern and Southern,2016,1335.7431649955
AFE,Africa Eastern and Southern,2015,1498.71597073834
AFE,Africa Eastern and Southern,2014,1689.98238051624
AFE,Africa Eastern and Southern,2013,1705.83900348854
AFE,Africa Eastern and Southern,2012,1731.86909640114
AFE,Africa Eastern and Southern,2011,1761.83829586572
AFE,Africa Eastern and Southern,2010,1628.76857300184
AFE,Africa Eastern and Southern,2009,1408.61565890435
AFE,Africa Eastern and Southern,2008,1447.42777531825
AFE,Africa Eastern and Southern,2007,1381.4452514345
AFE,Africa Eastern and Southern,2006,1235.17087902029
AFE,Africa Eastern and Southern,2005,1126.29920363201
AFE,Africa Eastern and Southern,2004,989.017114690163
AFE,Africa Eastern and Southern,2003,815.433657549659
AFE,Africa Eastern and Southern,2002,630.513380226995
AFE,Africa Eastern and Southern,2001,625.82886019759
AFE,Africa Eastern and Southern,2000,706.728440776917
AFE,Africa Eastern and Southern,1999,670.425331746839
AFE,Africa Eastern and Southern,1998,697.08057901383
AFE,Africa Eastern and Southern,1997,767.400692604526
AFE,Africa Eastern and Southern,1996,746.78858138152
AFE,Africa Eastern and Southern,1995,766.524210648196
AFE,Africa Eastern and Southern,1994,700.7732953765
AFE,Africa Eastern and Southern,1993,709.324717855605
AFE,Africa Eastern and Southern,1992,732.912138733145
AFE,Africa Eastern and Southern,1991,864.175528692201
AFE,Africa Eastern and Southern,1990,822.404371825312
AFW,Africa Western and Central,2020,2034.43793971923
AFW,Africa Western and Central,2019,2219.41255534667
AFW,Africa Western and Central,2018,1723.11446346681
AFW,Africa Western and Central,2017,1577.20349674013
AFW,Africa Western and Central,2016,1632.42497788744
AFW,Africa Western and Central,2015,1863.40151301991
AFW,Africa Western and Central,2014,2224.32958643376
AFW,Africa Western and Central,2013,2134.24752369303
AFW,Africa Western and Central,2012,1943.37255535786
AFW,Africa Western and Central,2011,1846.10292552744
AFW,Africa Western and Central,2010,1664.49204549878
AFW,Africa Western and Central,2009,1455.22391926317
AFW,Africa Western and Central,2008,1668.61565308526
AFW,Africa Western and Central,2007,1407.72881703262
AFW,Africa Western and Central,2006,1236.31604057497
AFW,Africa Western and Central,2005,1001.134464675
AFW,Africa Western and Central,2004,839.345851531298
AFW,Africa Western and Central,2003,698.41059773746
AFW,Africa Western and Central,2002,620.160708220684
AFW,Africa Western and Central,2001,533.677179675639
AFW,Africa Western and Central,2000,519.642599510731
AFW,Africa Western and Central,1999,524.453105656825
AFW,Africa Western and Central,1998,1142.84454396881
AFW,Africa Western and Central,1997,1093.0671762104
AFW,Africa Western and Central,1996,1070.83624374512
AFW,Africa Western and Central,1995,867.818658269009
AFW,Africa Western and Central,1994,580.801466185621
AFW,Africa Western and Central,1993,575.281709114721
AFW,Africa Western and Central,1992,567.92629883876
AFW,Africa Western and Central,1991,608.66899836783
AFW,Africa Western and Central,1990,593.83151352357
ARB,Arab World,2020,5749.75163256627
ARB,Arab World,2019,6683.67016877686
ARB,Arab World,2018,6708.53121256784
ARB,Arab World,2017,6105.92161804571
ARB,Arab World,2016,6051.26103619544
ARB,Arab World,2015,6299.87807685552
ARB,Arab World,2014,7347.6211570264
ARB,Arab World,2013,7384.79221541888
ARB,Arab World,2012,7392.55638357541
ARB,Arab World,2011,6924.20289420703
ARB,Arab World,2010,5957.50539498481
ARB,Arab World,2009,5142.65633137166
ARB,Arab World,2008,6100.53937632387
ARB,Arab World,2007,4940.70153714799
ARB,Arab World,2006,4355.05761532494
ARB,Arab World,2005,3750.69817199291
ARB,Arab World,2004,3133.70136960221
ARB,Arab World,2003,2696.67250919404
ARB,Arab World,2002,2483.50270297478
ARB,Arab World,2001,2536.15266480025
ARB,Arab World,2000,2664.12544702947
ARB,Arab World,1999,2378.91256945477
ARB,Arab World,1998,2192.58945184653
ARB,Arab World,1997,2305.60949452905
ARB,Arab World,1996,2193.85954411939
ARB,Arab World,1995,2080.99805208098
ARB,Arab World,1994,2018.66808626545
ARB,Arab World,1993,1987.7533220326
ARB,Arab World,1992,1996.28830839149
ARB,Arab World,1991,2048.70583682981
ARB,Arab World,1990,2875.13052297717
CSS,Caribbean small states,2020,11961.4085449634
CSS,Caribbean small states,2019,13995.7626558947
CSS,Caribbean small states,2018,13896.5484095788
CSS,Caribbean small states,2017,13708.7525902396
CSS,Caribbean small states,2016,13377.8260731233
CSS,Caribbean small states,2015,14497.8798625347
CSS,Caribbean small states,2014,14962.943351851
CSS,Caribbean small states,2013,14575.4918879542
CSS,Caribbean small states,2012,14225.6111466707
CSS,Caribbean small states,2011,13503.1582761636
CSS,Caribbean small states,2010,12652.5691256578
CSS,Caribbean small states,2009,11554.0589194758
CSS,Caribbean small states,2008,13890.1303094208
CSS,Caribbean small states,2007,12134.9066978741
CSS,Caribbean small states,2006,10883.0475520742
CSS,Caribbean small states,2005,9439.33720644986
CSS,Caribbean small states,2004,8233.61082543875
CSS,Caribbean small states,2003,7551.08983381761
CSS,Caribbean small states,2002,6903.07418576198
CSS,Caribbean small states,2001,6647.62547849072
CSS,Caribbean small states,2000,6477.26482123395
CSS,Caribbean small states,1999,5959.88473285313
CSS,Caribbean small states,1998,5558.82422899327
CSS,Caribbean small states,1997,5198.5063262239
CSS,Caribbean small states,1996,4424.43957767727
CSS,Caribbean small states,1995,4144.50619583341
CSS,Caribbean small states,1994,3930.33084990997
CSS,Caribbean small states,1993,3698.86380689568
CSS,Caribbean small states,1992,3842.68138532177
CSS,Caribbean small states,1991,3792.22074880024
CSS,Caribbean small states,1990,3713.69534828331
CEB,Central Europe and the Baltics,2020,16581.3833261524
CEB,Central Europe and the Baltics,2019,16534.9661895205
CEB,Central Europe and the Baltics,2018,16227.2845341706
CEB,Central Europe and the Baltics,2017,14339.8488594791
CEB,Central Europe and the Baltics,2016,12874.7280619541
CEB,Central Europe and the Baltics,2015,12596.9151136003
CEB,Central Europe and the Baltics,2014,14208.4390487349
CEB,Central Europe and the Baltics,2013,13712.7077940364
CEB,Central Europe and the Baltics,2012,13104.0873095326
CEB,Central Europe and the Baltics,2011,13997.3297794653
CEB,Central Europe and the Baltics,2010,12635.7782121319
CEB,Central Europe and the Baltics,2009,12302.0593290327
CEB,Central Europe and the Baltics,2008,14534.2467521669
CEB,Central Europe and the Baltics,2007,11906.4959653819
CEB,Central Europe and the Baltics,2006,9337.74049720614
CEB,Central Europe and the Baltics,2005,8223.09810996167
CEB,Central Europe and the Baltics,2004,7046.22188812688
CEB,Central Europe and the Baltics,2003,5828.29660100317
CEB,Central Europe and the Baltics,2002,4843.41064833504
CEB,Central Europe and the Baltics,2001,4274.13236367221
CEB,Central Europe and the Baltics,2000,3880.42695915578
CEB,Central Europe and the Baltics,1999,3909.23972626165
CEB,Central Europe and the Baltics,1998,4053.33261097035
CEB,Central Europe and the Baltics,1997,3704.23882396044
CEB,Central Europe and the Baltics,1996,3750.80309376233
CEB,Central Europe and the Baltics,1995,3539.72488134844
CEB,Central Europe and the Baltics,1994,2767.1681470785
CEB,Central Europe and the Baltics,1993,2432.47857989634
CEB,Central Europe and the Baltics,1992,2291.9023752698
CEB,Central Europe and the Baltics,1991,2210.9787139865
CEB,Central Europe and the Baltics,1990,2499.27257852336
EAR,Early-demographic dividend,2020,3185.49787368673
EAR,Early-demographic dividend,2019,3481.75530893525
EAR,Early-demographic dividend,2018,3460.86264008666
EAR,Early-demographic dividend,2017,3457.91719451195
EAR,Early-demographic dividend,2016,3227.64814256759
EAR,Early-demographic dividend,2015,3178.86716124226
EAR,Early-demographic dividend,2014,3351.66429566368
EAR,Early-demographic dividend,2013,3332.30407501939
EAR,Early-demographic dividend,2012,3362.32207931577
EAR,Early-demographic dividend,2011,3266.19695006658
EAR,Early-demographic dividend,2010,2941.65330428569
EAR,Early-demographic dividend,2009,2458.1646507679
EAR,Early-demographic dividend,2008,2595.48033593556
EAR,Early-demographic dividend,2007,2342.58782127684
EAR,Early-demographic dividend,2006,2011.02350805054
EAR,Early-demographic dividend,2005,1788.22041048826
EAR,Early-demographic dividend,2004,1563.0603884093
EAR,Early-demographic dividend,2003,1368.4299919013
EAR,Early-demographic dividend,2002,1251.30345037129
EAR,Early-demographic dividend,2001,1311.07657774218
EAR,Early-demographic dividend,2000,1346.19872596642
EAR,Early-demographic dividend,1999,1255.03001584819
EAR,Early-demographic dividend,1998,1209.04711676805
EAR,Early-demographic dividend,1997,1278.95401047812
EAR,Early-demographic dividend,1996,1221.85674920977
EAR,Early-demographic dividend,1995,1150.88588898384
EAR,Early-demographic dividend,1994,1122.64103842201
EAR,Early-demographic dividend,1993,1090.28777962646
EAR,Early-demographic dividend,1992,1032.29006470987
EAR,Early-demographic dividend,1991,971.300795968623
EAR,Early-demographic dividend,1990,936.971161054012
EAS,East Asia & Pacific,2020,11697.5156784805
EAS,East Asia & Pacific,2019,11677.4429355606
EAS,East Asia & Pacific,2018,11487.5096772887
EAS,East Asia & Pacific,2017,10612.7930790259
EAS,East Asia & Pacific,2016,10011.552668647
EAS,East Asia & Pacific,2015,9730.64405529046
EAS,East Asia & Pacific,2014,9832.43196516945
EAS,East Asia & Pacific,2013,9580.35094813005
EAS,East Asia & Pacific,2012,9534.44491469921
EAS,East Asia & Pacific,2011,8976.49484706491
EAS,East Asia & Pacific,2010,7808.0701040139
EAS,East Asia & Pacific,2009,6735.16059526359
EAS,East Asia & Pacific,2008,6593.64477271098
EAS,East Asia & Pacific,2007,5760.12938767038
EAS,East Asia & Pacific,2006,5191.90669962482
EAS,East Asia & Pacific,2005,4931.62605587014
EAS,East Asia & Pacific,2004,4657.50834759879
EAS,East Asia & Pacific,2003,4188.46280036812
EAS,East Asia & Pacific,2002,3844.08681401566
EAS,East Asia & Pacific,2001,3814.30946425229
EAS,East Asia & Pacific,2000,4139.47126719887
EAS,East Asia & Pacific,1999,3853.87131218353
EAS,East Asia & Pacific,1998,3485.79169743958
EAS,East Asia & Pacific,1997,3953.64180360822
EAS,East Asia & Pacific,1996,4187.95909567642
EAS,East Asia & Pacific,1995,4393.56161823586
EAS,East Asia & Pacific,1994,3927.62156525348
EAS,East Asia & Pacific,1993,3556.03095251249
EAS,East Asia & Pacific,1992,3219.10194220305
EAS,East Asia & Pacific,1991,2984.56406592681
EAS,East Asia & Pacific,1990,2679.40356846417
EAP,East Asia & Pacific (excluding high income),2020,8391.23898302179
EAP,East Asia & Pacific (excluding high income),2019,8286.45749748666
EAP,East Asia & Pacific (excluding high income),2018,8046.00446277369
EAP,East Asia & Pacific (excluding high income),2017,7241.98321346974
EAP,East Asia & Pacific (excluding high income),2016,6683.23529656879
EAP,East Asia & Pacific (excluding high income),2015,6589.81824245918
EAP,East Asia & Pacific (excluding high income),2014,6373.70120967496
EAP,East Asia & Pacific (excluding high income),2013,5952.82148677207
EAP,East Asia & Pacific (excluding high income),2012,5434.82585097081
EAP,East Asia & Pacific (excluding high income),2011,4913.89455378862
EAP,East Asia & Pacific (excluding high income),2010,4057.8659052455
EAP,East Asia & Pacific (excluding high income),2009,3359.51841456412
EAP,East Asia & Pacific (excluding high income),2008,3117.832791739
EAP,East Asia & Pacific (excluding high income),2007,2481.38755806042
EAP,East Asia & Pacific (excluding high income),2006,1976.632047491
EAP,East Asia & Pacific (excluding high income),2005,1653.67971343756
EAP,East Asia & Pacific (excluding high income),2004,1439.93214544909
EAP,East Asia & Pacific (excluding high income),2003,1251.27771537034
EAP,East Asia & Pacific (excluding high income),2002,1113.99915248458
EAP,East Asia & Pacific (excluding high income),2001,1014.52467005611
EAP,East Asia & Pacific (excluding high income),2000,961.301422356711
EAP,East Asia & Pacific (excluding high income),1999,881.635750173618
EAP,East Asia & Pacific (excluding high income),1998,809.007580492877
EAP,East Asia & Pacific (excluding high income),1997,895.628860799956
EAP,East Asia & Pacific (excluding high income),1996,876.038021480281
EAP,East Asia & Pacific (excluding high income),1995,772.30460205545
EAP,East Asia & Pacific (excluding high income),1994,634.195222952685
EAP,East Asia & Pacific (excluding high income),1993,533.886061731311
EAP,East Asia & Pacific (excluding high income),1992,493.060883694191
EAP,East Asia & Pacific (excluding high income),1991,445.804753221262
EAP,East Asia & Pacific (excluding high income),1990,416.938782261111
TEA,East Asia & Pacific (IDA & IBRD countries),2020,8485.28948088661
TEA,East Asia & Pacific (IDA & IBRD countries),2019,8379.42503514668
TEA,East Asia & Pacific (IDA & IBRD countries),2018,8136.42934013947
TEA,East Asia & Pacific (IDA & IBRD countries),2017,7323.57112357326
TEA,East Asia & Pacific (IDA & IBRD countries),2016,6758.79473763568
TEA,East Asia & Pacific (IDA & IBRD countries),2015,6664.53447337008
TEA,East Asia & Pacific (IDA & IBRD countries),2014,6446.18938511466
TEA,East Asia & Pacific (IDA & IBRD countries),2013,6020.77821511419
TEA,East Asia & Pacific (IDA & IBRD countries),2012,5497.15541159145
TEA,East Asia & Pacific (IDA & IBRD countries),2011,4970.50414407986
TEA,East Asia & Pacific (IDA & IBRD countries),2010,4104.80139766727
TEA,East Asia & Pacific (IDA & IBRD countries),2009,3398.52810801107
TEA,East Asia & Pacific (IDA & IBRD countries),2008,3154.16917322889
TEA,East Asia & Pacific (IDA & IBRD countries),2007,2510.42063084895
TEA,East Asia & Pacific (IDA & IBRD countries),2006,1999.8599576078
TEA,East Asia & Pacific (IDA & IBRD countries),2005,1673.18872013796
TEA,East Asia & Pacific (IDA & IBRD countries),2004,1456.9669469541
TEA,East Asia & Pacific (IDA & IBRD countries),2003,1266.10778868123
TEA,East Asia & Pacific (IDA & IBRD countries),2002,1127.25093373191
TEA,East Asia & Pacific (IDA & IBRD countries),2001,1026.64920971957
TEA,East Asia & Pacific (IDA & IBRD countries),2000,972.833173903317
TEA,East Asia & Pacific (IDA & IBRD countries),1999,892.251747167714
TEA,East Asia & Pacific (IDA & IBRD countries),1998,818.793324750308
TEA,East Asia & Pacific (IDA & IBRD countries),1997,906.493021348914
TEA,East Asia & Pacific (IDA & IBRD countries),1996,886.701839758086
TEA,East Asia & Pacific (IDA & IBRD countries),1995,781.740273009877
TEA,East Asia & Pacific (IDA & IBRD countries),1994,641.960437587346
TEA,East Asia & Pacific (IDA & IBRD countries),1993,540.427508690315
TEA,East Asia & Pacific (IDA & IBRD countries),1992,499.112755101956
TEA,East Asia & Pacific (IDA & IBRD countries),1991,451.285275077955
TEA,East Asia & Pacific (IDA & IBRD countries),1990,422.071410076562
EMU,Euro area,2020,37727.4543067337
EMU,Euro area,2019,38679.6118917933
EMU,Euro area,2018,39562.0814189751
EMU,Euro area,2017,36691.2109171985
EMU,Euro area,2016,34690.2425639991
EMU,Euro area,2015,33928.614137702
EMU,Euro area,2014,39333.1197168101
EMU,Euro area,2013,38455.0565897822
EMU,Euro area,2012,36851.3355744745
EMU,Euro area,2011,39878.1184039802
EMU,Euro area,2010,36841.2601014872
EMU,Euro area,2009,37790.1201693815
EMU,Euro area,2008,41406.6598917961
EMU,Euro area,2007,37801.9316069832
EMU,Euro area,2006,32961.2886272812
EMU,Euro area,2005,31116.2703580738
EMU,Euro area,2004,30138.8874750838
EMU,Euro area,2003,26413.8767866986
EMU,Euro area,2002,21551.1260975546
EMU,Euro area,2001,19818.819395825
EMU,Euro area,2000,19563.0908791645
EMU,Euro area,1999,21480.4042154564
EMU,Euro area,1998,21618.3263202496
EMU,Euro area,1997,21057.8481909895
EMU,Euro area,1996,23072.6626954157
EMU,Euro area,1995,22873.5191280329
EMU,Euro area,1994,19839.9370690858
EMU,Euro area,1993,18837.4067947552
EMU,Euro area,1992,20643.6856300826
EMU,Euro area,1991,18809.9990518142
EMU,Euro area,1990,18258.7328576163
ECS,Europe & Central Asia,2020,24187.2451763556
ECS,Europe & Central Asia,2019,25045.1218961925
ECS,Europe & Central Asia,2018,25435.6875035469
ECS,Europe & Central Asia,2017,23839.7319723826
ECS,Europe & Central Asia,2016,22554.6821198127
ECS,Europe & Central Asia,2015,22742.4739859372
ECS,Europe & Central Asia,2014,26517.017870416
ECS,Europe & Central Asia,2013,26236.2854279738
ECS,Europe & Central Asia,2012,25199.9785660563
ECS,Europe & Central Asia,2011,26273.0443343471
ECS,Europe & Central Asia,2010,23731.6668640025
ECS,Europe & Central Asia,2009,23278.878278705
ECS,Europe & Central Asia,2008,26536.4846361214
ECS,Europe & Central Asia,2007,24200.3324793455
ECS,Europe & Central Asia,2006,20762.3175860338
ECS,Europe & Central Asia,2005,19220.7137732995
ECS,Europe & Central Asia,2004,18104.0502985006
ECS,Europe & Central Asia,2003,15575.04178024
ECS,Europe & Central Asia,2002,12842.35970826
ECS,Europe & Central Asia,2001,11750.2018063072
ECS,Europe & Central Asia,2000,11645.6378071747
ECS,Europe & Central Asia,1999,12364.1142687842
ECS,Europe & Central Asia,1998,12507.2303020457
ECS,Europe & Central Asia,1997,12296.6082530758
ECS,Europe & Central Asia,1996,12970.5621854783
ECS,Europe & Central Asia,1995,12729.1087220097
ECS,Europe & Central Asia,1994,10968.7352169064
ECS,Europe & Central Asia,1993,10514.3970320345
ECS,Europe & Central Asia,1992,11479.8595799327
ECS,Europe & Central Asia,1991,10761.2097886693
ECS,Europe & Central Asia,1990,10503.7600887222
ECA,Europe & Central Asia (excluding high income),2020,5734.46191312695
ECA,Europe & Central Asia (excluding high income),2019,6036.15175345642
ECA,Europe & Central Asia (excluding high income),2018,5947.15360517457
ECA,Europe & Central Asia (excluding high income),2017,6129.93083517607
ECA,Europe & Central Asia (excluding high income),2016,6023.54753164072
ECA,Europe & Central Asia (excluding high income),2015,6338.80741019255
ECA,Europe & Central Asia (excluding high income),2014,7334.84338588205
ECA,Europe & Central Asia (excluding high income),2013,7707.27955254226
ECA,Europe & Central Asia (excluding high income),2012,7126.81359535263
ECA,Europe & Central Asia (excluding high income),2011,6817.02366099691
ECA,Europe & Central Asia (excluding high income),2010,6044.40742137607
ECA,Europe & Central Asia (excluding high income),2009,5125.28238536429
ECA,Europe & Central Asia (excluding high income),2008,6191.2490187656
ECA,Europe & Central Asia (excluding high income),2007,5206.58156726071
ECA,Europe & Central Asia (excluding high income),2006,4142.51945509226
ECA,Europe & Central Asia (excluding high income),2005,3576.78042249065
ECA,Europe & Central Asia (excluding high income),2004,2883.61748103773
ECA,Europe & Central Asia (excluding high income),2003,2249.77906607995
ECA,Europe & Central Asia (excluding high income),2002,1771.95605994237
ECA,Europe & Central Asia (excluding high income),2001,1529.6291666061
ECA,Europe & Central Asia (excluding high income),2000,1790.79766009483
ECA,Europe & Central Asia (excluding high income),1999,1767.13891863606
ECA,Europe & Central Asia (excluding high income),1998,1940.96560638764
ECA,Europe & Central Asia (excluding high income),1997,1941.27899199953
ECA,Europe & Central Asia (excluding high income),1996,1830.62568184199
ECA,Europe & Central Asia (excluding high income),1995,1737.91189047557
ECA,Europe & Central Asia (excluding high income),1994,1239.77436517096
ECA,Europe & Central Asia (excluding high income),1993,1589.72540599857
ECA,Europe & Central Asia (excluding high income),1992,1549.08489003128
ECA,Europe & Central Asia (excluding high income),1991,1622.93793152318
ECA,Europe & Central Asia (excluding high income),1990,1700.96139909728
TEC,Europe & Central Asia (IDA & IBRD countries),2020,8455.78453528889
TEC,Europe & Central Asia (IDA & IBRD countries),2019,9040.92665915657
TEC,Europe & Central Asia (IDA & IBRD countries),2018,8885.56352555245
TEC,Europe & Central Asia (IDA & IBRD countries),2017,8571.09823045668
TEC,Europe & Central Asia (IDA & IBRD countries),2016,7679.02768410566
TEC,Europe & Central Asia (IDA & IBRD countries),2015,8034.6842596255
TEC,Europe & Central Asia (IDA & IBRD countries),2014,10330.3982164695
TEC,Europe & Central Asia (IDA & IBRD countries),2013,10986.3954318467
TEC,Europe & Central Asia (IDA & IBRD countries),2012,10435.8086234655
TEC,Europe & Central Asia (IDA & IBRD countries),2011,10044.9046719064
TEC,Europe & Central Asia (IDA & IBRD countries),2010,8293.77511577841
TEC,Europe & Central Asia (IDA & IBRD countries),2009,7074.11060707405
TEC,Europe & Central Asia (IDA & IBRD countries),2008,8951.35076734201
TEC,Europe & Central Asia (IDA & IBRD countries),2007,7247.0818892658
TEC,Europe & Central Asia (IDA & IBRD countries),2006,5633.02971807333
TEC,Europe & Central Asia (IDA & IBRD countries),2005,4660.83802232756
TEC,Europe & Central Asia (IDA & IBRD countries),2004,3723.46934484203
TEC,Europe & Central Asia (IDA & IBRD countries),2003,2879.67149467058
TEC,Europe & Central Asia (IDA & IBRD countries),2002,2340.84304586083
TEC,Europe & Central Asia (IDA & IBRD countries),2001,2080.99745064169
TEC,Europe & Central Asia (IDA & IBRD countries),2000,2044.36249557921
TEC,Europe & Central Asia (IDA & IBRD countries),1999,1878.80070824489
TEC,Europe & Central Asia (IDA & IBRD countries),1998,2165.17962536191
TEC,Europe & Central Asia (IDA & IBRD countries),1997,2408.24273793154
TEC,Europe & Central Asia (IDA & IBRD countries),1996,2329.88113193067
TEC,Europe & Central Asia (IDA & IBRD countries),1995,2264.49360886538
TEC,Europe & Central Asia (IDA & IBRD countries),1994,1896.40732020919
TEC,Europe & Central Asia (IDA & IBRD countries),1993,2107.48545754442
TEC,Europe & Central Asia (IDA & IBRD countries),1992,2135.38646376765
TEC,Europe & Central Asia (IDA & IBRD countries),1991,2312.75033373274
TEC,Europe & Central Asia (IDA & IBRD countries),1990,2374.64061502214
EUU,European Union,2020,34694.7105012203
EUU,European Union,2019,35374.1493923083
EUU,European Union,2018,36076.9018014875
EUU,European Union,2017,33394.5944932308
EUU,European Union,2016,31456.903580129
EUU,European Union,2015,30771.6635221374
EUU,European Union,2014,35590.1074295737
EUU,European Union,2013,34804.7359239781
EUU,European Union,2012,33324.7758491129
EUU,European Union,2011,35963.3218067157
EUU,European Union,2010,33119.5730126034
EUU,European Union,2009,33632.1592985196
EUU,European Union,2008,37160.0102168184
EUU,European Union,2007,33682.862816778
EUU,European Union,2006,29169.3897071187
EUU,European Union,2005,27400.009679177
EUU,European Union,2004,26335.8502555339
EUU,European Union,2003,22991.2367735241
EUU,European Union,2002,18773.5039434434
EUU,European Union,2001,17208.9035778997
EUU,European Union,2000,16956.0404946054
EUU,European Union,1999,18484.0156830483
EUU,European Union,1998,18600.0115487639
EUU,European Union,1997,18080.0132985066
EUU,European Union,1996,19740.4112006281
EUU,European Union,1995,19456.321194454
EUU,European Union,1994,16816.1645936426
EUU,European Union,1993,15902.3176943965
EUU,European Union,1992,17463.5343647004
EUU,European Union,1991,15946.1002306568
EUU,European Union,1990,15480.5584700599
HPC,Heavily indebted poor countries (HIPC),2020,963.808519118256
HPC,Heavily indebted poor countries (HIPC),2019,984.553372875279
HPC,Heavily indebted poor countries (HIPC),2018,986.447970381036
HPC,Heavily indebted poor countries (HIPC),2017,944.105800649501
HPC,Heavily indebted poor countries (HIPC),2016,895.291971418288
HPC,Heavily indebted poor countries (HIPC),2015,917.924140878178
HPC,Heavily indebted poor countries (HIPC),2014,987.602359884364
HPC,Heavily indebted poor countries (HIPC),2013,961.217621514844
HPC,Heavily indebted poor countries (HIPC),2012,881.63617561985
HPC,Heavily indebted poor countries (HIPC),2011,873.650099679893
HPC,Heavily indebted poor countries (HIPC),2010,812.484497775064
HPC,Heavily indebted poor countries (HIPC),2009,765.227759350497
HPC,Heavily indebted poor countries (HIPC),2008,797.853979826874
HPC,Heavily indebted poor countries (HIPC),2007,688.798854303596
HPC,Heavily indebted poor countries (HIPC),2006,593.589508638215
HPC,Heavily indebted poor countries (HIPC),2005,520.051978903637
HPC,Heavily indebted poor countries (HIPC),2004,462.69284908131
HPC,Heavily indebted poor countries (HIPC),2003,413.081573267984
HPC,Heavily indebted poor countries (HIPC),2002,374.815740144912
HPC,Heavily indebted poor countries (HIPC),2001,355.439130988616
HPC,Heavily indebted poor countries (HIPC),2000,377.738635531548
HPC,Heavily indebted poor countries (HIPC),1999,359.326174564028
HPC,Heavily indebted poor countries (HIPC),1998,367.888388003025
HPC,Heavily indebted poor countries (HIPC),1997,365.61257140559
HPC,Heavily indebted poor countries (HIPC),1996,359.139742470642
HPC,Heavily indebted poor countries (HIPC),1995,337.839583299933
HPC,Heavily indebted poor countries (HIPC),1994,298.852695048567
HPC,Heavily indebted poor countries (HIPC),1993,360.050431569187
HPC,Heavily indebted poor countries (HIPC),1992,358.038553004339
HPC,Heavily indebted poor countries (HIPC),1991,485.05623017393
HPC,Heavily indebted poor countries (HIPC),1990,457.829149694357
IBD,IBRD only,2020,6189.46595997499
IBD,IBRD only,2019,6474.8042775296
IBD,IBRD only,2018,6392.20731313147
IBD,IBRD only,2017,6053.47287028012
IBD,IBRD only,2016,5535.21577803788
IBD,IBRD only,2015,5546.81934137697
IBD,IBRD only,2014,5950.16216217417
IBD,IBRD only,2013,5846.25966334365
IBD,IBRD only,2012,5618.13811823482
IBD,IBRD only,2011,5343.53397444837
IBD,IBRD only,2010,4561.8882339923
IBD,IBRD only,2009,3790.75249729841
IBD,IBRD only,2008,3945.34608241117
IBD,IBRD only,2007,3321.08172264245
IBD,IBRD only,2006,2700.5584752855
IBD,IBRD only,2005,2300.5584330495
IBD,IBRD only,2004,1947.23507651148
IBD,IBRD only,2003,1652.80727671574
IBD,IBRD only,2002,1487.72265916078
IBD,IBRD only,2001,1481.39214433174
IBD,IBRD only,2000,1477.69267353361
IBD,IBRD only,1999,1374.62300047243
IBD,IBRD only,1998,1428.92524053517
IBD,IBRD only,1997,1506.90776939703
IBD,IBRD only,1996,1440.00849018033
IBD,IBRD only,1995,1337.83553415736
IBD,IBRD only,1994,1179.81975453589
IBD,IBRD only,1993,1084.94374892749
IBD,IBRD only,1992,1034.41259415271
IBD,IBRD only,1991,1005.73004680055
IBD,IBRD only,1990,1053.45072478615
IBT,IDA & IBRD total,2020,4923.39708871472
IBT,IDA & IBRD total,2019,5168.03480575859
IBT,IDA & IBRD total,2018,5085.0801851085
IBT,IDA & IBRD total,2017,4833.02970118676
IBT,IDA & IBRD total,2016,4450.00988856601
IBT,IDA & IBRD total,2015,4477.24409653758
IBT,IDA & IBRD total,2014,4804.51316862211
IBT,IDA & IBRD total,2013,4717.03916410479
IBT,IDA & IBRD total,2012,4533.14634719975
IBT,IDA & IBRD total,2011,4326.07595088347
IBT,IDA & IBRD total,2010,3717.27572230721
IBT,IDA & IBRD total,2009,3109.97518704155
IBT,IDA & IBRD total,2008,3246.16083645656
IBT,IDA & IBRD total,2007,2742.89733889853
IBT,IDA & IBRD total,2006,2247.88945009061
IBT,IDA & IBRD total,2005,1919.85540188438
IBT,IDA & IBRD total,2004,1633.26981850024
IBT,IDA & IBRD total,2003,1392.51743382731
IBT,IDA & IBRD total,2002,1256.74155740893
IBT,IDA & IBRD total,2001,1248.9779659314
IBT,IDA & IBRD total,2000,1251.89644845646
IBT,IDA & IBRD total,1999,1162.82107447661
IBT,IDA & IBRD total,1998,1239.94882005864
IBT,IDA & IBRD total,1997,1301.14093691898
IBT,IDA & IBRD total,1996,1248.05283536482
IBT,IDA & IBRD total,1995,1156.83287913201
IBT,IDA & IBRD total,1994,1018.02309960695
IBT,IDA & IBRD total,1993,943.632238221337
IBT,IDA & IBRD total,1992,902.964360597351
IBT,IDA & IBRD total,1991,893.277467173485
IBT,IDA & IBRD total,1990,927.838550786246
IDB,IDA blend,2020,2014.81189013082
IDB,IDA blend,2019,2210.55539131628
IDB,IDA blend,2018,1873.7385939606
IDB,IDA blend,2017,1808.86674135882
IDB,IDA blend,2016,1810.82104602308
IDB,IDA blend,2015,1967.8941145813
IDB,IDA blend,2014,2113.88702279641
IDB,IDA blend,2013,1985.51999918718
IDB,IDA blend,2012,1858.79619423645
IDB,IDA blend,2011,1719.51377446132
IDB,IDA blend,2010,1546.66486887393
IDB,IDA blend,2009,1350.16810895914
IDB,IDA blend,2008,1479.93269655131
IDB,IDA blend,2007,1296.2173611862
IDB,IDA blend,2006,1148.89181901573
IDB,IDA blend,2005,957.944483664019
IDB,IDA blend,2004,837.139763788514
IDB,IDA blend,2003,712.277506392089
IDB,IDA blend,2002,644.972024028045
IDB,IDA blend,2001,602.892871771324
IDB,IDA blend,2000,619.821306061985
IDB,IDA blend,1999,530.021605991589
IDB,IDA blend,1998,964.268672872189
IDB,IDA blend,1997,943.89510994302
IDB,IDA blend,1996,925.698418754674
IDB,IDA blend,1995,774.076600795021
IDB,IDA blend,1994,568.239663876701
IDB,IDA blend,1993,535.686222828689
IDB,IDA blend,1992,519.434174296556
IDB,IDA blend,1991,549.405337140446
IDB,IDA blend,1990,529.418516423727
IDX,IDA only,2020,1172.52623503626
IDX,IDA only,2019,1187.14057928369
IDX,IDA only,2018,1159.99786764696
IDX,IDA only,2017,1111.6681922431
IDX,IDA only,2016,1054.71572764683
IDX,IDA only,2015,1024.03892548547
IDX,IDA only,2014,1049.90073249233
IDX,IDA only,2013,1006.28967463937
IDX,IDA only,2012,945.920267718204
IDX,IDA only,2011,961.703390548921
IDX,IDA only,2010,877.931098861538
IDX,IDA only,2009,784.649862360077
IDX,IDA only,2008,791.399137322918
IDX,IDA only,2007,667.193009421069
IDX,IDA only,2006,574.088143326774
IDX,IDA only,2005,507.282797445149
IDX,IDA only,2004,449.904326574615
IDX,IDA only,2003,405.965046031424
IDX,IDA only,2002,369.922434331718
IDX,IDA only,2001,356.699060688205
IDX,IDA only,2000,373.051251961926
IDX,IDA only,1999,345.941493745268
IDX,IDA only,1998,344.631431908226
IDX,IDA only,1997,342.673098732758
IDX,IDA only,1996,335.77328583852
IDX,IDA only,1995,326.466238897902
IDX,IDA only,1994,322.939159286334
IDX,IDA only,1993,336.008982483225
IDX,IDA only,1992,330.839597372872
IDX,IDA only,1991,408.36749317152
IDX,IDA only,1990,384.274460421494
IDA,IDA total,2020,1467.74475406134
IDA,IDA total,2019,1546.57261928545
IDA,IDA total,2018,1411.20738303305
IDA,IDA total,2017,1357.47789528252
IDA,IDA total,2016,1321.74768141485
IDA,IDA total,2015,1357.9051932623
IDA,IDA total,2014,1426.50032692763
IDA,IDA total,2013,1352.92860920219
IDA,IDA total,2012,1268.90303240531
IDA,IDA total,2011,1229.70549062646
IDA,IDA total,2010,1114.11982511932
IDA,IDA total,2009,983.967184072154
IDA,IDA total,2008,1033.53201301258
IDA,IDA total,2007,888.098620952193
IDA,IDA total,2006,775.720250575223
IDA,IDA total,2005,664.968624835506
IDA,IDA total,2004,585.169295585171
IDA,IDA total,2003,512.591796853946
IDA,IDA total,2002,465.592286036378
IDA,IDA total,2001,442.155782696439
IDA,IDA total,2000,458.450137815774
IDA,IDA total,1999,409.120311050721
IDA,IDA total,1998,562.035768974593
IDA,IDA total,1997,553.28408384609
IDA,IDA total,1996,542.179389989098
IDA,IDA total,1995,482.466076552497
IDA,IDA total,1994,407.473154884272
IDA,IDA total,1993,404.338000670561
IDA,IDA total,1992,395.285753593956
IDA,IDA total,1991,455.440848252384
IDA,IDA total,1990,432.75805991946
LTE,Late-demographic dividend,2020,9874.06805462328
LTE,Late-demographic dividend,2019,10120.4663725773
LTE,Late-demographic dividend,2018,9966.8758096194
LTE,Late-demographic dividend,2017,9138.44151395876
LTE,Late-demographic dividend,2016,8297.33628667142
LTE,Late-demographic dividend,2015,8331.63288950883
LTE,Late-demographic dividend,2014,8923.25719295961
LTE,Late-demographic dividend,2013,8644.25759929064
LTE,Late-demographic dividend,2012,8073.2092545931
LTE,Late-demographic dividend,2011,7598.75700554996
LTE,Late-demographic dividend,2010,6277.14833950582
LTE,Late-demographic dividend,2009,5245.34288910066
LTE,Late-demographic dividend,2008,5453.26292482574
LTE,Late-demographic dividend,2007,4409.30545340337
LTE,Late-demographic dividend,2006,3519.25786036637
LTE,Late-demographic dividend,2005,2933.48126780409
LTE,Late-demographic dividend,2004,2447.19375720562
LTE,Late-demographic dividend,2003,2048.6554132749
LTE,Late-demographic dividend,2002,1809.49031464168
LTE,Late-demographic dividend,2001,1717.76267736624
LTE,Late-demographic dividend,2000,1673.00080694053
LTE,Late-demographic dividend,1999,1535.05536307576
LTE,Late-demographic dividend,1998,1675.38148049528
LTE,Late-demographic dividend,1997,1754.32009008299
LTE,Late-demographic dividend,1996,1691.02600024159
LTE,Late-demographic dividend,1995,1548.57473266806
LTE,Late-demographic dividend,1994,1262.70484955784
LTE,Late-demographic dividend,1993,1099.45841793046
LTE,Late-demographic dividend,1992,1067.83962817928
LTE,Late-demographic dividend,1991,1059.6882498038
LTE,Late-demographic dividend,1990,1067.64969437387
LCN,Latin America & Caribbean,2020,7169.39235876452
LCN,Latin America & Caribbean,2019,8539.95940708219
LCN,Latin America & Caribbean,2018,8778.55673829884
LCN,Latin America & Caribbean,2017,9065.82390216762
LCN,Latin America & Caribbean,2016,8241.51169070648
LCN,Latin America & Caribbean,2015,8546.9179023802
LCN,Latin America & Caribbean,2014,10146.146495038
LCN,Latin America & Caribbean,2013,10305.4184021496
LCN,Latin America & Caribbean,2012,10328.6495660788
LCN,Latin America & Caribbean,2011,10334.0365238871
LCN,Latin America & Caribbean,2010,9183.55248272126
LCN,Latin America & Caribbean,2009,7495.05965615866
LCN,Latin America & Caribbean,2008,8077.96531899755
LCN,Latin America & Caribbean,2007,7035.79956287181
LCN,Latin America & Caribbean,2006,6047.73392908046
LCN,Latin America & Caribbean,2005,5229.89898576251
LCN,Latin America & Caribbean,2004,4385.89830635252
LCN,Latin America & Caribbean,2003,3862.13749613595
LCN,Latin America & Caribbean,2002,3839.19614822294
LCN,Latin America & Caribbean,2001,4326.63992053347
LCN,Latin America & Caribbean,2000,4472.58411072464
LCN,Latin America & Caribbean,1999,4110.68199542748
LCN,Latin America & Caribbean,1998,4618.20513526671
LCN,Latin America & Caribbean,1997,4634.23732680623
LCN,Latin America & Caribbean,1996,4294.36511838964
LCN,Latin America & Caribbean,1995,4035.54735251588
LCN,Latin America & Caribbean,1994,3793.9216892115
LCN,Latin America & Caribbean,1993,3303.33661640606
LCN,Latin America & Caribbean,1992,2841.12826756989
LCN,Latin America & Caribbean,1991,2648.10158385713
LCN,Latin America & Caribbean,1990,2498.3093493781
LAC,Latin America & Caribbean (excluding high income),2020,6651.15822114273
LAC,Latin America & Caribbean (excluding high income),2019,8006.02224102566
LAC,Latin America & Caribbean (excluding high income),2018,8231.91428708974
LAC,Latin America & Caribbean (excluding high income),2017,8568.05689042807
LAC,Latin America & Caribbean (excluding high income),2016,7751.59336930245
LAC,Latin America & Caribbean (excluding high income),2015,8087.33242325425
LAC,Latin America & Caribbean (excluding high income),2014,9758.39172353217
LAC,Latin America & Caribbean (excluding high income),2013,9901.44144000481
LAC,Latin America & Caribbean (excluding high income),2012,9967.79376326951
LAC,Latin America & Caribbean (excluding high income),2011,10025.1749134261
LAC,Latin America & Caribbean (excluding high income),2010,8899.0906686542
LAC,Latin America & Caribbean (excluding high income),2009,7221.64357521268
LAC,Latin America & Caribbean (excluding high income),2008,7812.5897626227
LAC,Latin America & Caribbean (excluding high income),2007,6758.18967480352
LAC,Latin America & Caribbean (excluding high income),2006,5770.60290833363
LAC,Latin America & Caribbean (excluding high income),2005,4984.72783651475
LAC,Latin America & Caribbean (excluding high income),2004,4155.65949507287
LAC,Latin America & Caribbean (excluding high income),2003,3662.99926133031
LAC,Latin America & Caribbean (excluding high income),2002,3657.85196421423
LAC,Latin America & Caribbean (excluding high income),2001,4163.09141082413
LAC,Latin America & Caribbean (excluding high income),2000,4315.31686378392
LAC,Latin America & Caribbean (excluding high income),1999,3943.31466505042
LAC,Latin America & Caribbean (excluding high income),1998,4475.19866588809
LAC,Latin America & Caribbean (excluding high income),1997,4501.26562956772
LAC,Latin America & Caribbean (excluding high income),1996,4173.97747745976
LAC,Latin America & Caribbean (excluding high income),1995,3913.74945087913
LAC,Latin America & Caribbean (excluding high income),1994,3703.52210509094
LAC,Latin America & Caribbean (excluding high income),1993,3211.20878581133
LAC,Latin America & Caribbean (excluding high income),1992,2735.86952757135
LAC,Latin America & Caribbean (excluding high income),1991,2561.22013789974
LAC,Latin America & Caribbean (excluding high income),1990,2423.82986300179
TLA,Latin America & the Caribbean (IDA & IBRD countries),2020,6965.15053129735
TLA,Latin America & the Caribbean (IDA & IBRD countries),2019,8363.2081656376
TLA,Latin America & the Caribbean (IDA & IBRD countries),2018,8620.65095771156
TLA,Latin America & the Caribbean (IDA & IBRD countries),2017,8918.58515585187
TLA,Latin America & the Caribbean (IDA & IBRD countries),2016,8082.0851229591
TLA,Latin America & the Caribbean (IDA & IBRD countries),2015,8404.04978849744
TLA,Latin America & the Caribbean (IDA & IBRD countries),2014,10059.0239257076
TLA,Latin America & the Caribbean (IDA & IBRD countries),2013,10230.3626492605
TLA,Latin America & the Caribbean (IDA & IBRD countries),2012,10261.7354879621
TLA,Latin America & the Caribbean (IDA & IBRD countries),2011,10277.434412177
TLA,Latin America & the Caribbean (IDA & IBRD countries),2010,9115.37372505227
TLA,Latin America & the Caribbean (IDA & IBRD countries),2009,7386.60044484214
TLA,Latin America & the Caribbean (IDA & IBRD countries),2008,7989.38012096582
TLA,Latin America & the Caribbean (IDA & IBRD countries),2007,6927.88293213364
TLA,Latin America & the Caribbean (IDA & IBRD countries),2006,5926.88235769307
TLA,Latin America & the Caribbean (IDA & IBRD countries),2005,5103.97071369353
TLA,Latin America & the Caribbean (IDA & IBRD countries),2004,4252.8384478077
TLA,Latin America & the Caribbean (IDA & IBRD countries),2003,3728.7274317918
TLA,Latin America & the Caribbean (IDA & IBRD countries),2002,3714.37478753607
TLA,Latin America & the Caribbean (IDA & IBRD countries),2001,4222.97448407526
TLA,Latin America & the Caribbean (IDA & IBRD countries),2000,4388.92619654046
TLA,Latin America & the Caribbean (IDA & IBRD countries),1999,4029.14285007531
TLA,Latin America & the Caribbean (IDA & IBRD countries),1998,4563.93952667197
TLA,Latin America & the Caribbean (IDA & IBRD countries),1997,4593.58561869128
TLA,Latin America & the Caribbean (IDA & IBRD countries),1996,4255.85859434658
TLA,Latin America & the Caribbean (IDA & IBRD countries),1995,3983.20860877186
TLA,Latin America & the Caribbean (IDA & IBRD countries),1994,3744.60852665502
TLA,Latin America & the Caribbean (IDA & IBRD countries),1993,3258.75748628284
TLA,Latin America & the Caribbean (IDA & IBRD countries),1992,2787.66132657122
TLA,Latin America & the Caribbean (IDA & IBRD countries),1991,2587.87278904436
TLA,Latin America & the Caribbean (IDA & IBRD countries),1990,2425.77128166682
LDC,Least developed countries: UN classification,2020,1089.46260850363
LDC,Least developed countries: UN classification,2019,1106.28664072321
LDC,Least developed countries: UN classification,2018,1082.35070462921
LDC,Least developed countries: UN classification,2017,1037.25514816682
LDC,Least developed countries: UN classification,2016,968.123330592586
LDC,Least developed countries: UN classification,2015,983.414934367096
LDC,Least developed countries: UN classification,2014,1056.97673052647
LDC,Least developed countries: UN classification,2013,1007.4142967268
LDC,Least developed countries: UN classification,2012,947.852167260893
LDC,Least developed countries: UN classification,2011,925.476117160599
LDC,Least developed countries: UN classification,2010,831.843840698341
LDC,Least developed countries: UN classification,2009,751.965080386192
LDC,Least developed countries: UN classification,2008,778.954486616236
LDC,Least developed countries: UN classification,2007,648.873362581636
LDC,Least developed countries: UN classification,2006,552.997930938455
LDC,Least developed countries: UN classification,2005,487.477531865706
LDC,Least developed countries: UN classification,2004,420.034056451314
LDC,Least developed countries: UN classification,2003,373.857895132539
LDC,Least developed countries: UN classification,2002,338.101121320549
LDC,Least developed countries: UN classification,2001,314.11849513558
LDC,Least developed countries: UN classification,2000,333.541041289596
LDC,Least developed countries: UN classification,1999,300.944574802293
LDC,Least developed countries: UN classification,1998,299.817612566461
LDC,Least developed countries: UN classification,1997,302.953511426786
LDC,Least developed countries: UN classification,1996,298.077112381066
LDC,Least developed countries: UN classification,1995,290.053130894973
LDC,Least developed countries: UN classification,1994,290.352446525595
LDC,Least developed countries: UN classification,1993,304.198341423041
LDC,Least developed countries: UN classification,1992,302.272140277671
LDC,Least developed countries: UN classification,1991,392.291938916016
LDC,Least developed countries: UN classification,1990,370.954181294574
LMY,Low & middle income,2020,4646.47209072865
LMY,Low & middle income,2019,4857.12471542798
LMY,Low & middle income,2018,4773.03574184686
LMY,Low & middle income,2017,4543.08689291431
LMY,Low & middle income,2016,4211.54702250163
LMY,Low & middle income,2015,4223.77742891002
LMY,Low & middle income,2014,4422.77737437186
LMY,Low & middle income,2013,4290.6132325261
LMY,Low & middle income,2012,4118.30612372108
LMY,Low & middle income,2011,3921.45366982115
LMY,Low & middle income,2010,3399.2509126603
LMY,Low & middle income,2009,2835.65326081723
LMY,Low & middle income,2008,2864.71513254652
LMY,Low & middle income,2007,2438.533897181
LMY,Low & middle income,2006,2012.45292596824
LMY,Low & middle income,2005,1731.57858565204
LMY,Low & middle income,2004,1485.19021783787
LMY,Low & middle income,2003,1282.06751065817
LMY,Low & middle income,2002,1165.81880007426
LMY,Low & middle income,2001,1166.62849081531
LMY,Low & middle income,2000,1181.58700856793
LMY,Low & middle income,1999,1101.63338383235
LMY,Low & middle income,1998,1160.8360989041
LMY,Low & middle income,1997,1200.56241483523
LMY,Low & middle income,1996,1148.1225434349
LMY,Low & middle income,1995,1055.30366355064
LMY,Low & middle income,1994,924.731785794211
LMY,Low & middle income,1993,841.852362946097
LMY,Low & middle income,1992,794.124390582735
LMY,Low & middle income,1991,771.06850884093
LMY,Low & middle income,1990,806.156402212642
MEA,"Middle East, North Africa, Afghanistan & Pakistan",2020,4749.14341262891
MEA,"Middle East, North Africa, Afghanistan & Pakistan",2019,5416.06362418233
MEA,"Middle East, North Africa, Afghanistan & Pakistan",2018,5550.31969384997
MEA,"Middle East, North Africa, Afghanistan & Pakistan",2017,5283.42471158364
MEA,"Middle East, North Africa, Afghanistan & Pakistan",2016,5130.21030038801
MEA,"Middle East, North Africa, Afghanistan & Pakistan",2015,5130.25978607342
MEA,"Middle East, North Africa, Afghanistan & Pakistan",2014,5814.71484290247
MEA,"Middle East, North Africa, Afghanistan & Pakistan",2013,5871.07008125381
MEA,"Middle East, North Africa, Afghanistan & Pakistan",2012,6052.38238208124
MEA,"Middle East, North Africa, Afghanistan & Pakistan",2011,5735.78283895152
MEA,"Middle East, North Africa, Afghanistan & Pakistan",2010,4874.74374602995
MEA,"Middle East, North Africa, Afghanistan & Pakistan",2009,4261.00104677278
MEA,"Middle East, North Africa, Afghanistan & Pakistan",2008,4838.92296020983
MEA,"Middle East, North Africa, Afghanistan & Pakistan",2007,4009.6538543062
MEA,"Middle East, North Africa, Afghanistan & Pakistan",2006,3482.13613849624
MEA,"Middle East, North Africa, Afghanistan & Pakistan",2005,3050.54818555888
MEA,"Middle East, North Africa, Afghanistan & Pakistan",2004,2623.96338362197
MEA,"Middle East, North Africa, Afghanistan & Pakistan",2003,2279.27390627646
MEA,"Middle East, North Africa, Afghanistan & Pakistan",2002,2092.42649543325
MEA,"Middle East, North Africa, Afghanistan & Pakistan",2001,2152.65763807858
MEA,"Middle East, North Africa, Afghanistan & Pakistan",2000,2220.17760810318
MEA,"Middle East, North Africa, Afghanistan & Pakistan",1999,1974.72512174751
MEA,"Middle East, North Africa, Afghanistan & Pakistan",1998,1868.35065041968
MEA,"Middle East, North Africa, Afghanistan & Pakistan",1997,1954.37937585732
MEA,"Middle East, North Africa, Afghanistan & Pakistan",1996,1918.23389436435
MEA,"Middle East, North Africa, Afghanistan & Pakistan",1995,1775.34234828612
MEA,"Middle East, North Africa, Afghanistan & Pakistan",1994,1643.03794043181
MEA,"Middle East, North Africa, Afghanistan & Pakistan",1993,1598.13502545136
MEA,"Middle East, North Africa, Afghanistan & Pakistan",1992,1751.90899816556
MEA,"Middle East, North Africa, Afghanistan & Pakistan",1991,1708.79382675855
MEA,"Middle East, North Africa, Afghanistan & Pakistan",1990,2183.44230721402
MNA,"Middle East, North Africa, Afghanistan & Pakistan (excluding high income)",2020,2415.26254491139
MNA,"Middle East, North Africa, Afghanistan & Pakistan (excluding high income)",2019,2701.71325265282
MNA,"Middle East, North Africa, Afghanistan & Pakistan (excluding high income)",2018,2815.3901774218
MNA,"Middle East, North Africa, Afghanistan & Pakistan (excluding high income)",2017,2865.83515636992
MNA,"Middle East, North Africa, Afghanistan & Pakistan (excluding high income)",2016,2869.01813118566
MNA,"Middle East, North Africa, Afghanistan & Pakistan (excluding high income)",2015,2808.6233441937
MNA,"Middle East, North Africa, Afghanistan & Pakistan (excluding high income)",2014,3079.70398875281
MNA,"Middle East, North Africa, Afghanistan & Pakistan (excluding high income)",2013,3153.94010992027
MNA,"Middle East, North Africa, Afghanistan & Pakistan (excluding high income)",2012,3417.92480806409
MNA,"Middle East, North Africa, Afghanistan & Pakistan (excluding high income)",2011,3237.8356313737
MNA,"Middle East, North Africa, Afghanistan & Pakistan (excluding high income)",2010,2821.50866622906
MNA,"Middle East, North Africa, Afghanistan & Pakistan (excluding high income)",2009,2515.92356926376
MNA,"Middle East, North Africa, Afghanistan & Pakistan (excluding high income)",2008,2658.20562971484
MNA,"Middle East, North Africa, Afghanistan & Pakistan (excluding high income)",2007,2237.26190656626
MNA,"Middle East, North Africa, Afghanistan & Pakistan (excluding high income)",2006,1883.12072392022
MNA,"Middle East, North Africa, Afghanistan & Pakistan (excluding high income)",2005,1657.11019014742
MNA,"Middle East, North Africa, Afghanistan & Pakistan (excluding high income)",2004,1463.04140886351
MNA,"Middle East, North Africa, Afghanistan & Pakistan (excluding high income)",2003,1263.87606211705
MNA,"Middle East, North Africa, Afghanistan & Pakistan (excluding high income)",2002,1168.52531612381
MNA,"Middle East, North Africa, Afghanistan & Pakistan (excluding high income)",2001,1226.17513564007
MNA,"Middle East, North Africa, Afghanistan & Pakistan (excluding high income)",2000,1247.47233601948
MNA,"Middle East, North Africa, Afghanistan & Pakistan (excluding high income)",1999,1137.92232780385
MNA,"Middle East, North Africa, Afghanistan & Pakistan (excluding high income)",1998,1075.35859730551
MNA,"Middle East, North Africa, Afghanistan & Pakistan (excluding high income)",1997,1077.33623098311
MNA,"Middle East, North Africa, Afghanistan & Pakistan (excluding high income)",1996,1058.06607863895
MNA,"Middle East, North Africa, Afghanistan & Pakistan (excluding high income)",1995,977.954473591564
MNA,"Middle East, North Africa, Afghanistan & Pakistan (excluding high income)",1994,899.269793329172
MNA,"Middle East, North Africa, Afghanistan & Pakistan (excluding high income)",1993,877.44497876498
MNA,"Middle East, North Africa, Afghanistan & Pakistan (excluding high income)",1992,1022.14274597846
MNA,"Middle East, North Africa, Afghanistan & Pakistan (excluding high income)",1991,1024.13992357305
MNA,"Middle East, North Africa, Afghanistan & Pakistan (excluding high income)",1990,1555.05827495603
TMN,"Middle East, North Africa, Afghanistan & Pakistan (IDA & IBRD)",2020,2409.54729126605
TMN,"Middle East, North Africa, Afghanistan & Pakistan (IDA & IBRD)",2019,2695.09130976796
TMN,"Middle East, North Africa, Afghanistan & Pakistan (IDA & IBRD)",2018,2810.24942028442
TMN,"Middle East, North Africa, Afghanistan & Pakistan (IDA & IBRD)",2017,2860.68231685818
TMN,"Middle East, North Africa, Afghanistan & Pakistan (IDA & IBRD)",2016,2864.53445831005
TMN,"Middle East, North Africa, Afghanistan & Pakistan (IDA & IBRD)",2015,2805.48695611112
TMN,"Middle East, North Africa, Afghanistan & Pakistan (IDA & IBRD)",2014,3077.87148288398
TMN,"Middle East, North Africa, Afghanistan & Pakistan (IDA & IBRD)",2013,3152.86009912184
TMN,"Middle East, North Africa, Afghanistan & Pakistan (IDA & IBRD)",2012,3420.25908562298
TMN,"Middle East, North Africa, Afghanistan & Pakistan (IDA & IBRD)",2011,3240.2024082126
TMN,"Middle East, North Africa, Afghanistan & Pakistan (IDA & IBRD)",2010,2823.25407911922
TMN,"Middle East, North Africa, Afghanistan & Pakistan (IDA & IBRD)",2009,2518.05377845565
TMN,"Middle East, North Africa, Afghanistan & Pakistan (IDA & IBRD)",2008,2662.28112447526
TMN,"Middle East, North Africa, Afghanistan & Pakistan (IDA & IBRD)",2007,2240.98839135161
TMN,"Middle East, North Africa, Afghanistan & Pakistan (IDA & IBRD)",2006,1885.14874832022
TMN,"Middle East, North Africa, Afghanistan & Pakistan (IDA & IBRD)",2005,1657.84291463325
TMN,"Middle East, North Africa, Afghanistan & Pakistan (IDA & IBRD)",2004,1463.30459081335
TMN,"Middle East, North Africa, Afghanistan & Pakistan (IDA & IBRD)",2003,1263.9157454015
TMN,"Middle East, North Africa, Afghanistan & Pakistan (IDA & IBRD)",2002,1168.60409646318
TMN,"Middle East, North Africa, Afghanistan & Pakistan (IDA & IBRD)",2001,1225.47782863822
TMN,"Middle East, North Africa, Afghanistan & Pakistan (IDA & IBRD)",2000,1246.01970518845
TMN,"Middle East, North Africa, Afghanistan & Pakistan (IDA & IBRD)",1999,1135.62755562768
TMN,"Middle East, North Africa, Afghanistan & Pakistan (IDA & IBRD)",1998,1072.89061364339
TMN,"Middle East, North Africa, Afghanistan & Pakistan (IDA & IBRD)",1997,1075.367768169
TMN,"Middle East, North Africa, Afghanistan & Pakistan (IDA & IBRD)",1996,1056.46578583751
TMN,"Middle East, North Africa, Afghanistan & Pakistan (IDA & IBRD)",1995,975.846138276511
TMN,"Middle East, North Africa, Afghanistan & Pakistan (IDA & IBRD)",1994,897.479717233544
TMN,"Middle East, North Africa, Afghanistan & Pakistan (IDA & IBRD)",1993,875.599089613293
TMN,"Middle East, North Africa, Afghanistan & Pakistan (IDA & IBRD)",1992,1019.88704661056
TMN,"Middle East, North Africa, Afghanistan & Pakistan (IDA & IBRD)",1991,1021.78047565076
TMN,"Middle East, North Africa, Afghanistan & Pakistan (IDA & IBRD)",1990,1551.33182518395
MIC,Middle income,2020,5110.03730012152
MIC,Middle income,2019,5333.00944959533
MIC,Middle income,2018,5231.9314869653
MIC,Middle income,2017,4970.75305971396
MIC,Middle income,2016,4598.01556540424
MIC,Middle income,2015,4597.60474958281
MIC,Middle income,2014,4808.99653991663
MIC,Middle income,2013,4661.49740787105
MIC,Middle income,2012,4467.32549649132
MIC,Middle income,2011,4240.03549037097
MIC,Middle income,2010,3664.92162337478
MIC,Middle income,2009,3047.40789191738
MIC,Middle income,2008,3073.19618643341
MIC,Middle income,2007,2613.04907204417
MIC,Middle income,2006,2152.970922294
MIC,Middle income,2005,1849.46883810202
MIC,Middle income,2004,1585.10628044678
MIC,Middle income,2003,1366.50745222422
MIC,Middle income,2002,1240.91759491541
MIC,Middle income,2001,1242.22843960232
MIC,Middle income,2000,1255.46174685563
MIC,Middle income,1999,1172.02687970901
MIC,Middle income,1998,1234.61362736215
MIC,Middle income,1997,1276.23621024903
MIC,Middle income,1996,1219.4022241552
MIC,Middle income,1995,1117.20867019182
MIC,Middle income,1994,973.577650135458
MIC,Middle income,1993,881.582417468646
MIC,Middle income,1992,830.780200602807
MIC,Middle income,1991,794.753759040852
MIC,Middle income,1990,834.86710906655
NAC,North America,2020,62319.8671337986
NAC,North America,2019,63306.810223782
NAC,North America,2018,61228.2000482629
NAC,North America,2017,58555.9003870103
NAC,North America,2016,56416.7892083026
NAC,North America,2015,55534.4614029189
NAC,North America,2014,54742.8371458308
NAC,North America,2013,53240.3655883832
NAC,North America,2012,51812.8656700661
NAC,North America,2011,50252.0190049531
NAC,North America,2010,48545.8113186856
NAC,North America,2009,46581.4200397343
NAC,North America,2008,48398.3833708608
NAC,North America,2007,47727.7733811193
NAC,North America,2006,45741.3313198546
NAC,North America,2005,43368.601911774
NAC,North America,2004,40788.4854021089
NAC,North America,2003,38395.549732626
NAC,North America,2002,36652.0071224205
NAC,North America,2001,35831.4544724133
NAC,North America,2000,35151.3741865271
NAC,North America,1999,33320.9381100499
NAC,North America,1998,31691.9431241342
NAC,North America,1997,30518.0661560011
NAC,North America,1996,29112.2451436921
NAC,North America,1995,27897.9346077139
NAC,North America,1994,26931.65092829
NAC,North America,1993,25772.0724370973
NAC,North America,1992,24974.7405630878
NAC,North America,1991,24094.1306916521
NAC,North America,1990,23653.5020058697
OED,OECD members,2020,38947.5669905773
OED,OECD members,2019,39940.835037623
OED,OECD members,2018,39756.7556647363
OED,OECD members,2017,37802.8422452392
OED,OECD members,2016,36407.3771727139
OED,OECD members,2015,35931.9232791311
OED,OECD members,2014,38322.7280627757
OED,OECD members,2013,37734.7608375528
OED,OECD members,2012,37418.2889334065
OED,OECD members,2011,37684.316544302
OED,OECD members,2010,35218.2377011995
OED,OECD members,2009,33797.3269999518
OED,OECD members,2008,36379.9826441371
OED,OECD members,2007,34523.8151277644
OED,OECD members,2006,31752.91909492
OED,OECD members,2005,30304.5007827724
OED,OECD members,2004,28854.8834355731
OED,OECD members,2003,26110.166791868
OED,OECD members,2002,23526.1851223646
OED,OECD members,2001,22718.6795215023
OED,OECD members,2000,23105.8699621372
OED,OECD members,1999,22747.1469693091
OED,OECD members,1998,21811.1329992156
OED,OECD members,1997,21847.7743268913
OED,OECD members,1996,22357.3015391439
OED,OECD members,1995,22337.0437308788
OED,OECD members,1994,20388.5183700826
OED,OECD members,1993,19229.4344753684
OED,OECD members,1992,19096.9069758072
OED,OECD members,1991,17918.2140569058
OED,OECD members,1990,17087.309424679
OSS,Other small states,2020,11772.0946960495
OSS,Other small states,2019,12908.1967698249
OSS,Other small states,2018,13026.838449762
OSS,Other small states,2017,11950.9760651787
OSS,Other small states,2016,10813.3811118925
OSS,Other small states,2015,10359.1167773921
OSS,Other small states,2014,11682.6156441392
OSS,Other small states,2013,11421.7952581155
OSS,Other small states,2012,11084.4148894956
OSS,Other small states,2011,11469.9525501466
OSS,Other small states,2010,10149.5633726375
OSS,Other small states,2009,9814.08008723362
OSS,Other small states,2008,11530.7215015978
OSS,Other small states,2007,10758.8136221104
OSS,Other small states,2006,9046.80164945419
OSS,Other small states,2005,8233.42010554921
OSS,Other small states,2004,7419.76155978909
OSS,Other small states,2003,6311.81177494905
OSS,Other small states,2002,5142.2476529809
OSS,Other small states,2001,4780.95492842206
OSS,Other small states,2000,4847.4503226921
OSS,Other small states,1999,4829.25337476571
OSS,Other small states,1998,4635.15882242333
OSS,Other small states,1997,4678.51998512529
OSS,Other small states,1996,4739.07694524898
OSS,Other small states,1995,4659.34188627003
OSS,Other small states,1994,3950.98003715888
OSS,Other small states,1993,3762.44885403371
OSS,Other small states,1992,3949.40878886263
OSS,Other small states,1991,3674.361370142
OSS,Other small states,1990,3570.55788992308
PSS,Pacific island small states,2020,3632.52907231285
PSS,Pacific island small states,2019,4185.0758997627
PSS,Pacific island small states,2018,4295.18182253285
PSS,Pacific island small states,2017,4147.00368611764
PSS,Pacific island small states,2016,3898.87961923979
PSS,Pacific island small states,2015,3761.06673610832
PSS,Pacific island small states,2014,3891.36256203141
PSS,Pacific island small states,2013,3630.10394299084
PSS,Pacific island small states,2012,3493.28831201062
PSS,Pacific island small states,2011,3338.30793678792
PSS,Pacific island small states,2010,2899.88573139903
PSS,Pacific island small states,2009,2666.87195227178
PSS,Pacific island small states,2008,2989.60481007125
PSS,Pacific island small states,2007,2817.98969436478
PSS,Pacific island small states,2006,2586.22776155533
PSS,Pacific island small states,2005,2490.44783617075
PSS,Pacific island small states,2004,2270.72657197828
PSS,Pacific island small states,2003,1997.28054068901
PSS,Pacific island small states,2002,1695.01147879967
PSS,Pacific island small states,2001,1637.06349067775
PSS,Pacific island small states,2000,1686.6056817652
PSS,Pacific island small states,1999,1857.38930457259
PSS,Pacific island small states,1998,1728.10547623798
PSS,Pacific island small states,1997,2035.88566116361
PSS,Pacific island small states,1996,2060.80457992554
PSS,Pacific island small states,1995,1947.90073188873
PSS,Pacific island small states,1994,1818.22509065982
PSS,Pacific island small states,1993,1573.63525576083
PSS,Pacific island small states,1992,1519.64824897657
PSS,Pacific island small states,1991,1404.20977100088
PSS,Pacific island small states,1990,1343.27719993773
PST,Post-demographic dividend,2020,45174.5036479433
PST,Post-demographic dividend,2019,46125.7453007656
PST,Post-demographic dividend,2018,45787.7299792029
PST,Post-demographic dividend,2017,43356.99969696
PST,Post-demographic dividend,2016,41720.329677393
PST,Post-demographic dividend,2015,40960.9089975197
PST,Post-demographic dividend,2014,43482.2905959942
PST,Post-demographic dividend,2013,42757.0705462921
PST,Post-demographic dividend,2012,42453.1056245877
PST,Post-demographic dividend,2011,42699.7581912628
PST,Post-demographic dividend,2010,39869.2354180288
PST,Post-demographic dividend,2009,38399.5766429162
PST,Post-demographic dividend,2008,40986.2032462103
PST,Post-demographic dividend,2007,38925.4514993488
PST,Post-demographic dividend,2006,35873.6218378841
PST,Post-demographic dividend,2005,34268.541288057
PST,Post-demographic dividend,2004,32722.7857826302
PST,Post-demographic dividend,2003,29606.2954023988
PST,Post-demographic dividend,2002,26549.4716468681
PST,Post-demographic dividend,2001,25583.1763027363
PST,Post-demographic dividend,2000,25965.6198092905
PST,Post-demographic dividend,1999,25625.9316580893
PST,Post-demographic dividend,1998,24512.0329339239
PST,Post-demographic dividend,1997,24572.1370504326
PST,Post-demographic dividend,1996,25204.8440630157
PST,Post-demographic dividend,1995,25219.7306112425
PST,Post-demographic dividend,1994,22868.9775789577
PST,Post-demographic dividend,1993,21469.1544175533
PST,Post-demographic dividend,1992,21440.3916904735
PST,Post-demographic dividend,1991,20121.4808345792
PST,Post-demographic dividend,1990,19207.3380131246
PRE,Pre-demographic dividend,2020,1497.18872625076
PRE,Pre-demographic dividend,2019,1682.64777483043
PRE,Pre-demographic dividend,2018,1452.10811367974
PRE,Pre-demographic dividend,2017,1341.55710823713
PRE,Pre-demographic dividend,2016,1318.65578321566
PRE,Pre-demographic dividend,2015,1526.04099231967
PRE,Pre-demographic dividend,2014,1849.26650645876
PRE,Pre-demographic dividend,2013,1797.07620788678
PRE,Pre-demographic dividend,2012,1687.90559427919
PRE,Pre-demographic dividend,2011,1597.7670422466
PRE,Pre-demographic dividend,2010,1422.25838961236
PRE,Pre-demographic dividend,2009,1253.05147524894
PRE,Pre-demographic dividend,2008,1424.0703685436
PRE,Pre-demographic dividend,2007,1174.15015770746
PRE,Pre-demographic dividend,2006,998.07823930556
PRE,Pre-demographic dividend,2005,815.995032153718
PRE,Pre-demographic dividend,2004,671.224356830207
PRE,Pre-demographic dividend,2003,554.625659623811
PRE,Pre-demographic dividend,2002,523.955261767573
PRE,Pre-demographic dividend,2001,466.255676779194
PRE,Pre-demographic dividend,2000,503.881865569121
PRE,Pre-demographic dividend,1999,449.113610586588
PRE,Pre-demographic dividend,1998,741.814295821837
PRE,Pre-demographic dividend,1997,720.974841755232
PRE,Pre-demographic dividend,1996,675.388677650619
PRE,Pre-demographic dividend,1995,572.297212272674
PRE,Pre-demographic dividend,1994,401.32829200595
PRE,Pre-demographic dividend,1993,397.880287972378
PRE,Pre-demographic dividend,1992,392.857072321236
PRE,Pre-demographic dividend,1991,519.227064159577
PRE,Pre-demographic dividend,1990,940.439377161013
SST,Small states,2020,10730.4939107969
SST,Small states,2019,11997.3036529705
SST,Small states,2018,12064.6886372837
SST,Small states,2017,11319.4921033734
SST,Small states,2016,10492.0492970632
SST,Small states,2015,10451.9964952878
SST,Small states,2014,11422.9709382889
SST,Small states,2013,11137.9509953235
SST,Small states,2012,10829.4075164827
SST,Small states,2011,10887.8653862795
SST,Small states,2010,9799.55180930436
SST,Small states,2009,9299.40869272154
SST,Small states,2008,10984.7646983248
SST,Small states,2007,10056.4113345434
SST,Small states,2006,8649.77205518934
SST,Small states,2005,7779.56425219565
SST,Small states,2004,6954.24066365358
SST,Small states,2003,6060.66996564824
SST,Small states,2002,5133.23248844722
SST,Small states,2001,4839.48717715581
SST,Small states,2000,4846.98211684438
SST,Small states,1999,4730.62919567969
SST,Small states,1998,4496.03901461656
SST,Small states,1997,4473.9616049885
SST,Small states,1996,4316.17394952279
SST,Small states,1995,4180.97411993559
SST,Small states,1994,3675.54070755937
SST,Small states,1993,3469.66607819766
SST,Small states,1992,3614.0863116594
SST,Small states,1991,3423.52643743162
SST,Small states,1990,3333.50757384016
SAS,South Asia,2020,1957.20343709781
SAS,South Asia,2019,2067.05975680251
SAS,South Asia,2018,1988.36633317988
SAS,South Asia,2017,1956.06707563972
SAS,South Asia,2016,1722.90703396273
SAS,South Asia,2015,1570.54142452744
SAS,South Asia,2014,1528.4920875126
SAS,South Asia,2013,1405.84072374278
SAS,South Asia,2012,1387.18205938261
SAS,South Asia,2011,1397.0068255002
SAS,South Asia,2010,1294.02734415145
SAS,South Asia,2009,1054.43555885745
SAS,South Asia,2008,958.275511460297
SAS,South Asia,2007,967.697911561283
SAS,South Asia,2006,769.378704313512
SAS,South Asia,2005,686.338193475473
SAS,South Asia,2004,606.478041696258
SAS,South Asia,2003,532.66154684429
SAS,South Asia,2002,462.898836496672
SAS,South Asia,2001,446.418919348871
SAS,South Asia,2000,440.467918910931
SAS,South Asia,1999,437.982047564941
SAS,South Asia,1998,413.676322288749
SAS,South Asia,1997,415.002724170031
SAS,South Asia,1996,400.095114023544
SAS,South Asia,1995,370.570693920918
SAS,South Asia,1994,342.723111684397
SAS,South Asia,1993,302.994994507191
SAS,South Asia,1992,315.53713133931
SAS,South Asia,1991,303.81805683771
SAS,South Asia,1990,359.953973128088
TSA,South Asia (IDA & IBRD),2020,1957.20343709781
TSA,South Asia (IDA & IBRD),2019,2067.05975680251
TSA,South Asia (IDA & IBRD),2018,1988.36633317988
TSA,South Asia (IDA & IBRD),2017,1956.06707563972
TSA,South Asia (IDA & IBRD),2016,1722.90703396273
TSA,South Asia (IDA & IBRD),2015,1570.54142452744
TSA,South Asia (IDA & IBRD),2014,1528.4920875126
TSA,South Asia (IDA & IBRD),2013,1405.84072374278
TSA,South Asia (IDA & IBRD),2012,1387.18205938261
TSA,South Asia (IDA & IBRD),2011,1397.0068255002
TSA,South Asia (IDA & IBRD),2010,1294.02734415145
TSA,South Asia (IDA & IBRD),2009,1054.43555885745
TSA,South Asia (IDA & IBRD),2008,958.275511460297
TSA,South Asia (IDA & IBRD),2007,967.697911561283
TSA,South Asia (IDA & IBRD),2006,769.378704313512
TSA,South Asia (IDA & IBRD),2005,686.338193475473
TSA,South Asia (IDA & IBRD),2004,606.478041696258
TSA,South Asia (IDA & IBRD),2003,532.66154684429
TSA,South Asia (IDA & IBRD),2002,462.898836496672
TSA,South Asia (IDA & IBRD),2001,446.418919348871
TSA,South Asia (IDA & IBRD),2000,440.467918910931
TSA,South Asia (IDA & IBRD),1999,437.982047564941
TSA,South Asia (IDA & IBRD),1998,413.676322288749
TSA,South Asia (IDA & IBRD),1997,415.002724170031
TSA,South Asia (IDA & IBRD),1996,400.095114023544
TSA,South Asia (IDA & IBRD),1995,370.570693920918
TSA,South Asia (IDA & IBRD),1994,342.723111684397
TSA,South Asia (IDA & IBRD),1993,302.994994507191
TSA,South Asia (IDA & IBRD),1992,315.53713133931
TSA,South Asia (IDA & IBRD),1991,303.81805683771
TSA,South Asia (IDA & IBRD),1990,359.953973128088
SSF,Sub-Saharan Africa,2020,1628.43873346869
SSF,Sub-Saharan Africa,2019,1797.04121765415
SSF,Sub-Saharan Africa,2018,1622.59575329634
SSF,Sub-Saharan Africa,2017,1549.18831908585
SSF,Sub-Saharan Africa,2016,1456.65211115929
SSF,Sub-Saharan Africa,2015,1647.32085826836
SSF,Sub-Saharan Africa,2014,1907.73210907064
SSF,Sub-Saharan Africa,2013,1880.39980462364
SSF,Sub-Saharan Africa,2012,1818.06125449252
SSF,Sub-Saharan Africa,2011,1796.16109829226
SSF,Sub-Saharan Africa,2010,1643.30753523371
SSF,Sub-Saharan Africa,2009,1427.57787495772
SSF,Sub-Saharan Africa,2008,1537.38333094262
SSF,Sub-Saharan Africa,2007,1391.26803582887
SSF,Sub-Saharan Africa,2006,1234.75609892112
SSF,Sub-Saharan Africa,2005,1074.12476310665
SSF,Sub-Saharan Africa,2004,926.94326619829
SSF,Sub-Saharan Africa,2003,766.914712241418
SSF,Sub-Saharan Africa,2002,625.805568583085
SSF,Sub-Saharan Africa,2001,587.710901869404
SSF,Sub-Saharan Africa,2000,629.85955320409
SSF,Sub-Saharan Africa,1999,610.405968129928
SSF,Sub-Saharan Africa,1998,878.112012610771
SSF,Sub-Saharan Africa,1997,899.319355003091
SSF,Sub-Saharan Africa,1996,877.933913182623
SSF,Sub-Saharan Africa,1995,807.068681479341
SSF,Sub-Saharan Africa,1994,651.494895653308
SSF,Sub-Saharan Africa,1993,654.326096747387
SSF,Sub-Saharan Africa,1992,665.304423658314
SSF,Sub-Saharan Africa,1991,759.715248918801
SSF,Sub-Saharan Africa,1990,728.926102015909
SSA,Sub-Saharan Africa (excluding high income),2020,1627.39235037313
SSA,Sub-Saharan Africa (excluding high income),2019,1795.55378673641
SSA,Sub-Saharan Africa (excluding high income),2018,1621.1285196776
SSA,Sub-Saharan Africa (excluding high income),2017,1547.77467837023
SSA,Sub-Saharan Africa (excluding high income),2016,1455.29231657117
SSA,Sub-Saharan Africa (excluding high income),2015,1646.07300085129
SSA,Sub-Saharan Africa (excluding high income),2014,1906.51557748593
SSA,Sub-Saharan Africa (excluding high income),2013,1879.20059513022
SSA,Sub-Saharan Africa (excluding high income),2012,1817.07773780046
SSA,Sub-Saharan Africa (excluding high income),2011,1795.17977483773
SSA,Sub-Saharan Africa (excluding high income),2010,1642.37471849237
SSA,Sub-Saharan Africa (excluding high income),2009,1426.74291944931
SSA,Sub-Saharan Africa (excluding high income),2008,1536.38359632821
SSA,Sub-Saharan Africa (excluding high income),2007,1390.0998726156
SSA,Sub-Saharan Africa (excluding high income),2006,1233.53123307184
SSA,Sub-Saharan Africa (excluding high income),2005,1072.97884278867
SSA,Sub-Saharan Africa (excluding high income),2004,925.860782822606
SSA,Sub-Saharan Africa (excluding high income),2003,765.978126389081
SSA,Sub-Saharan Africa (excluding high income),2002,624.838806284965
SSA,Sub-Saharan Africa (excluding high income),2001,586.826461493206
SSA,Sub-Saharan Africa (excluding high income),2000,628.967997107944
SSA,Sub-Saharan Africa (excluding high income),1999,609.473891281281
SSA,Sub-Saharan Africa (excluding high income),1998,877.212508633072
SSA,Sub-Saharan Africa (excluding high income),1997,898.473837825483
SSA,Sub-Saharan Africa (excluding high income),1996,877.166763209192
SSA,Sub-Saharan Africa (excluding high income),1995,806.259994053623
SSA,Sub-Saharan Africa (excluding high income),1994,650.68190388289
SSA,Sub-Saharan Africa (excluding high income),1993,653.513053224302
SSA,Sub-Saharan Africa (excluding high income),1992,664.547125583242
SSA,Sub-Saharan Africa (excluding high income),1991,759.069420092307
SSA,Sub-Saharan Africa (excluding high income),1990,728.268114290582
TSS,Sub-Saharan Africa (IDA & IBRD countries),2020,1628.43873346869
TSS,Sub-Saharan Africa (IDA & IBRD countries),2019,1797.04121765415
TSS,Sub-Saharan Africa (IDA & IBRD countries),2018,1622.59575329634
TSS,Sub-Saharan Africa (IDA & IBRD countries),2017,1549.18831908585
TSS,Sub-Saharan Africa (IDA & IBRD countries),2016,1456.65211115929
TSS,Sub-Saharan Africa (IDA & IBRD countries),2015,1647.32085826836
TSS,Sub-Saharan Africa (IDA & IBRD countries),2014,1907.73210907064
TSS,Sub-Saharan Africa (IDA & IBRD countries),2013,1880.39980462364
TSS,Sub-Saharan Africa (IDA & IBRD countries),2012,1818.06125449252
TSS,Sub-Saharan Africa (IDA & IBRD countries),2011,1796.16109829226
TSS,Sub-Saharan Africa (IDA & IBRD countries),2010,1643.30753523371
TSS,Sub-Saharan Africa (IDA & IBRD countries),2009,1427.57787495773
TSS,Sub-Saharan Africa (IDA & IBRD countries),2008,1537.38333094262
TSS,Sub-Saharan Africa (IDA & IBRD countries),2007,1391.26803582887
TSS,Sub-Saharan Africa (IDA & IBRD countries),2006,1234.75609892113
TSS,Sub-Saharan Africa (IDA & IBRD countries),2005,1074.12476310665
TSS,Sub-Saharan Africa (IDA & IBRD countries),2004,926.943266198291
TSS,Sub-Saharan Africa (IDA & IBRD countries),2003,766.914712241419
TSS,Sub-Saharan Africa (IDA & IBRD countries),2002,625.805568583085
TSS,Sub-Saharan Africa (IDA & IBRD countries),2001,587.710901869404
TSS,Sub-Saharan Africa (IDA & IBRD countries),2000,629.859553204091
TSS,Sub-Saharan Africa (IDA & IBRD countries),1999,610.405968129929
TSS,Sub-Saharan Africa (IDA & IBRD countries),1998,878.112012610771
TSS,Sub-Saharan Africa (IDA & IBRD countries),1997,899.319355003092
TSS,Sub-Saharan Africa (IDA & IBRD countries),1996,877.933913182623
TSS,Sub-Saharan Africa (IDA & IBRD countries),1995,807.068681479341
TSS,Sub-Saharan Africa (IDA & IBRD countries),1994,651.494895653308
TSS,Sub-Saharan Africa (IDA & IBRD countries),1993,654.326096747387
TSS,Sub-Saharan Africa (IDA & IBRD countries),1992,665.304423658314
TSS,Sub-Saharan Africa (IDA & IBRD countries),1991,759.715248918801
TSS,Sub-Saharan Africa (IDA & IBRD countries),1990,728.926102015909
WLD,World,2020,10999.4917581781
WLD,World,2019,11417.5958587724
WLD,World,2018,11344.728168656
WLD,World,2017,10784.3950896297
WLD,World,2016,10239.4656645738
WLD,World,2015,10191.9752512662
WLD,World,2014,10912.2447775638
WLD,World,2013,10759.3457336689
WLD,World,2012,10597.8460782595
WLD,World,2011,10496.9310026996
WLD,World,2010,9555.06543969498
WLD,World,2009,8827.04322994899
WLD,World,2008,9425.73781604823
WLD,World,2007,8685.33108680793
WLD,World,2006,7803.19467222601
WLD,World,2005,7290.5661453297
WLD,World,2004,6818.00375324836
WLD,World,2003,6129.8663827398
WLD,World,2002,5539.32465002692
WLD,World,2001,5404.20269822848
WLD,World,2000,5512.56177163867
WLD,World,1999,5401.2271886284
WLD,World,1998,5302.33956683372
WLD,World,1997,5408.5695352216
WLD,World,1996,5507.22343967666
WLD,World,1995,5463.19624240532
WLD,World,1994,4967.01235983571
WLD,World,1993,4685.29564260401
WLD,World,1992,4679.98200500774
WLD,World,1991,4453.89641554733
WLD,World,1990,4338.94333025321
AFG,Afghanistan,2020,510.787063366811
AFG,Afghanistan,2019,496.6025042585
AFG,Afghanistan,2018,491.337221382603
AFG,Afghanistan,2017,525.469770891619
AFG,Afghanistan,2016,522.082215583898
AFG,Afghanistan,2015,565.569730408751
AFG,Afghanistan,2014,625.054941813938
AFG,Afghanistan,2013,637.087099117099
AFG,Afghanistan,2012,651.417134470046
AFG,Afghanistan,2011,606.694676337726
AFG,Afghanistan,2010,560.621505463146
AFG,Afghanistan,2009,452.053705477043
AFG,Afghanistan,2008,381.73323802844
AFG,Afghanistan,2007,376.223152003876
AFG,Afghanistan,2006,274.218553561575
AFG,Afghanistan,2005,254.184249149336
AFG,Afghanistan,2004,221.763653873013
AFG,Afghanistan,2003,198.871115728727
AFG,Afghanistan,2002,178.954088379235
AFG,Afghanistan,2001,138.706821676113
AFG,Afghanistan,2000,174.930991430166
ALB,Albania,2020,6027.91350716348
ALB,Albania,2019,6069.43903131027
ALB,Albania,2018,5897.65452588774
ALB,Albania,2017,5006.36012951959
ALB,Albania,2016,4457.63412207495
ALB,Albania,2015,4199.53912925398
ALB,Albania,2014,4793.59751131525
ALB,Albania,2013,4542.92903556739
ALB,Albania,2012,4280.93316338873
ALB,Albania,2011,4465.70914328865
ALB,Albania,2010,4149.14469936847
ALB,Albania,2009,4213.65007574693
ALB,Albania,2008,4498.50486763601
ALB,Albania,2007,3743.05529896187
ALB,Albania,2006,3057.77257038113
ALB,Albania,2005,2741.72136549578
ALB,Albania,2004,2446.90949947798
ALB,Albania,2003,1908.69900687608
ALB,Albania,2002,1479.83884572006
ALB,Albania,2001,1326.41652388077
ALB,Albania,2000,1160.42047054038
ALB,Albania,1999,1056.34481153033
ALB,Albania,1998,831.175344077295
ALB,Albania,1997,728.545523729675
ALB,Albania,1996,1020.97618050188
ALB,Albania,1995,911.320465445326
ALB,Albania,1994,586.416135130865
ALB,Albania,1993,367.279225077581
ALB,Albania,1992,200.852219772323
ALB,Albania,1991,336.586994504629
ALB,Albania,1990,617.230435515505
DZA,Algeria,2020,3743.5419522929
DZA,Algeria,2019,4468.45341883656
DZA,Algeria,2018,4577.21029180491
DZA,Algeria,2017,4554.66753957828
DZA,Algeria,2016,4424.98529027556
DZA,Algeria,2015,4685.05902729002
DZA,Algeria,2014,6094.69392314956
DZA,Algeria,2013,5979.60138960585
DZA,Algeria,2012,6033.64884689543
DZA,Algeria,2011,5916.31364364343
DZA,Algeria,2010,4912.78585503672
DZA,Algeria,2009,4235.42990456612
DZA,Algeria,2008,5180.91881514686
DZA,Algeria,2007,4167.45169937531
DZA,Algeria,2006,3660.66104745322
DZA,Algeria,2005,3233.13339634212
DZA,Algeria,2004,2816.99384960555
DZA,Algeria,2003,2283.77299346126
DZA,Algeria,2002,1937.46411413019
DZA,Algeria,2001,1896.30020878013
DZA,Algeria,2000,1772.92869122761
DZA,Algeria,1999,1596.11822239025
DZA,Algeria,1998,1603.36623200836
DZA,Algeria,1997,1628.76100561506
DZA,Algeria,1996,1616.83198721285
DZA,Algeria,1995,1466.94806760415
DZA,Algeria,1994,1525.54061760288
DZA,Algeria,1993,1831.04800976449
DZA,Algeria,1992,1802.69300801289
DZA,Algeria,1991,1759.11201648229
DZA,Algeria,1990,2445.18332740258
ASM,American Samoa,2020,14489.2586563775
ASM,American Samoa,2019,12886.1359517218
ASM,American Samoa,2018,12552.0546868861
ASM,American Samoa,2017,11863.6839452565
ASM,American Samoa,2016,12843.3342903627
ASM,American Samoa,2015,12727.4102651386
ASM,American Samoa,2014,12026.3344929488
ASM,American Samoa,2013,11813.5022034589
ASM,American Samoa,2012,11745.4899153958
ASM,American Samoa,2011,10383.459331451
ASM,American Samoa,2010,10375.1720141957
ASM,American Samoa,2009,12156.0293905777
ASM,American Samoa,2008,10030.8089130902
ASM,American Samoa,2007,9231.37240924563
ASM,American Samoa,2006,8745.16621137404
ASM,American Samoa,2005,8831.26975996609
ASM,American Samoa,2004,8958.42866697173
ASM,American Samoa,2003,9197.66196836987
ASM,American Samoa,2002,8972.69636535698
AND,Andorra,2020,37361.090067211
AND,Andorra,2019,41257.8045861543
AND,Andorra,2018,42819.774579353
AND,Andorra,2017,40672.9943362327
AND,Andorra,2016,40129.8192026671
AND,Andorra,2015,38654.9347217207
AND,Andorra,2014,44369.6596894579
AND,Andorra,2013,42470.3161158563
AND,Andorra,2012,41500.5435782722
AND,Andorra,2011,46657.1561204071
AND,Andorra,2010,42746.830952263
AND,Andorra,2009,43975.0183658196
AND,Andorra,2008,49132.5157047203
AND,Andorra,2007,48336.2283340364
AND,Andorra,2006,43467.210990395
AND,Andorra,2005,40829.801878928
AND,Andorra,2004,39021.1278078772
AND,Andorra,2003,34063.5784040571
AND,Andorra,2002,26528.1301571494
AND,Andorra,2001,23511.2951466328
AND,Andorra,2000,21810.2487426174
AND,Andorra,1999,18875.2869134938
AND,Andorra,1998,18536.5084282698
AND,Andorra,1997,18247.9995651361
AND,Andorra,1996,19130.1597151312
AND,Andorra,1995,18443.2545197741
AND,Andorra,1994,15748.5307503373
AND,Andorra,1993,15916.8395162087
AND,Andorra,1992,20099.5352208543
AND,Andorra,1991,19533.2620668023
AND,Andorra,1990,19563.6574722488
AGO,Angola,2020,1749.1794838482
AGO,Angola,2019,2507.86807213642
AGO,Angola,2018,2891.83032378747
AGO,Angola,2017,2832.14997950512
AGO,Angola,2016,2082.37343594705
AGO,Angola,2015,3641.72893920253
AGO,Angola,2014,5649.68762467535
AGO,Angola,2013,5688.57916213471
AGO,Angola,2012,5702.45306277434
AGO,Angola,2011,5184.15269151846
AGO,Angola,2010,4101.63715564669
AGO,Angola,2009,3645.14846565169
AGO,Angola,2008,4578.15526451058
AGO,Angola,2007,3515.05678985496
AGO,Angola,2006,2930.44428606516
AGO,Angola,2005,2145.88621098663
AGO,Angola,2004,1451.47117870872
AGO,Angola,2003,1133.66331960414
AGO,Angola,2002,999.065855956628
AGO,Angola,2001,533.586202412447
AGO,Angola,2000,563.733795571487
AGO,Angola,1999,392.725539027496
AGO,Angola,1998,429.188126933192
AGO,Angola,1997,521.70291489053
AGO,Angola,1996,531.115366543271
AGO,Angola,1995,404.29481849612
AGO,Angola,1994,334.973590276074
AGO,Angola,1993,449.727894936295
AGO,Angola,1992,668.706017459877
AGO,Angola,1991,881.919488130062
AGO,Angola,1990,965.866840464665
ATG,Antigua and Barbuda,2020,15369.6082250401
ATG,Antigua and Barbuda,2019,18896.3721832248
ATG,Antigua and Barbuda,2018,18273.4270684912
ATG,Antigua and Barbuda,2017,16965.7288273816
ATG,Antigua and Barbuda,2016,16556.8551801588
ATG,Antigua and Barbuda,2015,16077.6340769406
ATG,Antigua and Barbuda,2014,15532.1062063584
ATG,Antigua and Barbuda,2013,15051.5113587425
ATG,Antigua and Barbuda,2012,15639.8078114787
ATG,Antigua and Barbuda,2011,14911.7275084471
ATG,Antigua and Barbuda,2010,15217.3950790922
ATG,Antigua and Barbuda,2009,16472.2478528568
ATG,Antigua and Barbuda,2008,18786.6743142216
ATG,Antigua and Barbuda,2007,18204.5124043068
ATG,Antigua and Barbuda,2006,16173.8136329968
ATG,Antigua and Barbuda,2005,14368.5708796058
ATG,Antigua and Barbuda,2004,13037.8895772257
ATG,Antigua and Barbuda,2003,12173.2319860305
ATG,Antigua and Barbuda,2002,11658.6949915956
ATG,Antigua and Barbuda,2001,11539.1825063308
ATG,Antigua and Barbuda,2000,12027.4949768222
ATG,Antigua and Barbuda,1999,11342.3349230913
ATG,Antigua and Barbuda,1998,10906.8785406961
ATG,Antigua and Barbuda,1997,10336.2591617838
ATG,Antigua and Barbuda,1996,9756.08717951992
ATG,Antigua and Barbuda,1995,9034.47552907143
ATG,Antigua and Barbuda,1994,9351.48753768505
ATG,Antigua and Barbuda,1993,8624.62016806628
ATG,Antigua and Barbuda,1992,8153.73786307269
ATG,Antigua and Barbuda,1991,7956.47430919648
ATG,Antigua and Barbuda,1990,7590.75442423046
ARG,Argentina,2020,8535.59938004389
ARG,Argentina,2019,9955.97478680428
ARG,Argentina,2018,11752.7998922979
ARG,Argentina,2017,14532.5009308511
ARG,Argentina,2016,12699.9623137756
ARG,Argentina,2015,13679.6264980954
ARG,Argentina,2014,12233.1444119186
ARG,Argentina,2013,12963.675773326
ARG,Argentina,2012,12949.717486654
ARG,Argentina,2011,12704.2831819684
ARG,Argentina,2010,10260.1313108254
ARG,Argentina,2009,8150.23527028221
ARG,Argentina,2008,8944.1102657357
ARG,Argentina,2007,7185.25155147027
ARG,Argentina,2006,5869.38028970204
ARG,Argentina,2005,5067.65342293276
ARG,Argentina,2004,4242.02099089422
ARG,Argentina,2003,3320.47775133903
ARG,Argentina,2002,2569.69963519124
ARG,Argentina,2001,7141.47507662826
ARG,Argentina,2000,7637.01489203628
ARG,Argentina,1999,7705.54288252851
ARG,Argentina,1998,8218.99212764682
ARG,Argentina,1997,8146.78710021431
ARG,Argentina,1996,7663.21271287469
ARG,Argentina,1995,7357.6162773788
ARG,Argentina,1994,7437.56242327594
ARG,Argentina,1993,6931.85596375876
ARG,Argentina,1992,6789.99611136495
ARG,Argentina,1991,5709.24784079504
ARG,Argentina,1990,4315.33403111588
ARM,Armenia,2020,4268.68093304583
ARM,Armenia,2019,4597.22887399548
ARM,Armenia,2018,4196.00562301769
ARM,Armenia,2017,3869.05373867752
ARM,Armenia,2016,3524.42476874707
ARM,Armenia,2015,3512.39350276709
ARM,Armenia,2014,3852.11800610384
ARM,Armenia,2013,3680.16692158886
ARM,Armenia,2012,3511.56399687426
ARM,Armenia,2011,3349.55309771906
ARM,Armenia,2010,3041.34450723339
ARM,Armenia,2009,2820.5926553347
ARM,Armenia,2008,3777.66859313767
ARM,Armenia,2007,2962.70234594569
ARM,Armenia,2006,2041.65267068997
ARM,Armenia,2005,1557.48458908655
ARM,Armenia,2004,1130.08791444158
ARM,Armenia,2003,882.030167695474
ARM,Armenia,2002,742.651118319819
ARM,Armenia,2001,659.588988535629
ARM,Armenia,2000,593.450581742282
ARM,Armenia,1999,582.669886150895
ARM,Armenia,1998,590.239947333459
ARM,Armenia,1997,505.035887057966
ARM,Armenia,1996,487.068624404558
ARM,Armenia,1995,443.924860857976
ARM,Armenia,1994,390.879964297655
ARM,Armenia,1993,347.870644720878
ARM,Armenia,1992,356.350780006933
ARM,Armenia,1991,572.740260900977
ARM,Armenia,1990,635.355327502517
ABW,Aruba,2020,22664.3709949437
ABW,Aruba,2019,30654.4851235397
ABW,Aruba,2018,30082.1584226798
ABW,Aruba,2017,28440.0416881491
ABW,Aruba,2016,27441.5502144601
ABW,Aruba,2015,27458.2201537506
ABW,Aruba,2014,26129.8390617693
ABW,Aruba,2013,25813.5714408438
ABW,Aruba,2012,25119.6655449838
ABW,Aruba,2011,25712.3843015186
ABW,Aruba,2010,24093.1401510626
ABW,Aruba,2009,25134.7712303589
ABW,Aruba,2008,28171.9094008501
ABW,Aruba,2007,26736.3089444046
ABW,Aruba,2006,24845.65848362
ABW,Aruba,2005,24171.8371325422
ABW,Aruba,2004,23700.6319899197
ABW,Aruba,2003,21949.4859960868
ABW,Aruba,2002,21307.2482505267
ABW,Aruba,2001,20740.1325828172
ABW,Aruba,2000,20681.0230269625
ABW,Aruba,1999,19216.1972354472
ABW,Aruba,1998,18828.0870594071
ABW,Aruba,1997,17750.0095644198
ABW,Aruba,1996,16620.9545555513
ABW,Aruba,1995,16548.7173868987
ABW,Aruba,1994,16055.2877874337
ABW,Aruba,1993,14700.9598081521
ABW,Aruba,1992,13892.6051427736
ABW,Aruba,1991,13233.9905169683
ABW,Aruba,1990,12187.5363611898
AUS,Australia,2020,51983.4523666382
AUS,Australia,2019,55194.7585097428
AUS,Australia,2018,57410.1737346009
AUS,Australia,2017,54117.547718609
AUS,Australia,2016,50084.4440606385
AUS,Australia,2015,56970.3613028094
AUS,Australia,2014,62817.2061751737
AUS,Australia,2013,68476.6788496118
AUS,Australia,2012,68301.4402512587
AUS,Australia,2011,62799.3895017032
AUS,Australia,2010,52313.8939041213
AUS,Australia,2009,42954.8494884573
AUS,Australia,2008,49811.2067218988
AUS,Australia,2007,41128.2476618402
AUS,Australia,2006,36658.8243476122
AUS,Australia,2005,34535.20727091
AUS,Australia,2004,30886.0500949401
AUS,Australia,2003,23757.5898471684
AUS,Australia,2002,20335.0960191023
AUS,Australia,2001,19733.6510102645
AUS,Australia,2000,21908.9968019784
AUS,Australia,1999,20749.6443779096
AUS,Australia,1998,21516.0403147759
AUS,Australia,1997,23683.4948964934
AUS,Australia,1996,22055.838490507
AUS,Australia,1995,20479.1748274233
AUS,Australia,1994,18155.6282000179
AUS,Australia,1993,17724.5399501656
AUS,Australia,1992,18650.3675476612
AUS,Australia,1991,18885.4274465057
AUS,Australia,1990,18273.561526468
AUT,Austria,2020,48716.4098900349
AUT,Austria,2019,49885.9947355204
AUT,Austria,2018,51194.0749841299
AUT,Austria,2017,47163.7425775142
AUT,Austria,2016,45061.4993920192
AUT,Austria,2015,43915.228020857
AUT,Austria,2014,51314.9722616322
AUT,Austria,2013,50305.3545774973
AUT,Austria,2012,48250.4059142637
AUT,Austria,2011,51116.8953522042
AUT,Austria,2010,46611.1393420232
AUT,Austria,2009,47857.4446635266
AUT,Austria,2008,51581.3982361071
AUT,Austria,2007,46622.9622913635
AUT,Austria,2006,40382.2078298575
AUT,Austria,2005,38157.37022862
AUT,Austria,2004,36614.2506533707
AUT,Austria,2003,32110.1159661425
AUT,Austria,2002,26334.862215032
AUT,Austria,2001,24430.495982841
AUT,Austria,2000,24487.2974685956
AUT,Austria,1999,27078.7081612201
AUT,Austria,1998,27212.4642905708
AUT,Austria,1997,26571.7523626508
AUT,Austria,1996,29645.9451251491
AUT,Austria,1995,30207.0674314652
AUT,Austria,1994,25546.2460525087
AUT,Austria,1993,23987.2037240657
AUT,Austria,1992,24782.7118767063
AUT,Austria,1991,22323.1312492943
AUT,Austria,1990,21596.068219998
AZE,Azerbaijan,2020,4229.91064904503
AZE,Azerbaijan,2019,4805.75371765917
AZE,Azerbaijan,2018,4739.7943123408
AZE,Azerbaijan,2017,4147.1981423222
AZE,Azerbaijan,2016,3880.6852276838
AZE,Azerbaijan,2015,5500.50364628486
AZE,Azerbaijan,2014,7890.84028062087
AZE,Azerbaijan,2013,7875.34536661549
AZE,Azerbaijan,2012,7495.86527658099
AZE,Azerbaijan,2011,7189.81869211976
AZE,Azerbaijan,2010,5843.5337683582
AZE,Azerbaijan,2009,4950.39949009423
AZE,Azerbaijan,2008,5574.46810432575
AZE,Azerbaijan,2007,3851.33015175141
AZE,Azerbaijan,2006,2472.95725732287
AZE,Azerbaijan,2005,1578.36733030667
AZE,Azerbaijan,2004,1045.0136328106
AZE,Azerbaijan,2003,883.692580745256
AZE,Azerbaijan,2002,763.108895463487
AZE,Azerbaijan,2001,703.670998584686
AZE,Azerbaijan,2000,655.097249579917
AZE,Azerbaijan,1999,573.893528734031
AZE,Azerbaijan,1998,561.906807871869
AZE,Azerbaijan,1997,505.516204188336
AZE,Azerbaijan,1996,409.185543774103
AZE,Azerbaijan,1995,314.55801908334
AZE,Azerbaijan,1994,157.063549947072
AZE,Azerbaijan,1993,209.530954548425
AZE,Azerbaijan,1992,60.2351205405972
AZE,Azerbaijan,1991,734.944232805688
AZE,Azerbaijan,1990,1238.27189274842
BHS,"Bahamas, The",2020,26178.7537607708
BHS,"Bahamas, The",2019,33640.3369861278
BHS,"Bahamas, The",2018,32642.3353203452
BHS,"Bahamas, The",2017,31875.4881749619
BHS,"Bahamas, The",2016,30616.5363157284
BHS,"Bahamas, The",2015,30719.405417469
BHS,"Bahamas, The",2014,29137.2175632622
BHS,"Bahamas, The",2013,27642.7419759179
BHS,"Bahamas, The",2012,28552.0242683151
BHS,"Bahamas, The",2011,27090.8376801379
BHS,"Bahamas, The",2010,27473.100430502
BHS,"Bahamas, The",2009,27512.9130950084
BHS,"Bahamas, The",2008,29392.3824416397
BHS,"Bahamas, The",2007,30051.8489587756
BHS,"Bahamas, The",2006,29184.7865087908
BHS,"Bahamas, The",2005,28602.4181869995
BHS,"Bahamas, The",2004,26650.2934234303
BHS,"Bahamas, The",2003,26429.1247787663
BHS,"Bahamas, The",2002,26781.6195938652
BHS,"Bahamas, The",2001,25371.9237667614
BHS,"Bahamas, The",2000,24940.0775086078
BHS,"Bahamas, The",1999,24041.0933188158
BHS,"Bahamas, The",1998,21667.448821694
BHS,"Bahamas, The",1997,20367.5732702056
BHS,"Bahamas, The",1996,11783.797197226
BHS,"Bahamas, The",1995,11374.6056703852
BHS,"Bahamas, The",1994,10991.2346674131
BHS,"Bahamas, The",1993,10613.0658785813
BHS,"Bahamas, The",1992,10873.4047501635
BHS,"Bahamas, The",1991,11082.3528573617
BHS,"Bahamas, The",1990,11473.3008389353
BHR,Bahrain,2020,24342.8444554718
BHR,Bahrain,2019,27259.7438599327
BHR,Bahrain,2018,26324.4066549559
BHR,Bahrain,2017,24784.7693514607
BHR,Bahrain,2016,23800.001440631
BHR,Bahrain,2015,23734.0551143019
BHR,Bahrain,2014,26451.7965647453
BHR,Bahrain,2013,26989.7601148469
BHR,Bahrain,2012,26438.6733230428
BHR,Bahrain,2011,25032.7867743333
BHR,Bahrain,2010,21819.3291098099
BHR,Bahrain,2009,19465.3140745038
BHR,Bahrain,2008,23299.4992780392
BHR,Bahrain,2007,20908.4042548073
BHR,Bahrain,2006,19267.282615072
BHR,Bahrain,2005,17966.1657837625
BHR,Bahrain,2004,15963.9493171617
BHR,Bahrain,2003,14486.0269029822
BHR,Bahrain,2002,13501.4708801425
BHR,Bahrain,2001,13573.2339887597
BHR,Bahrain,2000,14214.4836839343
BHR,Bahrain,1999,12123.3534715368
BHR,Bahrain,1998,11625.0343768343
BHR,Bahrain,1997,12254.6662583128
BHR,Bahrain,1996,12091.7802188235
BHR,Bahrain,1995,11900.9317778335
BHR,Bahrain,1994,11629.3595219612
BHR,Bahrain,1993,11151.871495742
BHR,Bahrain,1992,10460.1583222808
BHR,Bahrain,1991,10434.1323962786
BHR,Bahrain,1990,9342.53891401688
BGD,Bangladesh,2020,2248.85078828233
BGD,Bangladesh,2019,2129.79896954606
BGD,Bangladesh,2018,1965.24372731467
BGD,Bangladesh,2017,1811.08221668646
BGD,Bangladesh,2016,1649.28380858601
BGD,Bangladesh,2015,1224.38647668165
BGD,Bangladesh,2014,1094.46199702838
BGD,Bangladesh,2013,958.262989798283
BGD,Bangladesh,2012,859.680536375497
BGD,Bangladesh,2011,837.336944695647
BGD,Bangladesh,2010,757.385280361508
BGD,Bangladesh,2009,679.211477428056
BGD,Bangladesh,2008,613.06204104124
BGD,Bangladesh,2007,537.955492792911
BGD,Bangladesh,2006,490.388026533289
BGD,Bangladesh,2005,480.08585075452
BGD,Bangladesh,2004,455.614016909798
BGD,Bangladesh,2003,426.74880754362
BGD,Bangladesh,2002,393.886422327628
BGD,Bangladesh,2001,394.65641001891
BGD,Bangladesh,2000,396.670730249751
BGD,Bangladesh,1999,388.095684268235
BGD,Bangladesh,1998,385.616881752796
BGD,Bangladesh,1997,379.284917709635
BGD,Bangladesh,1996,371.917937677345
BGD,Bangladesh,1995,309.458680823367
BGD,Bangladesh,1994,280.603031791216
BGD,Bangladesh,1993,280.757274450366
BGD,Bangladesh,1992,273.465072520272
BGD,Bangladesh,1991,272.064948495878
BGD,Bangladesh,1990,283.053737055234
BRB,Barbados,2020,19180.9915228365
BRB,Barbados,2019,21929.435611489
BRB,Barbados,2018,21378.2201267496
BRB,Barbados,2017,20870.7596432179
BRB,Barbados,2016,20311.4094163764
BRB,Barbados,2015,20429.4747123553
BRB,Barbados,2014,20423.7177921163
BRB,Barbados,2013,20384.4910233555
BRB,Barbados,2012,19811.2953079751
BRB,Barbados,2011,20146.2381264508
BRB,Barbados,2010,19723.2381931602
BRB,Barbados,2009,16294.9099491834
BRB,Barbados,2008,17565.6929970592
BRB,Barbados,2007,17235.4396434785
BRB,Barbados,2006,15619.6005955511
BRB,Barbados,2005,14214.4202213572
BRB,Barbados,2004,12886.3665272467
BRB,Barbados,2003,12075.9587020649
BRB,Barbados,2002,11760.4524736133
BRB,Barbados,2001,11639.5160522054
BRB,Barbados,2000,11674.6736471764
BRB,Barbados,1999,11244.3087668392
BRB,Barbados,1998,10734.3637242884
BRB,Barbados,1997,9521.57127377123
BRB,Barbados,1996,9011.77884838722
BRB,Barbados,1995,8460.47380869104
BRB,Barbados,1994,8223.16681181719
BRB,Barbados,1993,7904.70762426389
BRB,Barbados,1992,7519.20143544898
BRB,Barbados,1991,7790.26229439159
BRB,Barbados,1990,7781.40573306125
BLR,Belarus,2020,6542.85579976768
BLR,Belarus,2019,6837.77339645635
BLR,Belarus,2018,6360.037502312
BLR,Belarus,2017,5785.54491935194
BLR,Belarus,2016,5039.77560949445
BLR,Belarus,2015,5967.05595058777
BLR,Belarus,2014,8341.31809294883
BLR,Belarus,2013,7998.0802045456
BLR,Belarus,2012,6953.21591683101
BLR,Belarus,2011,6527.6593428786
BLR,Belarus,2010,6034.67885177216
BLR,Belarus,2009,5352.48809190697
BLR,Belarus,2008,6376.17569162063
BLR,Belarus,2007,4735.48107556066
BLR,Belarus,2006,3848.22350300163
BLR,Belarus,2005,3126.07176665248
BLR,Belarus,2004,2378.33700470129
BLR,Belarus,2003,1819.52653114699
BLR,Belarus,2002,1479.38066337175
BLR,Belarus,2001,1244.37318523431
BLR,Belarus,2000,1276.2880341
BLR,Belarus,1999,1210.6117195862
BLR,Belarus,1998,1511.32531567314
BLR,Belarus,1997,1396.44201900881
BLR,Belarus,1996,1427.26896385327
BLR,Belarus,1995,1370.69991385664
BLR,Belarus,1994,1460.00791360458
BLR,Belarus,1993,1589.51011343649
BLR,Belarus,1992,1658.08641281239
BLR,Belarus,1991,1805.45592531527
BLR,Belarus,1990,1706.64091882343
BEL,Belgium,2020,45906.2875805246
BEL,Belgium,2019,46716.6227467964
BEL,Belgium,2018,47487.2100392561
BEL,Belgium,2017,44035.3239358548
BEL,Belgium,2016,41854.5498296444
BEL,Belgium,2015,40893.804537772
BEL,Belgium,2014,47995.7786961339
BEL,Belgium,2013,46964.5946777056
BEL,Belgium,2012,44874.1709182123
BEL,Belgium,2011,47760.8298776546
BEL,Belgium,2010,44197.393671162
BEL,Belgium,2009,44923.3400135081
BEL,Belgium,2008,48303.397956286
BEL,Belgium,2007,44319.165448813
BEL,Belgium,2006,38705.1067959147
BEL,Belgium,2005,36809.7013403619
BEL,Belgium,2004,35429.4077933344
BEL,Belgium,2003,30655.2092679024
BEL,Belgium,2002,25006.191397109
BEL,Belgium,2001,23015.0712632462
BEL,Belgium,2000,23098.8865077401
BEL,Belgium,1999,25252.8019066564
BEL,Belgium,1998,25338.4432934904
BEL,Belgium,1997,24820.9380503896
BEL,Belgium,1996,27489.5551770488
BEL,Belgium,1995,28413.8264387368
BEL,Belgium,1994,24208.5547931447
BEL,Belgium,1993,22283.9360213551
BEL,Belgium,1992,23372.619171015
BEL,Belgium,1991,21041.6606519648
BEL,Belgium,1990,20600.3752789827
BLZ,Belize,2020,5238.54078175696
BLZ,Belize,2019,6171.61449761423
BLZ,Belize,2018,6011.99036888587
BLZ,Belize,2017,6071.85451846453
BLZ,Belize,2016,6140.86713919469
BLZ,Belize,2015,6154.62264230369
BLZ,Belize,2014,6128.12053089077
BLZ,Belize,2013,5957.34953619006
BLZ,Belize,2012,5732.66519942347
BLZ,Belize,2011,5596.05222152289
BLZ,Belize,2010,5461.40735999001
BLZ,Belize,2009,5399.67100001919
BLZ,Belize,2008,5711.81458859709
BLZ,Belize,2007,5762.21023302938
BLZ,Belize,2006,5524.78167834986
BLZ,Belize,2005,5270.41479135312
BLZ,Belize,2004,5153.71308265363
BLZ,Belize,2003,4959.74012434605
BLZ,Belize,2002,4858.86062599362
BLZ,Belize,2001,4718.77715104739
BLZ,Belize,2000,4726.50675459616
BLZ,Belize,1999,4289.5277590653
BLZ,Belize,1998,4125.92539958166
BLZ,Belize,1997,4014.40380600241
BLZ,Belize,1996,4043.26517997242
BLZ,Belize,1995,4009.82752539849
BLZ,Belize,1994,3876.69327011457
BLZ,Belize,1993,3859.6584437307
BLZ,Belize,1992,3642.9480634402
BLZ,Belize,1991,3190.13098802395
BLZ,Belize,1990,2986.46962075029
BEN,Benin,2020,1200.19426557789
BEN,Benin,2019,1130.82135339795
BEN,Benin,2018,1151.7409703472
BEN,Benin,2017,1054.97408066814
BEN,Benin,2016,1010.5338961993
BEN,Benin,2015,1002.41886879614
BEN,Benin,2014,1204.39918670094
BEN,Benin,2013,1168.92699279226
BEN,Benin,2012,1071.5258366283
BEN,Benin,2011,1059.41358852588
BEN,Benin,2010,973.244254931526
BEN,Benin,2009,1024.10277858112
BEN,Benin,2008,1060.60254502099
BEN,Benin,2007,912.338247188342
BEN,Benin,2006,809.147072506221
BEN,Benin,2005,779.437777753268
BEN,Benin,2004,758.695803786371
BEN,Benin,2003,676.002878084282
BEN,Benin,2002,546.463829658159
BEN,Benin,2001,492.401499509072
BEN,Benin,2000,487.424141384242
BEN,Benin,1999,525.130597245974
BEN,Benin,1998,361.601983057505
BEN,Benin,1997,344.550491498963
BEN,Benin,1996,369.394384135736
BEN,Benin,1995,348.435238914394
BEN,Benin,1994,262.129807445074
BEN,Benin,1993,387.310054813122
BEN,Benin,1992,301.77329696287
BEN,Benin,1991,364.689296016645
BEN,Benin,1990,371.101604332357
BMU,Bermuda,2020,106976.546239632
BMU,Bermuda,2019,115798.040775578
BMU,Bermuda,2018,113204.82210838
BMU,Bermuda,2017,112339.425587467
BMU,Bermuda,2016,108747.356144305
BMU,Bermuda,2015,104855.366822135
BMU,Bermuda,2014,100961.576602811
BMU,Bermuda,2013,101704.40746217
BMU,Bermuda,2012,100213.493385287
BMU,Bermuda,2011,99049.0169927667
BMU,Bermuda,2010,104111.824244802
BMU,Bermuda,2009,104711.712420357
BMU,Bermuda,2008,110268.562401264
BMU,Bermuda,2007,107395.651483891
BMU,Bermuda,2006,97781.4558996721
BMU,Bermuda,2005,77628.103522508
BMU,Bermuda,2004,71692.1589001679
BMU,Bermuda,2003,67106.8028083224
BMU,Bermuda,2002,63358.5658652763
BMU,Bermuda,2001,59490.2452034202
BMU,Bermuda,2000,56542.9569455727
BMU,Bermuda,1999,54388.3417315621
BMU,Bermuda,1998,51629.2814855126
BMU,Bermuda,1997,48736.6768034299
BMU,Bermuda,1996,45063.6149332085
BMU,Bermuda,1995,34115.3445553204
BMU,Bermuda,1994,31543.0634861641
BMU,Bermuda,1993,30950.0799102285
BMU,Bermuda,1992,28761.9634632835
BMU,Bermuda,1991,28195.7091611479
BMU,Bermuda,1990,27665.525808301
BTN,Bhutan,2020,3191.66906999331
BTN,Bhutan,2019,3576.87987100503
BTN,Bhutan,2018,3400.20417245342
BTN,Bhutan,2017,3435.28804735662
BTN,Bhutan,2016,3152.30905106786
BTN,Bhutan,2015,2954.04081911097
BTN,Bhutan,2014,2849.49998647303
BTN,Bhutan,2013,2679.95217201538
BTN,Bhutan,2012,2751.2128864294
BTN,Bhutan,2011,2787.97967608562
BTN,Bhutan,2010,2435.5798056672
BTN,Bhutan,2009,1918.39599211093
BTN,Bhutan,2008,1919.59774896395
BTN,Bhutan,2007,1850.41570433398
BTN,Bhutan,2006,1405.6071618158
BTN,Bhutan,2005,1299.94938578359
BTN,Bhutan,2004,1130.35934606796
BTN,Bhutan,2003,1022.38240311018
BTN,Bhutan,2002,895.799489930972
BTN,Bhutan,2001,812.238210772056
BTN,Bhutan,2000,771.924911410619
BTN,Bhutan,1999,685.419830628567
BTN,Bhutan,1998,638.278962310609
BTN,Bhutan,1997,630.447410148304
BTN,Bhutan,1996,552.873891403681
BTN,Bhutan,1995,530.103676927417
BTN,Bhutan,1994,467.008312125283
BTN,Bhutan,1993,407.39984249657
BTN,Bhutan,1992,415.791522568451
BTN,Bhutan,1991,400.634705187075
BTN,Bhutan,1990,488.327431477129
BOL,Bolivia,2020,3580.96761778303
BOL,Bolivia,2019,4203.15492855788
BOL,Bolivia,2018,4206.8552936661
BOL,Bolivia,2017,4048.40119739839
BOL,Bolivia,2016,3035.87347732132
BOL,Bolivia,2015,2996.01289811344
BOL,Bolivia,2014,3041.43503162408
BOL,Bolivia,2013,2870.02377000756
BOL,Bolivia,2012,2575.59857098084
BOL,Bolivia,2011,2315.52121930607
BOL,Bolivia,2010,1929.78373077158
BOL,Bolivia,2009,1731.18172112209
BOL,Bolivia,2008,1692.67248455876
BOL,Bolivia,2007,1354.54905949929
BOL,Bolivia,2006,1202.71150446327
BOL,Bolivia,2005,1020.12326200737
BOL,Bolivia,2004,953.191893246277
BOL,Bolivia,2003,893.013760211149
BOL,Bolivia,2002,888.221328974352
BOL,Bolivia,2001,930.168227214313
BOL,Bolivia,2000,975.777060358751
BOL,Bolivia,1999,979.344494964572
BOL,Bolivia,1998,1022.14506519545
BOL,Bolivia,1997,970.351843368594
BOL,Bolivia,1996,922.113259069714
BOL,Bolivia,1995,852.754034861444
BOL,Bolivia,1994,774.035669644318
BOL,Bolivia,1993,756.637016048451
BOL,Bolivia,1992,759.57113496365
BOL,Bolivia,1991,733.935487602519
BOL,Bolivia,1990,682.67681029538
BIH,Bosnia and Herzegovina,2020,6130.31187968266
BIH,Bosnia and Herzegovina,2019,6122.37541352353
BIH,Bosnia and Herzegovina,2018,6047.84707207392
BIH,Bosnia and Herzegovina,2017,5345.01978766473
BIH,Bosnia and Herzegovina,2016,4928.5665903114
BIH,Bosnia and Herzegovina,2015,4662.25869219448
BIH,Bosnia and Herzegovina,2014,5206.06573475132
BIH,Bosnia and Herzegovina,2013,5034.56634817068
BIH,Bosnia and Herzegovina,2012,4693.78899115381
BIH,Bosnia and Herzegovina,2011,4982.69375768263
BIH,Bosnia and Herzegovina,2010,4506.47828548389
BIH,Bosnia and Herzegovina,2009,4539.91863774968
BIH,Bosnia and Herzegovina,2008,4841.69311934649
BIH,Bosnia and Herzegovina,2007,3931.48948737505
BIH,Bosnia and Herzegovina,2006,3166.12865344833
BIH,Bosnia and Herzegovina,2005,2739.61076866057
BIH,Bosnia and Herzegovina,2004,2452.6860917386
BIH,Bosnia and Herzegovina,2003,2033.94700935864
BIH,Bosnia and Herzegovina,2002,1606.5467454132
BIH,Bosnia and Herzegovina,2001,1387.89362942121
BIH,Bosnia and Herzegovina,2000,1338.48059636261
BIH,Bosnia and Herzegovina,1999,1134.60298042083
BIH,Bosnia and Herzegovina,1998,1006.70479669823
BIH,Bosnia and Herzegovina,1997,913.813399054859
BIH,Bosnia and Herzegovina,1996,718.933797141505
BIH,Bosnia and Herzegovina,1995,502.365980975339
BIH,Bosnia and Herzegovina,1994,337.090896023259
BIH,Bosnia and Herzegovina,1993,929.872118717018
BIH,Bosnia and Herzegovina,1992,1118.17569934079
BIH,Bosnia and Herzegovina,1991,1373.37104472973
BIH,Bosnia and Herzegovina,1990,1742.88262171767
BWA,Botswana,2020,6323.2974967659
BWA,Botswana,2019,7172.08956480028
BWA,Botswana,2018,7407.95940141786
BWA,Botswana,2017,7104.96401088027
BWA,Botswana,2016,6749.05994339013
BWA,Botswana,2015,6141.20394726616
BWA,Botswana,2014,7122.36423421503
BWA,Botswana,2013,6666.91219583487
BWA,Botswana,2012,6595.53845015424
BWA,Botswana,2011,7287.38295334919
BWA,Botswana,2010,6215.73216077919
BWA,Botswana,2009,5082.93388332404
BWA,Botswana,2008,5503.07395314313
BWA,Botswana,2007,5529.12574632532
BWA,Botswana,2006,5291.58379144849
BWA,Botswana,2005,5391.07076619634
BWA,Botswana,2004,4956.69287735214
BWA,Botswana,2003,4230.12326909926
BWA,Botswana,2002,3117.25087183011
BWA,Botswana,2001,3206.07123689853
BWA,Botswana,2000,3450.81180622992
BWA,Botswana,1999,3339.99596033431
BWA,Botswana,1998,2981.19639702109
BWA,Botswana,1997,3194.18106145858
BWA,Botswana,1996,3156.26865681161
BWA,Botswana,1995,3156.18194514079
BWA,Botswana,1994,2917.25514197806
BWA,Botswana,1993,2929.43119022452
BWA,Botswana,1992,3004.61263362306
BWA,Botswana,1991,2938.59442659608
BWA,Botswana,1990,2903.15381562611
BRA,Brazil,2020,7074.19378337644
BRA,Brazil,2019,9029.83326681073
BRA,Brazil,2018,9300.66164923219
BRA,Brazil,2017,10080.5092819305
BRA,Brazil,2016,8836.28652735657
BRA,Brazil,2015,8936.19661712113
BRA,Brazil,2014,12274.9939689363
BRA,Brazil,2013,12458.8912138813
BRA,Brazil,2012,12521.7213519966
BRA,Brazil,2011,13396.6243562986
BRA,Brazil,2010,11403.2821278747
BRA,Brazil,2009,8678.6592244676
BRA,Brazil,2008,8908.33176538648
BRA,Brazil,2007,7409.69130673473
BRA,Brazil,2006,5934.14470924968
BRA,Brazil,2005,4827.78173074714
BRA,Brazil,2004,3663.823188064
BRA,Brazil,2003,3090.6070097455
BRA,Brazil,2002,2855.94018885769
BRA,Brazil,2001,3176.28935747524
BRA,Brazil,2000,3766.54811466032
BRA,Brazil,1999,3493.57162513699
BRA,Brazil,1998,5105.89099544117
BRA,Brazil,1997,5299.39630404412
BRA,Brazil,1996,5179.13052002464
BRA,Brazil,1995,4756.74840785403
BRA,Brazil,1994,3298.71250747787
BRA,Brazil,1993,2348.88247685352
BRA,Brazil,1992,2127.31642731638
BRA,Brazil,1991,2257.6092968885
BRA,Brazil,1990,2581.14187449078
BRN,Brunei Darussalam,2020,26834.3592233943
BRN,Brunei Darussalam,2019,30426.5730656528
BRN,Brunei Darussalam,2018,30988.1190267227
BRN,Brunei Darussalam,2017,28024.3824580252
BRN,Brunei Darussalam,2016,26663.2972950602
BRN,Brunei Darussalam,2015,30625.1287744656
BRN,Brunei Darussalam,2014,41026.5084247957
BRN,Brunei Darussalam,2013,44003.0644273461
BRN,Brunei Darussalam,2012,46968.5971164922
BRN,Brunei Darussalam,2011,46382.8274255349
BRN,Brunei Darussalam,2010,34937.5555357155
BRN,Brunei Darussalam,2009,30946.4673773828
BRN,Brunei Darussalam,2008,42156.5685838672
BRN,Brunei Darussalam,2007,36217.3290706015
BRN,Brunei Darussalam,2006,34674.7995236452
BRN,Brunei Darussalam,2005,29386.2703822862
BRN,Brunei Darussalam,2004,24423.0946995548
BRN,Brunei Darussalam,2003,20677.9001143188
BRN,Brunei Darussalam,2002,18621.2922577525
BRN,Brunei Darussalam,2001,18287.8272281914
BRN,Brunei Darussalam,2000,20130.2572346624
BRN,Brunei Darussalam,1999,19752.2013255542
BRN,Brunei Darussalam,1998,17769.2463451942
BRN,Brunei Darussalam,1997,25522.3975038009
BRN,Brunei Darussalam,1996,25692.2357348562
BRN,Brunei Darussalam,1995,26443.2564746713
BRN,Brunei Darussalam,1994,22766.587177075
BRN,Brunei Darussalam,1993,22397.0737447404
BRN,Brunei Darussalam,1992,23450.8964055243
BRN,Brunei Darussalam,1991,23932.1897281583
BRN,Brunei Darussalam,1990,23658.7166330381
BGR,Bulgaria,2020,10760.7616180234
BGR,Bulgaria,2019,10354.2500414088
BGR,Bulgaria,2018,9849.88769989118
BGR,Bulgaria,2017,8697.13373333715
BGR,Bulgaria,2016,7822.89886431732
BGR,Bulgaria,2015,7269.02586513711
BGR,Bulgaria,2014,8070.01289303544
BGR,Bulgaria,2013,7796.37945241455
BGR,Bulgaria,2012,7432.33753378983
BGR,Bulgaria,2011,7849.98219737366
BGR,Bulgaria,2010,6854.2987837778
BGR,Bulgaria,2009,6988.63048446496
BGR,Bulgaria,2008,7271.67443724077
BGR,Bulgaria,2007,5888.87094585161
BGR,Bulgaria,2006,4523.37797301782
BGR,Bulgaria,2005,3900.02501966492
BGR,Bulgaria,2004,3389.86047992391
BGR,Bulgaria,2003,2719.63335037372
BGR,Bulgaria,2002,2093.08967660564
BGR,Bulgaria,2001,1770.99748249575
BGR,Bulgaria,2000,1621.3452487867
BGR,Bulgaria,1999,1660.9935924411
BGR,Bulgaria,1998,1820.5415264678
BGR,Bulgaria,1997,1361.47904618155
BGR,Bulgaria,1996,1470.26721873691
BGR,Bulgaria,1995,2259.36679369328
BGR,Bulgaria,1994,1149.89347084177
BGR,Bulgaria,1993,1278.5223581096
BGR,Bulgaria,1992,1007.34296439412
BGR,Bulgaria,1991,883.739622070812
BGR,Bulgaria,1990,2377.3707947508
BFA,Burkina Faso,2020,825.237038782475
BFA,Burkina Faso,2019,764.853077774946
BFA,Burkina Faso,2018,777.465618514048
BFA,Burkina Faso,2017,709.091535894695
BFA,Burkina Faso,2016,663.742364842886
BFA,Burkina Faso,2015,630.124750752312
BFA,Burkina Faso,2014,764.861675106225
BFA,Burkina Faso,2013,759.762065168498
BFA,Burkina Faso,2012,731.470138867833
BFA,Burkina Faso,2011,725.024767725475
BFA,Burkina Faso,2010,624.957252224766
BFA,Burkina Faso,2009,601.569520671859
BFA,Burkina Faso,2008,619.437533256264
BFA,Burkina Faso,2007,514.684451177238
BFA,Burkina Faso,2006,455.513655620024
BFA,Burkina Faso,2005,441.164148016012
BFA,Burkina Faso,2004,403.81283743461
BFA,Burkina Faso,2003,362.373899996953
BFA,Burkina Faso,2002,285.654087637533
BFA,Burkina Faso,2001,259.485223380436
BFA,Burkina Faso,2000,248.908526921752
BFA,Burkina Faso,1999,292.836958697313
BFA,Burkina Faso,1998,249.53173292493
BFA,Burkina Faso,1997,223.853958525611
BFA,Burkina Faso,1996,242.733171352672
BFA,Burkina Faso,1995,229.092294496817
BFA,Burkina Faso,1994,187.21142372606
BFA,Burkina Faso,1993,324.111576707435
BFA,Burkina Faso,1992,348.592443894547
BFA,Burkina Faso,1991,333.70605512636
BFA,Burkina Faso,1990,338.593759055128
BDI,Burundi,2020,252.702452750006
BDI,Burundi,2019,234.31061590725
BDI,Burundi,2018,245.661678332009
BDI,Burundi,2017,246.060725714184
BDI,Burundi,2016,232.937812100153
BDI,Burundi,2015,254.402585226788
BDI,Burundi,2014,250.544492155185
BDI,Burundi,2013,234.844770150871
BDI,Burundi,2012,231.098787811507
BDI,Burundi,2011,230.069761381132
BDI,Burundi,2010,216.727705301976
BDI,Burundi,2009,198.431524048225
BDI,Burundi,2008,189.502074570768
BDI,Burundi,2007,166.162744906755
BDI,Burundi,2006,161.892755640319
BDI,Burundi,2005,147.234619294225
BDI,Burundi,2004,125.194965184533
BDI,Burundi,2003,111.406682804391
BDI,Burundi,2002,120.952308575468
BDI,Burundi,2001,132.159554541932
BDI,Burundi,2000,134.537861752389
BDI,Burundi,1999,127.51419578119
BDI,Burundi,1998,144.456948255536
BDI,Burundi,1997,160.278342046962
BDI,Burundi,1996,143.156741187159
BDI,Burundi,1995,164.915311679326
BDI,Burundi,1994,161.892584261635
BDI,Burundi,1993,165.344120319403
BDI,Burundi,1992,184.868970456447
BDI,Burundi,1991,204.668258398817
BDI,Burundi,1990,202.629446176297
CPV,Cabo Verde,2020,3539.22661248299
CPV,Cabo Verde,2019,4380.78117331128
CPV,Cabo Verde,2018,4294.96510035729
CPV,Cabo Verde,2017,3893.09571382506
CPV,Cabo Verde,2016,3608.96605234906
CPV,Cabo Verde,2015,3415.06266730931
CPV,Cabo Verde,2014,3985.60706548134
CPV,Cabo Verde,2013,3960.97596791345
CPV,Cabo Verde,2012,3736.81517011087
CPV,Cabo Verde,2011,4002.01386888785
CPV,Cabo Verde,2010,3579.46006137809
CPV,Cabo Verde,2009,3659.72046361628
CPV,Cabo Verde,2008,3908.64885822576
CPV,Cabo Verde,2007,3324.57675212498
CPV,Cabo Verde,2006,2256.99666191075
CPV,Cabo Verde,2005,2004.14680417563
CPV,Cabo Verde,2004,1929.49081468781
CPV,Cabo Verde,2003,1717.97565369655
CPV,Cabo Verde,2002,1328.57874270666
CPV,Cabo Verde,2001,1223.33055331575
CPV,Cabo Verde,2000,1189.51479345891
CPV,Cabo Verde,1999,1326.74466945164
CPV,Cabo Verde,1998,1186.74294773086
CPV,Cabo Verde,1997,1133.57422614008
CPV,Cabo Verde,1996,1179.51522705182
CPV,Cabo Verde,1995,1165.13832331934
CPV,Cabo Verde,1994,991.108974352157
CPV,Cabo Verde,1993,1220.04997868613
CPV,Cabo Verde,1992,907.847909529157
CPV,Cabo Verde,1991,831.61388764249
CPV,Cabo Verde,1990,817.442925539738
KHM,Cambodia,2020,2081.73914242939
KHM,Cambodia,2019,2225.87705485686
KHM,Cambodia,2018,2036.67377566578
KHM,Cambodia,2017,1826.35391688754
KHM,Cambodia,2016,1675.19555711109
KHM,Cambodia,2015,1547.32010444393
KHM,Cambodia,2014,1431.56396469993
KHM,Cambodia,2013,1305.6600972686
KHM,Cambodia,2012,1192.80263041673
KHM,Cambodia,2011,1088.98152823081
KHM,Cambodia,2010,952.274616324008
KHM,Cambodia,2009,875.748936193569
KHM,Cambodia,2008,866.283999789749
KHM,Cambodia,2007,731.692295125426
KHM,Cambodia,2006,612.252648550727
KHM,Cambodia,2005,525.797325120926
KHM,Cambodia,2004,444.199067529081
KHM,Cambodia,2003,386.691123931778
KHM,Cambodia,2002,350.147276634294
KHM,Cambodia,2001,327.500984314444
KHM,Cambodia,2000,296.426687526334
KHM,Cambodia,1999,286.753596443196
KHM,Cambodia,1998,258.780953189377
KHM,Cambodia,1997,297.59041960803
KHM,Cambodia,1996,324.655870983004
KHM,Cambodia,1995,343.485224671585
KHM,Cambodia,1994,302.1307854832
KHM,Cambodia,1993,294.059372727558
KHM,Cambodia,1992,307.094922385136
KHM,Cambodia,1991,267.336306726982
KHM,Cambodia,1990,190.181470036159
CMR,Cameroon,2020,1555.60370660749
CMR,Cameroon,2019,1555.22660476477
CMR,Cameroon,2018,1610.69641591017
CMR,Cameroon,2017,1496.08951771242
CMR,Cameroon,2016,1441.7201725688
CMR,Cameroon,2015,1415.00009710569
CMR,Cameroon,2014,1649.4433905949
CMR,Cameroon,2013,1575.92882118897
CMR,Cameroon,2012,1449.09874362279
CMR,Cameroon,2011,1513.96056994878
CMR,Cameroon,2010,1398.58702025047
CMR,Cameroon,2009,1461.38999232337
CMR,Cameroon,2008,1492.14269801453
CMR,Cameroon,2007,1325.67248215933
CMR,Cameroon,2006,1191.45458990968
CMR,Cameroon,2005,1142.62466252106
CMR,Cameroon,2004,1133.39326749673
CMR,Cameroon,2003,988.241276791846
CMR,Cameroon,2002,789.623811072554
CMR,Cameroon,2001,715.470296470585
CMR,Cameroon,2000,708.565731625965
CMR,Cameroon,1999,796.262649784591
CMR,Cameroon,1998,798.745621406677
CMR,Cameroon,1997,783.251601945462
CMR,Cameroon,1996,826.965322327363
CMR,Cameroon,1995,832.006674487689
CMR,Cameroon,1994,700.70950185009
CMR,Cameroon,1993,1309.93629975506
CMR,Cameroon,1992,1005.44897647465
CMR,Cameroon,1991,1014.82897292999
CMR,Cameroon,1990,1086.71700937081
CAN,Canada,2020,43537.8981198851
CAN,Canada,2019,46352.9695208927
CAN,Canada,2018,46539.2177903178
CAN,Canada,2017,45129.7335281051
CAN,Canada,2016,42314.1033623905
CAN,Canada,2015,43594.2379080706
CAN,Canada,2014,50960.8942086685
CAN,Canada,2013,52637.7313222622
CAN,Canada,2012,52670.1429540952
CAN,Canada,2011,52224.1237767406
CAN,Canada,2010,47560.8378831258
CAN,Canada,2009,40874.9612318547
CAN,Canada,2008,46710.3654423328
CAN,Canada,2007,44660.0838892281
CAN,Canada,2006,40504.8490329826
CAN,Canada,2005,36383.9671341396
CAN,Canada,2004,32145.5653280273
CAN,Canada,2003,28301.9097055898
CAN,Canada,2002,24256.0598742201
CAN,Canada,2001,23822.096210932
CAN,Canada,2000,24271.0020563821
CAN,Canada,1999,22315.3130930482
CAN,Canada,1998,21024.5627149423
CAN,Canada,1997,21901.5870048928
CAN,Canada,1996,21296.9723536904
CAN,Canada,1995,20679.634792669
CAN,Canada,1994,19997.6237373354
CAN,Canada,1993,20186.7988782965
CAN,Canada,1992,20950.3305287651
CAN,Canada,1991,21846.7930471354
CAN,Canada,1990,21525.8611387148
CYM,Cayman Islands,2020,82338.7977439023
CYM,Cayman Islands,2019,88254.2903677044
CYM,Cayman Islands,2018,83865.5531568184
CYM,Cayman Islands,2017,80053.9444506891
CYM,Cayman Islands,2016,77802.2541567187
CYM,Cayman Islands,2015,76379.2095108681
CYM,Cayman Islands,2014,75845.3060407986
CYM,Cayman Islands,2013,75113.7332398618
CYM,Cayman Islands,2012,75101.59136128
CYM,Cayman Islands,2011,75280.960764889
CYM,Cayman Islands,2010,76837.6699636672
CYM,Cayman Islands,2009,81373.5711516642
CYM,Cayman Islands,2008,89655.1196222184
CYM,Cayman Islands,2007,89888.2618212462
CYM,Cayman Islands,2006,87085.0937376216
CAF,Central African Republic,2020,462.879071294011
CAF,Central African Republic,2019,449.228467602439
CAF,Central African Republic,2018,455.243962859534
CAF,Central African Republic,2017,432.324025684263
CAF,Central African Republic,2016,387.176203444318
CAF,Central African Republic,2015,366.322853938121
CAF,Central African Republic,2014,409.8504859647
CAF,Central African Republic,2013,364.36696260838
CAF,Central African Republic,2012,544.395849142785
CAF,Central African Republic,2011,534.057281471636
CAF,Central African Republic,2010,476.873786950728
CAF,Central African Republic,2009,456.471673898404
CAF,Central African Republic,2008,437.24827472489
CAF,Central African Republic,2007,380.887048839475
CAF,Central African Republic,2006,333.942519903031
CAF,Central African Republic,2005,311.950023138687
CAF,Central African Republic,2004,303.461321152782
CAF,Central African Republic,2003,278.403992150941
CAF,Central African Republic,2002,248.639290978403
CAF,Central African Republic,2001,237.951702544735
CAF,Central African Republic,2000,239.154133726071
CAF,Central African Republic,1999,267.995954011083
CAF,Central African Republic,1998,266.570544600384
CAF,Central African Republic,1997,265.5212823896
CAF,Central African Republic,1996,293.306575328658
CAF,Central African Republic,1995,333.145863233895
CAF,Central African Republic,1994,261.260397409459
CAF,Central African Republic,1993,404.954546941526
CAF,Central African Republic,1992,461.587303490896
CAF,Central African Republic,1991,464.828283626364
CAF,Central African Republic,1990,501.656200636394
TCD,Chad,2020,866.947814890409
TCD,Chad,2019,893.336441643325
TCD,Chad,2018,948.656629871231
TCD,Chad,2017,854.46120040098
TCD,Chad,2016,861.831767630746
TCD,Chad,2015,993.990730610869
TCD,Chad,2014,1278.78981422494
TCD,Chad,2013,1304.88742971475
TCD,Chad,2012,1354.34344701937
TCD,Chad,2011,1308.1421872538
TCD,Chad,2010,1141.80069268412
TCD,Chad,2009,1035.63719694254
TCD,Chad,2008,1166.36883453841
TCD,Chad,2007,980.483531485103
TCD,Chad,2006,906.897260572747
TCD,Chad,2005,838.092107712557
TCD,Chad,2004,445.850767157087
TCD,Chad,2003,289.087621122168
TCD,Chad,2002,219.061391951349
TCD,Chad,2001,194.32295331156
TCD,Chad,2000,163.121663683369
TCD,Chad,1999,186.638531146223
TCD,Chad,1998,219.779530915601
TCD,Chad,1997,201.384076969355
TCD,Chad,1996,216.912541056484
TCD,Chad,1995,203.964852705041
TCD,Chad,1994,173.928895064035
TCD,Chad,1993,220.729964903293
TCD,Chad,1992,290.648286132566
TCD,Chad,1991,302.487268390603
TCD,Chad,1990,290.599045262191
CHI,Channel Islands,2020,56785.9402005039
CHI,Channel Islands,2019,60564.6293993681
CHI,Channel Islands,2018,60784.8125397162
CHI,Channel Islands,2017,55806.3554257428
CHI,Channel Islands,2016,55947.579811974
CHI,Channel Islands,2015,61847.8212238857
CHI,Channel Islands,2014,64697.5485024325
CHI,Channel Islands,2013,59308.4666588674
CHI,Channel Islands,2012,58809.5698945413
CHI,Channel Islands,2011,60415.2632075658
CHI,Channel Islands,2010,56123.4597963451
CHI,Channel Islands,2009,57778.5407063052
CHI,Channel Islands,2007,74139.97799443
CHI,Channel Islands,2006,62745.1006593557
CHI,Channel Islands,2005,57647.1188908006
CHI,Channel Islands,2004,56259.5344226334
CHI,Channel Islands,2003,48570.7796632166
CHI,Channel Islands,2002,44459.7318188977
CHI,Channel Islands,2001,41873.7406146127
CHI,Channel Islands,2000,43479.1940767689
CHI,Channel Islands,1999,42443.7199726991
CHI,Channel Islands,1998,40472.6653548172
CHL,Chile,2020,13117.9930230086
CHL,Chile,2019,14496.9345640362
CHL,Chile,2018,15659.4808675628
CHL,Chile,2017,14879.9086227187
CHL,Chile,2016,13649.8520452803
CHL,Chile,2015,13433.9202987032
CHL,Chile,2014,14529.6767206336
CHL,Chile,2013,15683.5486369155
CHL,Chile,2012,15241.9069981119
CHL,Chile,2011,14487.3927832032
CHL,Chile,2010,12632.8704724192
CHL,Chile,2009,10098.8017167286
CHL,Chile,2008,10683.2188772511
CHL,Chile,2007,10346.4138184533
CHL,Chile,2006,9318.65655296121
CHL,Chile,2005,7480.32330998636
CHL,Chile,2004,6120.59152055344
CHL,Chile,2003,4773.40177520754
CHL,Chile,2002,4430.84741157984
CHL,Chile,2001,4563.5952986689
CHL,Chile,2000,5052.99245766325
CHL,Chile,1999,4933.55581516755
CHL,Chile,1998,5419.82417297191
CHL,Chile,1997,5741.95842989596
CHL,Chile,1996,5333.50438729711
CHL,Chile,1995,5081.4682771561
CHL,Chile,1994,4012.10159912285
CHL,Chile,1993,3540.91377313015
CHL,Chile,1992,3351.84108855522
CHL,Chile,1991,2798.34262413795
CHL,Chile,1990,2487.76829657299
CHN,China,2020,10627.4637989619
CHN,China,2019,10342.9009524335
CHN,China,2018,10085.6638148819
CHN,China,2017,8979.67652709856
CHN,China,2016,8254.86859320357
CHN,China,2015,8175.33285077393
CHN,China,2014,7781.06597484974
CHN,China,2013,7147.03518622344
CHN,China,2012,6405.0574241349
CHN,China,2011,5703.76027973346
CHN,China,2010,4629.24551710077
CHN,China,2009,3898.24459158811
CHN,China,2008,3523.44302065213
CHN,China,2007,2734.72709877693
CHN,China,2006,2129.25696999613
CHN,China,2005,1777.64496828464
CHN,China,2004,1530.92726215723
CHN,China,2003,1306.97245408557
CHN,China,2002,1163.55957673426
CHN,China,2001,1065.40597574519
CHN,China,2000,969.199513696287
CHN,China,1999,881.146614068925
CHN,China,1998,835.095348597432
CHN,China,1997,786.743548510999
CHN,China,1996,713.337387811657
CHN,China,1995,612.680277898627
CHN,China,1994,475.677874448369
CHN,China,1993,378.939353053314
CHN,China,1992,367.822651903542
CHN,China,1991,334.130288119078
CHN,China,1990,318.50335359039
COL,Colombia,2020,5339.68711357943
COL,Colombia,2019,6472.54544924705
COL,Colombia,2018,6816.96818309544
COL,Colombia,2017,6479.53231292429
COL,Colombia,2016,5959.84250367574
COL,Colombia,2015,6248.51490534512
COL,Colombia,2014,8187.20824890084
COL,Colombia,2013,8279.10255642981
COL,Colombia,2012,8108.59838244229
COL,Colombia,2011,7400.9940695669
COL,Colombia,2010,6398.2958447102
COL,Colombia,2009,5250.97292433518
COL,Colombia,2008,5541.83629665898
COL,Colombia,2007,4769.926147194
COL,Colombia,2006,3789.85361217027
COL,Colombia,2005,3456.06610874512
COL,Colombia,2004,2818.57195413044
COL,Colombia,2003,2311.94218760291
COL,Colombia,2002,2428.92969771584
COL,Colombia,2001,2472.99084035833
COL,Colombia,2000,2555.00751039968
COL,Colombia,1999,2241.22911801216
COL,Colombia,1998,2604.87166959518
COL,Colombia,1997,2873.2814350993
COL,Colombia,1996,2664.64056059983
COL,Colombia,1995,2583.66576349858
COL,Colombia,1994,2325.91872973374
COL,Colombia,1993,1929.26721811738
COL,Colombia,1992,1730.39091795329
COL,Colombia,1991,1485.73971889208
COL,Colombia,1990,1474.8455285342
COM,Comoros,2020,1527.16991011916
COM,Comoros,2019,1519.26386436068
COM,Comoros,2018,1540.71132257526
COM,Comoros,2017,1423.9248027797
COM,Comoros,2016,1365.48403444497
COM,Comoros,2015,1329.37048235986
COM,Comoros,2014,1615.71709756316
COM,Comoros,2013,1603.32653496691
COM,Comoros,2012,1490.31425650871
COM,Comoros,2011,1531.43969320468
COM,Comoros,2010,1386.57533553376
COM,Comoros,2009,1410.30516959473
COM,Comoros,2008,1455.02768595586
COM,Comoros,2007,1289.73631056361
COM,Comoros,2006,1138.47908404345
COM,Comoros,2005,1105.78796866788
COM,Comoros,2004,1072.28409029621
COM,Comoros,2003,959.691049354812
COM,Comoros,2002,764.61349832543
COM,Comoros,2001,681.163857619963
COM,Comoros,2000,633.309032776244
COM,Comoros,1999,707.228776682623
COM,Comoros,1998,704.479817408486
COM,Comoros,1997,714.519968676115
COM,Comoros,1996,786.380773511866
COM,Comoros,1995,800.623567802959
COM,Comoros,1994,652.898017688557
COM,Comoros,1993,903.033729112507
COM,Comoros,1992,938.595399659213
COM,Comoros,1991,879.348889291867
COM,Comoros,1990,903.20430581841
COD,"Congo, Dem. Rep.",2020,486.425572682256
COD,"Congo, Dem. Rep.",2019,504.00419142286
COD,"Congo, Dem. Rep.",2018,518.169626875371
COD,"Congo, Dem. Rep.",2017,431.052559128788
COD,"Congo, Dem. Rep.",2016,459.765036590388
COD,"Congo, Dem. Rep.",2015,495.826633014883
COD,"Congo, Dem. Rep.",2014,489.175952097319
COD,"Congo, Dem. Rep.",2013,460.370334930107
COD,"Congo, Dem. Rep.",2012,409.931424783784
COD,"Congo, Dem. Rep.",2011,372.514273875789
COD,"Congo, Dem. Rep.",2010,352.400398754692
COD,"Congo, Dem. Rep.",2009,280.178991035792
COD,"Congo, Dem. Rep.",2008,352.900363371995
COD,"Congo, Dem. Rep.",2007,294.101615124419
COD,"Congo, Dem. Rep.",2006,255.445229568751
COD,"Congo, Dem. Rep.",2005,214.539740473519
COD,"Congo, Dem. Rep.",2004,180.664764963633
COD,"Congo, Dem. Rep.",2003,161.491553524396
COD,"Congo, Dem. Rep.",2002,162.38052907429
COD,"Congo, Dem. Rep.",2001,142.678142604412
COD,"Congo, Dem. Rep.",2000,377.925421481395
COD,"Congo, Dem. Rep.",1999,96.3192243479286
COD,"Congo, Dem. Rep.",1998,131.461338858019
COD,"Congo, Dem. Rep.",1997,132.323520768553
COD,"Congo, Dem. Rep.",1996,127.416132828292
COD,"Congo, Dem. Rep.",1995,127.008078734668
COD,"Congo, Dem. Rep.",1994,136.542547670676
COD,"Congo, Dem. Rep.",1993,263.335582841074
COD,"Congo, Dem. Rep.",1992,209.726548794417
COD,"Congo, Dem. Rep.",1991,253.79642770809
COD,"Congo, Dem. Rep.",1990,254.872656292509
COG,"Congo, Rep.",2020,1993.586671931
COG,"Congo, Rep.",2019,2488.42466724916
COG,"Congo, Rep.",2018,2694.43413191427
COG,"Congo, Rep.",2017,2211.63309874797
COG,"Congo, Rep.",2016,2093.10728558843
COG,"Congo, Rep.",2015,2439.35189403696
COG,"Congo, Rep.",2014,3601.2365808718
COG,"Congo, Rep.",2013,3697.41705884249
COG,"Congo, Rep.",2012,3732.32737320389
COG,"Congo, Rep.",2011,3396.16505817952
COG,"Congo, Rep.",2010,2946.55798067708
COG,"Congo, Rep.",2009,2271.15219175966
COG,"Congo, Rep.",2008,2832.09177777643
COG,"Congo, Rep.",2007,2206.47101863414
COG,"Congo, Rep.",2006,2103.5821381211
COG,"Congo, Rep.",2005,1799.05158366154
COG,"Congo, Rep.",2004,1306.10136324599
COG,"Congo, Rep.",2003,1016.82363412143
COG,"Congo, Rep.",2002,905.538135544704
COG,"Congo, Rep.",2001,854.598314408095
COG,"Congo, Rep.",2000,1024.30159109181
COG,"Congo, Rep.",1999,776.416349733937
COG,"Congo, Rep.",1998,660.379775085784
COG,"Congo, Rep.",1997,804.304050086499
COG,"Congo, Rep.",1996,898.794050151577
COG,"Congo, Rep.",1995,769.606794842829
COG,"Congo, Rep.",1994,661.904273689712
COG,"Congo, Rep.",1993,1034.37200809816
COG,"Congo, Rep.",1992,1164.22442980292
COG,"Congo, Rep.",1991,1112.53521242945
COG,"Congo, Rep.",1990,1175.66709098428
CRI,Costa Rica,2020,12475.6852076814
CRI,Costa Rica,2019,12951.8588421841
CRI,Costa Rica,2018,12620.0207321581
CRI,Costa Rica,2017,12317.0902779911
CRI,Costa Rica,2016,12091.0301560892
CRI,Costa Rica,2015,11714.7106121672
CRI,Costa Rica,2014,10911.4978703456
CRI,Costa Rica,2013,10803.2401795009
CRI,Costa Rica,2012,10126.9991155066
CRI,Costa Rica,2011,9276.39109377477
CRI,Costa Rica,2010,8265.78820580299
CRI,Costa Rica,2009,6832.69828187486
CRI,Costa Rica,2008,6937.24261660254
CRI,Costa Rica,2007,6137.71199435022
CRI,Costa Rica,2006,5256.59641275583
CRI,Costa Rica,2005,4703.00720463794
CRI,Costa Rica,2004,4431.01172024063
CRI,Costa Rica,2003,4173.14853766977
CRI,Costa Rica,2002,4067.71854177094
CRI,Costa Rica,2001,3985.12987980056
CRI,Costa Rica,2000,3812.75386183689
CRI,Costa Rica,1999,3690.9615476017
CRI,Costa Rica,1998,3617.45758013205
CRI,Costa Rica,1997,3407.77611260904
CRI,Costa Rica,1996,3226.96401664833
CRI,Costa Rica,1995,3275.25258510331
CRI,Costa Rica,1994,3039.56331706225
CRI,Costa Rica,1993,2840.38709085425
CRI,Costa Rica,1992,2612.38762395528
CRI,Costa Rica,1991,2253.3819611182
CRI,Costa Rica,1990,1829.6687089559
CIV,Cote d'Ivoire,2020,2179.72934832935
CIV,Cote d'Ivoire,2019,2141.76836170115
CIV,Cote d'Ivoire,2018,2130.86619381144
CIV,Cote d'Ivoire,2017,1964.29930338343
CIV,Cote d'Ivoire,2016,1862.59597081287
CIV,Cote d'Ivoire,2015,1814.71855088017
CIV,Cote d'Ivoire,2014,1991.36539423404
CIV,Cote d'Ivoire,2013,1786.15862031324
CIV,Cote d'Ivoire,2012,1546.9460184731
CIV,Cote d'Ivoire,2011,1596.62826565998
CIV,Cote d'Ivoire,2010,1553.54887048143
CIV,Cote d'Ivoire,2009,1540.45393569596
CIV,Cote d'Ivoire,2008,1583.97066701372
CIV,Cote d'Ivoire,2007,1367.53817722326
CIV,Cote d'Ivoire,2006,1230.43056838584
CIV,Cote d'Ivoire,2005,1197.74616979415
CIV,Cote d'Ivoire,2004,1199.82524528546
CIV,Cote d'Ivoire,2003,1111.17135087887
CIV,Cote d'Ivoire,2002,967.815864415991
CIV,Cote d'Ivoire,2001,924.727294962066
CIV,Cote d'Ivoire,2000,936.636541348798
CIV,Cote d'Ivoire,1999,1096.13520587572
CIV,Cote d'Ivoire,1998,1177.37133815342
CIV,Cote d'Ivoire,1997,1124.65674867927
CIV,Cote d'Ivoire,1996,1170.23622049666
CIV,Cote d'Ivoire,1995,740.4730999133
CIV,Cote d'Ivoire,1994,581.888468577405
CIV,Cote d'Ivoire,1993,804.149657211252
CIV,Cote d'Ivoire,1992,844.902223806738
CIV,Cote d'Ivoire,1991,827.241889166985
CIV,Cote d'Ivoire,1990,885.647842214928
HRV,Croatia,2020,14807.5559227544
HRV,Croatia,2019,15563.7354996625
HRV,Croatia,2018,15460.4560798984
HRV,Croatia,2017,13901.6498657787
HRV,Croatia,2016,12820.1872746645
HRV,Croatia,2015,12283.8750299177
HRV,Croatia,2014,14186.7712230471
HRV,Croatia,2013,14135.0903485872
HRV,Croatia,2012,13507.6349882758
HRV,Croatia,2011,14691.591757962
HRV,Croatia,2010,13729.7472872883
HRV,Croatia,2009,14474.52513863
HRV,Croatia,2008,15888.1184388903
HRV,Croatia,2007,13755.8149054063
HRV,Croatia,2006,11501.2327422844
HRV,Croatia,2005,10443.4484003498
HRV,Croatia,2004,9718.92771524605
HRV,Croatia,2003,8189.99059314699
HRV,Croatia,2002,6219.56093667781
HRV,Croatia,2001,5364.88188501029
HRV,Croatia,2000,4953.57515008131
HRV,Croatia,1999,5269.01488637462
HRV,Croatia,1998,5712.49829262763
HRV,Croatia,1997,5330.9148941072
HRV,Croatia,1996,5299.74887884048
HRV,Croatia,1995,4929.02083885825
HRV,Croatia,1994,3237.92646315285
HRV,Croatia,1993,2447.50319141761
HRV,Croatia,1992,2321.15204123035
HRV,Croatia,1991,4000.91677428625
HRV,Croatia,1990,5369.10978590681
CUB,Cuba,2020,9605.27914559614
CUB,Cuba,2019,9232.26115935183
CUB,Cuba,2018,8911.46205998726
CUB,Cuba,2017,8610.60829605429
CUB,Cuba,2016,8110.55874283616
CUB,Cuba,2015,7727.91997207998
CUB,Cuba,2014,7146.70459051328
CUB,Cuba,2013,6828.36428245396
CUB,Cuba,2012,6470.83673392653
CUB,Cuba,2011,6104.46105236166
CUB,Cuba,2010,5272.26755824835
CUB,Cuba,2009,5089.23519757167
CUB,Cuba,2008,4986.12436479175
CUB,Cuba,2007,4807.43888960684
CUB,Cuba,2006,4329.98265964383
CUB,Cuba,2005,3786.33799225291
CUB,Cuba,2004,3399.21962893402
CUB,Cuba,2003,3202.78109865637
CUB,Cuba,2002,3005.21104247868
CUB,Cuba,2001,2842.96704310394
CUB,Cuba,2000,2751.3817714814
CUB,Cuba,1999,2561.77980406838
CUB,Cuba,1998,2332.30656133119
CUB,Cuba,1997,2306.42483397336
CUB,Cuba,1996,2282.18809324202
CUB,Cuba,1995,2785.24442954103
CUB,Cuba,1994,2613.28971869122
CUB,Cuba,1993,2063.20366253587
CUB,Cuba,1992,2047.67900346421
CUB,Cuba,1991,2268.83493247194
CUB,Cuba,1990,2694.31697957692
CUW,Curacao,2020,16299.8134688605
CUW,Curacao,2019,19220.6866958303
CUW,Curacao,2018,19119.1243941688
CUW,Curacao,2017,18938.2440469703
CUW,Curacao,2016,18944.0961493998
CUW,Curacao,2015,19361.8130008678
CUW,Curacao,2014,19623.029993395
CUW,Curacao,2013,19721.2921646576
CUW,Curacao,2012,19809.8223198624
CUW,Curacao,2011,19426.326382752
CUW,Curacao,2010,19847.2310127979
CUW,Curacao,2009,19540.2476579348
CUW,Curacao,2008,19423.3352430175
CUW,Curacao,2007,18005.7165850772
CUW,Curacao,2006,17400.1637780186
CUW,Curacao,2005,17032.3356620744
CUW,Curacao,2004,16671.3403391655
CUW,Curacao,2003,16695.7351137757
CUW,Curacao,2002,16723.6925253468
CUW,Curacao,2001,16609.8454536485
CUW,Curacao,2000,15841.2612359949
CYP,Cyprus,2020,28130.330078125
CYP,Cyprus,2019,29227.16796875
CYP,Cyprus,2018,29120.38671875
CYP,Cyprus,2017,26247.46484375
CYP,Cyprus,2016,24280.044921875
CYP,Cyprus,2015,23088.4296875
CYP,Cyprus,2014,26993.095703125
CYP,Cyprus,2013,27764.7265625
CYP,Cyprus,2012,28991.9296875
CYP,Cyprus,2011,32485.8046875
CYP,Cyprus,2010,31105.02734375
CYP,Cyprus,2009,32236.462890625
CYP,Cyprus,2008,35541.88671875
CYP,Cyprus,2007,31244.87890625
CYP,Cyprus,2006,26729.28125
CYP,Cyprus,2005,24959.26171875
CYP,Cyprus,2004,23792.619140625
CYP,Cyprus,2003,20252.24609375
CYP,Cyprus,2002,16093.2158203125
CYP,Cyprus,2001,14821.44921875
CYP,Cyprus,2000,14388.3525390625
CYP,Cyprus,1999,15287.91796875
CYP,Cyprus,1998,15092.828125
CYP,Cyprus,1997,14234.2412109375
CYP,Cyprus,1996,15139.220703125
CYP,Cyprus,1995,15261.4169921875
CYP,Cyprus,1994,11617.6923828125
CYP,Cyprus,1993,10526.1416015625
CYP,Cyprus,1992,11310.072265625
CYP,Cyprus,1991,9696.099609375
CYP,Cyprus,1990,9641.5751953125
CZE,Czechia,2020,23472.8915454417
CZE,Czechia,2019,24062.7190013343
CZE,Czechia,2018,23705.9329811299
CZE,Czechia,2017,20913.197632212
CZE,Czechia,2016,18753.9686718096
CZE,Czechia,2015,17931.5987670768
CZE,Czechia,2014,20038.4163180257
CZE,Czechia,2013,20260.4954999375
CZE,Czechia,2012,20014.0354015165
CZE,Czechia,2011,22049.1080788682
CZE,Czechia,2010,20160.4355077059
CZE,Czechia,2009,19817.4215836554
CZE,Czechia,2008,22774.7045076205
CZE,Czechia,2007,18452.6532812196
CZE,Czechia,2006,15259.0788162004
CZE,Czechia,2005,13442.4916284309
CZE,Czechia,2004,11782.5546676117
CZE,Czechia,2003,9852.45677945801
CZE,Czechia,2002,8101.26018588111
CZE,Czechia,2001,6669.07494847497
CZE,Czechia,2000,6062.92152842793
CZE,Czechia,1999,6377.6211077224
CZE,Czechia,1998,6526.59635780951
CZE,Czechia,1997,6069.38762357837
CZE,Czechia,1996,6573.19643136362
CZE,Czechia,1995,5865.29460556726
CZE,Czechia,1994,4663.28665345469
CZE,Czechia,1993,3984.1463439879
CZE,Czechia,1992,3396.70972430469
CZE,Czechia,1991,2917.08655474323
CZE,Czechia,1990,3969.36733543794
DNK,Denmark,2020,60985.4885601514
DNK,Denmark,2019,59404.2663247723
DNK,Denmark,2018,61324.7665045565
DNK,Denmark,2017,57521.5514992225
DNK,Denmark,2016,54500.9260410217
DNK,Denmark,2015,53094.0133607574
DNK,Denmark,2014,62520.4509747011
DNK,Denmark,2013,61377.5940590412
DNK,Denmark,2012,58443.7747103968
DNK,Denmark,2011,61809.737898222
DNK,Denmark,2010,58104.5445594981
DNK,Denmark,2009,58412.7472358513
DNK,Denmark,2008,64616.6657583663
DNK,Denmark,2007,58631.6566433635
DNK,Denmark,2006,52119.1787984282
DNK,Denmark,2005,48925.8076698784
DNK,Denmark,2004,46625.050098011
DNK,Denmark,2003,40519.0974905924
DNK,Denmark,2002,33257.1622586509
DNK,Denmark,2001,30768.4775471112
DNK,Denmark,2000,30722.0251837567
DNK,Denmark,1999,33426.2381077405
DNK,Denmark,1998,33346.4884298957
DNK,Denmark,1997,32779.879045297
DNK,Denmark,1996,35621.9878051732
DNK,Denmark,1995,35321.0980773087
DNK,Denmark,1994,29967.8303903163
DNK,Denmark,1993,27581.7241097459
DNK,Denmark,1992,29579.4913648682
DNK,Denmark,1991,27002.8057705804
DNK,Denmark,1990,26885.6994188191
DJI,Djibouti,2020,2844.88810647853
DJI,Djibouti,2019,2837.16902340932
DJI,Djibouti,2018,2718.08338799203
DJI,Djibouti,2017,2618.95521147369
DJI,Djibouti,2016,2510.4300076241
DJI,Djibouti,2015,2376.12554719873
DJI,Djibouti,2014,2214.62084142432
DJI,Djibouti,2013,2075.94498424748
DJI,Djibouti,2012,1400.19357858954
DJI,Djibouti,2011,1306.34552844977
DJI,Djibouti,2010,1213.23352553429
DJI,Djibouti,2009,1150.9375857489
DJI,Djibouti,2008,1119.15233346969
DJI,Djibouti,2007,969.573220191902
DJI,Djibouti,2006,898.464628136774
DJI,Djibouti,2005,844.4483573908
DJI,Djibouti,2004,806.261652944964
DJI,Djibouti,2003,764.634465224597
DJI,Djibouti,2002,743.013270420348
DJI,Djibouti,2001,742.133791107063
DJI,Djibouti,2000,737.612183644052
DJI,Djibouti,1999,740.21930978973
DJI,Djibouti,1998,735.349107889529
DJI,Djibouti,1997,748.232840194914
DJI,Djibouti,1996,761.943659476655
DJI,Djibouti,1995,786.201866748458
DJI,Djibouti,1994,784.556207408331
DJI,Djibouti,1993,758.733842733535
DJI,Djibouti,1992,763.659214503152
DJI,Djibouti,1991,732.733101553782
DJI,Djibouti,1990,780.497719360725
DMA,Dominica,2020,7827.74842680426
DMA,Dominica,2019,9491.14995962374
DMA,Dominica,2018,9215.3085405645
DMA,Dominica,2017,8224.64896571414
DMA,Dominica,2016,8802.56172041363
DMA,Dominica,2015,8282.59874702141
DMA,Dominica,2014,8131.74876096735
DMA,Dominica,2013,7822.21797211398
DMA,Dominica,2012,7528.51001990155
DMA,Dominica,2011,7705.40717248319
DMA,Dominica,2010,7549.61964680375
DMA,Dominica,2009,7487.49010395154
DMA,Dominica,2008,6971.32633839289
DMA,Dominica,2007,6459.03503689609
DMA,Dominica,2006,6055.78109574854
DMA,Dominica,2005,5695.22442394675
DMA,Dominica,2004,5778.83306546506
DMA,Dominica,2003,5447.44011496284
DMA,Dominica,2002,5488.02784969357
DMA,Dominica,2001,5527.51527300496
DMA,Dominica,2000,4867.39896323759
DMA,Dominica,1999,4817.18105502046
DMA,Dominica,1998,4664.24268142919
DMA,Dominica,1997,4372.19712966838
DMA,Dominica,1996,4210.99532034556
DMA,Dominica,1995,3951.72267086358
DMA,Dominica,1994,3805.20278759984
DMA,Dominica,1993,3536.15609185727
DMA,Dominica,1992,3376.26050139573
DMA,Dominica,1991,3171.36577815405
DMA,Dominica,1990,2892.9815966454
DOM,Dominican Republic,2020,7135.22273255899
DOM,Dominican Republic,2019,8183.01623600375
DOM,Dominican Republic,2018,7882.98221584944
DOM,Dominican Republic,2017,7412.71571571512
DOM,Dominican Republic,2016,7160.44200982307
DOM,Dominican Republic,2015,6800.95309395474
DOM,Dominican Republic,2014,6496.45166971142
DOM,Dominican Republic,2013,6136.59429329301
DOM,Dominican Republic,2012,6013.81965002603
DOM,Dominican Republic,2011,5826.51014109195
DOM,Dominican Republic,2010,5478.62470398954
DOM,Dominican Republic,2009,4973.95186999952
DOM,Dominican Republic,2008,5023.58513403515
DOM,Dominican Republic,2007,4649.64558875814
DOM,Dominican Republic,2006,4055.14270347371
DOM,Dominican Republic,2005,3878.31206735244
DOM,Dominican Republic,2004,2451.69161616569
DOM,Dominican Republic,2003,2383.26171780393
DOM,Dominican Republic,2002,3065.60329524196
DOM,Dominican Republic,2001,2935.89367312668
DOM,Dominican Republic,2000,2831.45883638033
DOM,Dominican Republic,1999,2620.8896817272
DOM,Dominican Republic,1998,2607.85457321405
DOM,Dominican Republic,1997,2448.89393535363
DOM,Dominican Republic,1996,2270.86558687203
DOM,Dominican Republic,1995,2109.16940728689
DOM,Dominican Republic,1994,1891.67055679
DOM,Dominican Republic,1993,1722.41995993981
DOM,Dominican Republic,1992,1558.29782071075
DOM,Dominican Republic,1991,1345.84673690623
DOM,Dominican Republic,1990,989.163941207659
ECU,Ecuador,2020,5463.64515348598
ECU,Ecuador,2019,6205.05765246766
ECU,Ecuador,2018,6303.91886658338
ECU,Ecuador,2017,6233.32244797718
ECU,Ecuador,2016,5917.63771271481
ECU,Ecuador,2015,5976.1596805651
ECU,Ecuador,2014,6405.79979300441
ECU,Ecuador,2013,6109.29031510341
ECU,Ecuador,2012,5634.08393191094
ECU,Ecuador,2011,5153.6916424375
ECU,Ecuador,2010,4520.30959039763
ECU,Ecuador,2009,4053.36331139298
ECU,Ecuador,2008,4194.75750661981
ECU,Ecuador,2007,3478.92488770671
ECU,Ecuador,2006,3243.67010359339
ECU,Ecuador,2005,2909.02606014388
ECU,Ecuador,2004,2586.20914663347
ECU,Ecuador,2003,2315.62215223014
ECU,Ecuador,2002,2059.1585535974
ECU,Ecuador,2001,1791.30359685037
ECU,Ecuador,2000,1382.23421759909
ECU,Ecuador,1999,1575.30234730971
ECU,Ecuador,1998,2284.01572847769
ECU,Ecuador,1997,2340.76600026857
ECU,Ecuador,1996,2135.8479374308
ECU,Ecuador,1995,2108.00698245316
ECU,Ecuador,1994,1996.85894789444
ECU,Ecuador,1993,1697.88884141445
ECU,Ecuador,1992,1655.44613192632
ECU,Ecuador,1991,1587.36049996672
ECU,Ecuador,1990,1455.00748510871
EGY,"Egypt, Arab Rep.",2020,3511.11381026379
EGY,"Egypt, Arab Rep.",2019,2962.98892023003
EGY,"Egypt, Arab Rep.",2018,2484.70315630508
EGY,"Egypt, Arab Rep.",2017,2395.10333299491
EGY,"Egypt, Arab Rep.",2016,3270.6287768197
EGY,"Egypt, Arab Rep.",2015,3306.98159414141
EGY,"Egypt, Arab Rep.",2014,3133.39102265541
EGY,"Egypt, Arab Rep.",2013,3025.52563552448
EGY,"Egypt, Arab Rep.",2012,2996.0677072015
EGY,"Egypt, Arab Rep.",2011,2590.64384891965
EGY,"Egypt, Arab Rep.",2010,2455.08194645282
EGY,"Egypt, Arab Rep.",2009,2161.63964573927
EGY,"Egypt, Arab Rep.",2008,1896.21594269779
EGY,"Egypt, Arab Rep.",2007,1547.74170735909
EGY,"Egypt, Arab Rep.",2006,1298.97900203124
EGY,"Egypt, Arab Rep.",2005,1105.53920713903
EGY,"Egypt, Arab Rep.",2004,991.255689145253
EGY,"Egypt, Arab Rep.",2003,1031.27556291284
EGY,"Egypt, Arab Rep.",2002,1116.82884626213
EGY,"Egypt, Arab Rep.",2001,1295.1374184163
EGY,"Egypt, Arab Rep.",2000,1366.09274372613
EGY,"Egypt, Arab Rep.",1999,1268.30949160496
EGY,"Egypt, Arab Rep.",1998,1212.82259820477
EGY,"Egypt, Arab Rep.",1997,1146.20172117634
EGY,"Egypt, Arab Rep.",1996,1008.97637629447
EGY,"Egypt, Arab Rep.",1995,916.326617700876
EGY,"Egypt, Arab Rep.",1994,807.303537230487
EGY,"Egypt, Arab Rep.",1993,740.334217356418
EGY,"Egypt, Arab Rep.",1992,680.79923864551
EGY,"Egypt, Arab Rep.",1991,622.829605007867
EGY,"Egypt, Arab Rep.",1990,735.982935028025
SLV,El Salvador,2020,3997.19279583709
SLV,El Salvador,2019,4320.11671534627
SLV,El Salvador,2018,4183.54620971358
SLV,El Salvador,2017,4020.12671373919
SLV,El Salvador,2016,3901.34014965811
SLV,El Salvador,2015,3790.34089108162
SLV,El Salvador,2014,3666.01248913873
SLV,El Salvador,2013,3582.26694005169
SLV,El Salvador,2012,3497.91256915509
SLV,El Salvador,2011,3330.60049486653
SLV,El Salvador,2010,3040.07300952878
SLV,El Salvador,2009,2910.18651752011
SLV,El Salvador,2008,2983.24829577976
SLV,El Salvador,2007,2830.65693770733
SLV,El Salvador,2006,2665.61807194853
SLV,El Salvador,2005,2447.39140845394
SLV,El Salvador,2004,2285.68907438892
SLV,El Salvador,2003,2207.83089518069
SLV,El Salvador,2002,2115.41187355626
SLV,El Salvador,2001,2058.04459070452
SLV,El Salvador,2000,1982.87093542615
SLV,El Salvador,1999,1908.0804545224
SLV,El Salvador,1998,1859.73085887742
SLV,El Salvador,1997,1748.92111971129
SLV,El Salvador,1996,1651.31016800895
SLV,El Salvador,1995,1548.3763038362
SLV,El Salvador,1994,1343.9290572544
SLV,El Salvador,1993,1180.26854267621
SLV,El Salvador,1992,1040.78164082019
SLV,El Salvador,1991,955.826897421092
SLV,El Salvador,1990,892.18271519703
GNQ,Equatorial Guinea,2020,5764.05502912947
GNQ,Equatorial Guinea,2019,6804.14923073888
GNQ,Equatorial Guinea,2018,8102.47084834031
GNQ,Equatorial Guinea,2017,7809.10465655488
GNQ,Equatorial Guinea,2016,7453.19797948517
GNQ,Equatorial Guinea,2015,9068.91003238645
GNQ,Equatorial Guinea,2014,15548.6624656619
GNQ,Equatorial Guinea,2013,16304.0713196418
GNQ,Equatorial Guinea,2012,17308.5723924575
GNQ,Equatorial Guinea,2011,17198.2136668275
GNQ,Equatorial Guinea,2010,13720.1658723222
GNQ,Equatorial Guinea,2009,13232.5019378102
GNQ,Equatorial Guinea,2008,18210.5552970599
GNQ,Equatorial Guinea,2007,12616.9532942011
GNQ,Equatorial Guinea,2006,10184.8841248541
GNQ,Equatorial Guinea,2005,8673.9026086535
GNQ,Equatorial Guinea,2004,4901.30127408119
GNQ,Equatorial Guinea,2003,2930.60183743733
GNQ,Equatorial Guinea,2002,2264.21065580365
GNQ,Equatorial Guinea,2001,1948.61145907844
GNQ,Equatorial Guinea,2000,1487.3165506701
GNQ,Equatorial Guinea,1999,930.912549299779
GNQ,Equatorial Guinea,1998,577.868525342745
GNQ,Equatorial Guinea,1997,717.041481576821
GNQ,Equatorial Guinea,1996,391.686868235732
GNQ,Equatorial Guinea,1995,248.314896208855
GNQ,Equatorial Guinea,1994,183.239482711964
GNQ,Equatorial Guinea,1993,256.683023652574
GNQ,Equatorial Guinea,1992,263.733547088944
GNQ,Equatorial Guinea,1991,225.319378519763
GNQ,Equatorial Guinea,1990,236.402188376265
ERI,Eritrea,2011,688.68165957684
ERI,Eritrea,2010,539.699512069686
ERI,Eritrea,2009,642.92572288007
ERI,Eritrea,2008,490.066956003333
ERI,Eritrea,2007,480.44762365456
ERI,Eritrea,2006,447.997404727201
ERI,Eritrea,2005,412.753079199423
ERI,Eritrea,2004,426.840947887032
ERI,Eritrea,2003,348.950327077742
ERI,Eritrea,2002,304.775756465092
ERI,Eritrea,2001,325.409161513593
ERI,Eritrea,2000,314.357396753501
ERI,Eritrea,1999,311.336209255125
ERI,Eritrea,1998,341.91736400208
ERI,Eritrea,1997,318.980960831984
ERI,Eritrea,1996,325.838705371605
ERI,Eritrea,1995,285.402184008331
ERI,Eritrea,1994,277.801423620334
ERI,Eritrea,1993,252.085777069472
ERI,Eritrea,1992,265.240962963337
EST,Estonia,2020,23933.9939421065
EST,Estonia,2019,24021.2501413306
EST,Estonia,2018,23618.1361254581
EST,Estonia,2017,20851.5223496861
EST,Estonia,2016,18666.3736521706
EST,Estonia,2015,17722.1557669523
EST,Estonia,2014,20581.7898991695
EST,Estonia,2013,19310.3874900757
EST,Estonia,2012,17568.2137969714
EST,Estonia,2011,17555.5455239426
EST,Estonia,2010,14663.7041018705
EST,Estonia,2009,14712.4494217916
EST,Estonia,2008,18205.9064113446
EST,Estonia,2007,16745.4308011148
EST,Estonia,2006,12641.4800976473
EST,Estonia,2005,10414.6381183565
EST,Estonia,2004,8916.0728274602
EST,Estonia,2003,7205.40703313243
EST,Estonia,2002,5343.18310760735
EST,Estonia,2001,4502.66614992392
EST,Estonia,2000,4070.60902410208
EST,Estonia,1999,4140.93660232167
EST,Estonia,1998,4093.39247738765
EST,Estonia,1997,3682.95230146695
EST,Estonia,1996,3380.92630243199
EST,Estonia,1995,3134.38975345407
EST,Estonia,1994,2819.12612100926
EST,Estonia,1993,2685.90889287357
SWZ,Eswatini,2020,3466.56936278145
SWZ,Eswatini,2019,3913.14577547336
SWZ,Eswatini,2018,3972.65450620357
SWZ,Eswatini,2017,3853.09956569679
SWZ,Eswatini,2016,3238.17611961364
SWZ,Eswatini,2015,3419.82276559528
SWZ,Eswatini,2014,3771.07228381938
SWZ,Eswatini,2013,3949.94310039907
SWZ,Eswatini,2012,4224.54789174487
SWZ,Eswatini,2011,4225.06049411911
SWZ,Eswatini,2010,3922.74039390733
SWZ,Eswatini,2009,3189.79679956637
SWZ,Eswatini,2008,2946.8606613746
SWZ,Eswatini,2007,3109.11097608864
SWZ,Eswatini,2006,2964.95865200682
SWZ,Eswatini,2005,2871.06877437449
SWZ,Eswatini,2004,2525.5640452625
SWZ,Eswatini,2003,2015.21743065251
SWZ,Eswatini,2002,1315.73634647994
SWZ,Eswatini,2001,1429.85630359447
SWZ,Eswatini,2000,1629.67038842815
SWZ,Eswatini,1999,1501.66426653189
SWZ,Eswatini,1998,1546.51519325373
SWZ,Eswatini,1997,1705.39874942229
SWZ,Eswatini,1996,1619.19119707662
SWZ,Eswatini,1995,1750.75400773784
SWZ,Eswatini,1994,1461.36400128736
SWZ,Eswatini,1993,1397.26593317978
SWZ,Eswatini,1992,1361.8169795148
SWZ,Eswatini,1991,1273.01224518903
SWZ,Eswatini,1990,1277.69173005665
ETH,Ethiopia,2020,829.790982552951
ETH,Ethiopia,2019,793.473247218996
ETH,Ethiopia,2018,739.702022272086
ETH,Ethiopia,2017,696.348429076216
ETH,Ethiopia,2016,641.651523286233
ETH,Ethiopia,2015,597.912113218663
ETH,Ethiopia,2014,549.986577082588
ETH,Ethiopia,2013,484.039833104062
ETH,Ethiopia,2012,452.101031885754
ETH,Ethiopia,2011,343.024942351887
ETH,Ethiopia,2010,330.619412798644
ETH,Ethiopia,2009,368.574712267445
ETH,Ethiopia,2008,316.410475118075
ETH,Ethiopia,2007,237.146255996319
ETH,Ethiopia,2006,189.345737521418
ETH,Ethiopia,2005,158.243458082465
ETH,Ethiopia,2004,133.169812538096
ETH,Ethiopia,2003,116.800491132777
ETH,Ethiopia,2002,109.593813612988
ETH,Ethiopia,2001,118.457204255261
ETH,Ethiopia,2000,122.269202606069
ETH,Ethiopia,1999,120.734631499865
ETH,Ethiopia,1998,126.465095781244
ETH,Ethiopia,1997,143.369531498844
ETH,Ethiopia,1996,147.327458851964
ETH,Ethiopia,1995,136.523619088963
ETH,Ethiopia,1994,127.685923459033
ETH,Ethiopia,1993,168.520401400989
ETH,Ethiopia,1992,207.406400863847
ETH,Ethiopia,1991,277.565910365091
ETH,Ethiopia,1990,262.108971053707
FRO,Faroe Islands,2020,62247.9273907098
FRO,Faroe Islands,2019,63070.7228080361
FRO,Faroe Islands,2018,62525.2647698273
FRO,Faroe Islands,2017,59388.5365965776
FRO,Faroe Islands,2016,56876.4302363804
FRO,Faroe Islands,2015,52638.2668218454
FRO,Faroe Islands,2014,60173.3057854661
FRO,Faroe Islands,2013,55759.364098362
FRO,Faroe Islands,2012,50263.0024625867
FRO,Faroe Islands,2011,51620.0541648551
FRO,Faroe Islands,2010,47924.1364756678
FRO,Faroe Islands,2009,47060.1592550833
FRO,Faroe Islands,2008,51287.8911081663
FRO,Faroe Islands,2007,48348.7393711011
FRO,Faroe Islands,2006,41743.6812847661
FRO,Faroe Islands,2005,36389.081644098
FRO,Faroe Islands,2004,35647.5440400531
FRO,Faroe Islands,2003,31269.6031997217
FRO,Faroe Islands,2002,26937.6505602847
FRO,Faroe Islands,2001,24879.7729617864
FRO,Faroe Islands,2000,23322.7593357515
FRO,Faroe Islands,1999,24978.6210817538
FRO,Faroe Islands,1998,24729.019906458
FRO,Faroe Islands,1997,21158.4130199317
FRO,Faroe Islands,1996,22705.6954787426
FRO,Faroe Islands,1995,20669.2052425004
FRO,Faroe Islands,1994,16975.9297150055
FRO,Faroe Islands,1993,16373.8260050275
FRO,Faroe Islands,1992,19300.6621973456
FRO,Faroe Islands,1991,19163.5554371421
FRO,Faroe Islands,1990,20125.3725089519
FJI,Fiji,2020,4620.6457238014
FJI,Fiji,2019,5842.07344577597
FJI,Fiji,2018,6085.41979485376
FJI,Fiji,2017,5826.84814459328
FJI,Fiji,2016,5363.79026679243
FJI,Fiji,2015,5097.53106864695
FJI,Fiji,2014,5293.35676680464
FJI,Fiji,2013,4572.44377544245
FJI,Fiji,2012,4341.40338748749
FJI,Fiji,2011,4139.60288609702
FJI,Fiji,2010,3449.14452883369
FJI,Fiji,2009,3164.13275408169
FJI,Fiji,2008,3899.92231512129
FJI,Fiji,2007,3762.74692789299
FJI,Fiji,2006,3455.10599907349
FJI,Fiji,2005,3377.69126953493
FJI,Fiji,2004,3097.19096651759
FJI,Fiji,2003,2655.58079586044
FJI,Fiji,2002,2136.56794118683
FJI,Fiji,2001,1944.997414609
FJI,Fiji,2000,1995.72071163264
FJI,Fiji,1999,2327.95720514091
FJI,Fiji,1998,2010.49636073149
FJI,Fiji,1997,2573.72338605678
FJI,Fiji,1996,2648.32766264
FJI,Fiji,1995,2466.74347815903
FJI,Fiji,1994,2297.18005884304
FJI,Fiji,1993,2070.04734110195
FJI,Fiji,1992,1951.25592930351
FJI,Fiji,1991,1774.99211138118
FJI,Fiji,1990,1728.94076871199
FIN,Finland,2020,48828.6846862799
FIN,Finland,2019,48358.1807773701
FIN,Finland,2018,49654.2497035329
FIN,Finland,2017,46085.0174739036
FIN,Finland,2016,43451.2562442158
FIN,Finland,2015,42560.3456767103
FIN,Finland,2014,50073.7760815871
FIN,Finland,2013,49691.0145200739
FIN,Finland,2012,47551.6740841369
FIN,Finland,2011,51060.3242589767
FIN,Finland,2010,46506.2919016566
FIN,Finland,2009,47478.3495310999
FIN,Finland,2008,53769.4726240385
FIN,Finland,2007,48473.0240091455
FIN,Finland,2006,41214.0187765069
FIN,Finland,2005,39049.8703780223
FIN,Finland,2004,37768.1334202029
FIN,Finland,2003,32920.0857192568
FIN,Finland,2002,26989.389260959
FIN,Finland,2001,24965.202996776
FIN,Finland,2000,24335.9225082659
FIN,Finland,1999,26180.4128562349
FIN,Finland,1998,25999.9861694953
FIN,Finland,1997,24682.29083271
FIN,Finland,1996,25756.6777073618
FIN,Finland,1995,26246.2743214462
FIN,Finland,1994,20278.29109854
FIN,Finland,1993,17588.6781715509
FIN,Finland,1992,22320.1124695857
FIN,Finland,1991,25488.8450525604
FIN,Finland,1990,28366.204276071
FRA,France,2020,39169.8606000707
FRA,France,2019,40408.2848574751
FRA,France,2018,41418.1766484844
FRA,France,2017,38687.1626407164
FRA,France,2016,37024.2157133669
FRA,France,2015,36702.4323733379
FRA,France,2014,43148.0459288416
FRA,France,2013,42669.1795111893
FRA,France,2012,40863.5814412333
FRA,France,2011,43929.7840873812
FRA,France,2010,40694.8211697025
FRA,France,2009,41728.0884164132
FRA,France,2008,45464.8181385158
FRA,France,2007,41486.1907828787
FRA,France,2006,36431.5658906555
FRA,France,2005,34696.3718316971
FRA,France,2004,33644.9282220364
FRA,France,2003,29479.5222101175
FRA,France,2002,24144.5727019529
FRA,France,2001,22331.7948343036
FRA,France,2000,22340.5939516217
FRA,France,1999,24576.3152254528
FRA,France,1998,24869.4030795939
FRA,France,1997,24169.4008102822
FRA,France,1996,26757.6351494145
FRA,France,1995,26791.8151982369
FRA,France,1994,23359.8985104774
FRA,France,1993,22238.8250618434
FRA,France,1992,23615.0168565483
FRA,France,1991,21500.7778366233
FRA,France,1990,21586.4674617483
PYF,French Polynesia,2020,19966.4838503859
PYF,French Polynesia,2019,21582.5892046801
PYF,French Polynesia,2018,21925.616043938
PYF,French Polynesia,2017,20826.9312492172
PYF,French Polynesia,2016,19690.0775734589
PYF,French Polynesia,2015,19166.9594761931
PYF,French Polynesia,2014,22258.6321384251
PYF,French Polynesia,2013,21955.6329264095
PYF,French Polynesia,2012,20846.5457478364
PYF,French Polynesia,2011,22831.5185348524
PYF,French Polynesia,2010,22494.806706186
PYF,French Polynesia,2009,24434.2197555208
PYF,French Polynesia,2008,26592.0262835732
PYF,French Polynesia,2007,24888.1781337361
PYF,French Polynesia,2006,22330.8676659055
PYF,French Polynesia,2005,21984.1936230719
PYF,French Polynesia,2004,21764.2203208782
PYF,French Polynesia,2003,19582.8936395312
PYF,French Polynesia,2002,16004.0583292112
PYF,French Polynesia,2001,14640.9360062298
PYF,French Polynesia,2000,14978.324104668
PYF,French Polynesia,1999,16532.9022343754
PYF,French Polynesia,1998,16759.7141702526
PYF,French Polynesia,1997,16423.0214308681
PYF,French Polynesia,1996,18475.7253329475
PYF,French Polynesia,1995,18850.3149185956
PYF,French Polynesia,1994,16806.0592491122
PYF,French Polynesia,1993,16469.7751983669
PYF,French Polynesia,1992,17554.3737937032
PYF,French Polynesia,1991,16414.8132696888
PYF,French Polynesia,1990,16293.1823294474
GAB,Gabon,2020,6605.80346077904
GAB,Gabon,2019,7441.1786472281
GAB,Gabon,2018,7624.2775233771
GAB,Gabon,2017,6921.73373135624
GAB,Gabon,2016,6677.07003901644
GAB,Gabon,2015,7047.12654634355
GAB,Gabon,2014,9201.36276648105
GAB,Gabon,2013,9197.70106323947
GAB,Gabon,2012,9296.96587941088
GAB,Gabon,2011,10219.1139339454
GAB,Gabon,2010,8356.74662013345
GAB,Gabon,2009,7290.57526093114
GAB,Gabon,2008,9688.64519690633
GAB,Gabon,2007,8003.54289696049
GAB,Gabon,2006,6847.00985685394
GAB,Gabon,2005,6547.87613955186
GAB,Gabon,2004,5465.79193590708
GAB,Gabon,2003,4710.74862768151
GAB,Gabon,2002,3966.48001864663
GAB,Gabon,2001,3835.75718279727
GAB,Gabon,2000,3982.906200928
GAB,Gabon,1999,3751.35318950625
GAB,Gabon,1998,3699.99513906504
GAB,Gabon,1997,4508.75340541142
GAB,Gabon,1996,4942.67870027615
GAB,Gabon,1995,4414.8755828572
GAB,Gabon,1994,3828.21118114454
GAB,Gabon,1993,4105.98701339331
GAB,Gabon,1992,5385.68811745078
GAB,Gabon,1991,5345.0965303052
GAB,Gabon,1990,6050.71468999523
GMB,"Gambia, The",2020,720.335143352133
GMB,"Gambia, The",2019,738.186751987483
GMB,"Gambia, The",2018,696.219806960615
GMB,"Gambia, The",2017,642.522641296331
GMB,"Gambia, The",2016,650.056501323611
GMB,"Gambia, The",2015,619.536364296461
GMB,"Gambia, The",2014,568.00453558864
GMB,"Gambia, The",2013,653.862713272743
GMB,"Gambia, The",2012,692.579361628102
GMB,"Gambia, The",2011,710.608411468152
GMB,"Gambia, The",2010,801.033372714536
GMB,"Gambia, The",2009,774.888030908091
GMB,"Gambia, The",2008,859.127671411226
GMB,"Gambia, The",2007,724.726407242432
GMB,"Gambia, The",2006,614.544307904464
GMB,"Gambia, The",2005,616.483657865348
GMB,"Gambia, The",2004,593.285346326581
GMB,"Gambia, The",2003,308.719123437587
GMB,"Gambia, The",2002,376.531026962584
GMB,"Gambia, The",2001,459.803068381399
GMB,"Gambia, The",2000,538.054072348854
GMB,"Gambia, The",1999,575.459893151216
GMB,"Gambia, The",1998,610.234711461724
GMB,"Gambia, The",1997,600.224023405754
GMB,"Gambia, The",1996,651.784945724837
GMB,"Gambia, The",1995,621.681391269646
GMB,"Gambia, The",1994,608.2774907808
GMB,"Gambia, The",1993,635.3611677282
GMB,"Gambia, The",1992,623.485927783598
GMB,"Gambia, The",1991,627.578919318827
GMB,"Gambia, The",1990,300.639895740381
GEO,Georgia,2020,4300.85701291207
GEO,Georgia,2019,4741.2832715876
GEO,Georgia,2018,4804.0546040444
GEO,Georgia,2017,4418.75206546679
GEO,Georgia,2016,4143.40125686315
GEO,Georgia,2015,4086.6223465965
GEO,Georgia,2014,4830.33486170249
GEO,Georgia,2013,4712.00229382665
GEO,Georgia,2012,4530.69533409431
GEO,Georgia,2011,4119.66818307193
GEO,Georgia,2010,3281.72930937343
GEO,Georgia,2009,2822.68939668797
GEO,Georgia,2008,3324.7537205015
GEO,Georgia,2007,2635.36650276116
GEO,Georgia,2006,1996.02013272284
GEO,Georgia,2005,1642.78359414797
GEO,Georgia,2004,1305.04748557208
GEO,Georgia,2003,1010.03151630868
GEO,Georgia,2002,853.526171868939
GEO,Georgia,2001,801.98383707929
GEO,Georgia,2000,749.908534993961
GEO,Georgia,1999,673.537782887275
GEO,Georgia,1998,851.515542450841
GEO,Georgia,1997,807.032285752352
GEO,Georgia,1996,689.034634153312
GEO,Georgia,1995,578.336923460866
GEO,Georgia,1994,519.815578814965
GEO,Georgia,1993,550.015542609224
GEO,Georgia,1992,757.223548505358
GEO,Georgia,1991,1307.82342713006
GEO,Georgia,1990,1610.98027146868
DEU,Germany,2020,47394.8734504469
DEU,Germany,2019,47656.199739747
DEU,Germany,2018,48916.1686612154
DEU,Germany,2017,45553.9341495339
DEU,Germany,2016,42948.9381932694
DEU,Germany,2015,41929.7549110722
DEU,Germany,2014,48959.5991203133
DEU,Germany,2013,47206.8353514242
DEU,Germany,2012,44718.0159214069
DEU,Germany,2011,47630.9761883572
DEU,Germany,2010,42396.9665976293
DEU,Germany,2009,42471.8868625226
DEU,Germany,2008,46379.1647953479
DEU,Germany,2007,42350.9217211489
DEU,Germany,2006,36980.3349948954
DEU,Germany,2005,35084.4363546269
DEU,Germany,2004,34566.7359143735
DEU,Germany,2003,30711.1022511331
DEU,Germany,2002,25486.5942008748
DEU,Germany,2001,23878.3641471651
DEU,Germany,2000,23925.8559901991
DEU,Germany,1999,26965.4922773722
DEU,Germany,1998,27395.9440608051
DEU,Germany,1997,27046.9565464237
DEU,Germany,1996,30599.7891048363
DEU,Germany,1995,31747.2449398447
DEU,Germany,1994,27201.9593555204
DEU,Germany,1993,25616.6508772405
DEU,Germany,1992,26559.8543879632
DEU,Germany,1991,23443.3350818536
DEU,Germany,1990,22385.6778250275
GHA,Ghana,2020,2195.45481659987
GHA,Ghana,2019,2186.65822682613
GHA,Ghana,2018,2195.32166016377
GHA,Ghana,2017,2012.28662641265
GHA,Ghana,2016,1912.47991339951
GHA,Ghana,2015,1722.77282833606
GHA,Ghana,2014,1949.90832923846
GHA,Ghana,2013,2294.79584693743
GHA,Ghana,2012,1543.77524235764
GHA,Ghana,2011,1507.43573198753
GHA,Ghana,2010,1263.89251760539
GHA,Ghana,2009,1047.70430093586
GHA,Ghana,2008,1182.65761256016
GHA,Ghana,2007,1050.12461524926
GHA,Ghana,2006,906.441027564887
GHA,Ghana,2005,478.611909191028
GHA,Ghana,2004,406.132105329565
GHA,Ghana,2003,358.39927142073
GHA,Ghana,2002,297.46164468774
GHA,Ghana,2001,263.542156494853
GHA,Ghana,2000,253.746936203344
GHA,Ghana,1999,403.037326127273
GHA,Ghana,1998,400.366799508524
GHA,Ghana,1997,377.841935501461
GHA,Ghana,1996,389.271267898831
GHA,Ghana,1995,371.537243033836
GHA,Ghana,1994,320.50390343252
GHA,Ghana,1993,359.800844097528
GHA,Ghana,1992,396.426407640517
GHA,Ghana,1991,418.254121349986
GHA,Ghana,1990,382.54246368354
GRC,Greece,2020,17886.733165236
GRC,Greece,2019,19335.3602002969
GRC,Greece,2018,19873.4015238771
GRC,Greece,2017,18631.9930129293
GRC,Greece,2016,17919.2426377048
GRC,Greece,2015,17980.7298238137
GRC,Greece,2014,21474.7257123892
GRC,Greece,2013,21573.3449762805
GRC,Greece,2012,21624.346052551
GRC,Greece,2011,25504.7866510124
GRC,Greece,2010,26653.0488008626
GRC,Greece,2009,29425.4573200263
GRC,Greece,2008,31695.8331092209
GRC,Greece,2007,28440.7625328955
GRC,Greece,2006,24416.0232970275
GRC,Greece,2005,22054.1315756886
GRC,Greece,2004,21449.2552764245
GRC,Greece,2003,18020.612039764
GRC,Greece,2002,13782.195640943
GRC,Greece,2001,12156.9572824221
GRC,Greece,2000,11638.2010697215
GRC,Greece,1999,12742.5404388143
GRC,Greece,1998,13022.9648774809
GRC,Greece,1997,13015.9175046854
GRC,Greece,1996,13432.5262183244
GRC,Greece,1995,12779.081491606
GRC,Greece,1994,10937.0223808611
GRC,Greece,1993,10257.3085789073
GRC,Greece,1992,11021.012224607
GRC,Greece,1991,10046.6663875475
GRC,Greece,1990,9466.66238502174
GRL,Greenland,2020,54812.6661771023
GRL,Greenland,2019,53309.2035905065
GRL,Greenland,2018,54545.135857765
GRL,Greenland,2017,50765.7494665372
GRL,Greenland,2016,48181.7453541266
GRL,Greenland,2015,44536.3549705377
GRL,Greenland,2014,50485.2244135291
GRL,Greenland,2013,47535.4883792376
GRL,Greenland,2012,45936.9562817724
GRL,Greenland,2011,47186.8759969388
GRL,Greenland,2010,44277.1993400972
GRL,Greenland,2009,44918.8413832155
GRL,Greenland,2008,44366.7858688175
GRL,Greenland,2007,39780.9441368721
GRL,Greenland,2006,35457.6297578214
GRL,Greenland,2005,32489.7277309899
GRL,Greenland,2004,32030.9987915109
GRL,Greenland,2003,27466.6494525504
GRL,Greenland,2002,20657.9506323097
GRL,Greenland,2001,19265.5191468738
GRL,Greenland,2000,19009.0774407515
GRL,Greenland,1999,20170.322763798
GRL,Greenland,1998,20496.578783559
GRL,Greenland,1997,19145.614890096
GRL,Greenland,1996,21422.4609853672
GRL,Greenland,1995,21665.8295173116
GRL,Greenland,1994,18124.0998075763
GRL,Greenland,1993,16797.3578218828
GRL,Greenland,1992,18768.8275325455
GRL,Greenland,1991,18315.3165631906
GRL,Greenland,1990,18326.9295023252
GRD,Grenada,2020,8968.55890108484
GRD,Grenada,2019,10462.7929159533
GRD,Grenada,2018,10083.021279225
GRD,Grenada,2017,9751.42661155932
GRD,Grenada,2016,9221.23461079424
GRD,Grenada,2015,8694.12438005692
GRD,Grenada,2014,7986.33421210788
GRD,Grenada,2013,7424.80212287327
GRD,Grenada,2012,7092.71985352677
GRD,Grenada,2011,6947.38136096464
GRD,Grenada,2010,6909.60169568597
GRD,Grenada,2009,6932.56472176781
GRD,Grenada,2008,7448.2040563865
GRD,Grenada,2007,6864.54816771858
GRD,Grenada,2006,6344.0383771432
GRD,Grenada,2005,6338.56011405358
GRD,Grenada,2004,5480.26117644588
GRD,Grenada,2003,5427.96377252312
GRD,Grenada,2002,4984.47405931447
GRD,Grenada,2001,4819.50776653843
GRD,Grenada,2000,4839.82811114248
GRD,Grenada,1999,4516.28332446682
GRD,Grenada,1998,4206.28052894181
GRD,Grenada,1997,3724.75466168304
GRD,Grenada,1996,3508.294236637
GRD,Grenada,1995,3294.26988339657
GRD,Grenada,1994,3152.2020478855
GRD,Grenada,1993,3026.04154231393
GRD,Grenada,1992,3052.70018744163
GRD,Grenada,1991,2983.91643158641
GRD,Grenada,1990,2782.18396873619
GUM,Guam,2020,36482.9363953675
GUM,Guam,2019,39274.9431424899
GUM,Guam,2018,37195.9503070464
GUM,Guam,2017,36779.0078903909
GUM,Guam,2016,35930.6594898711
GUM,Guam,2015,35165.7014644795
GUM,Guam,2014,33900.1486530583
GUM,Guam,2013,32530.7593121483
GUM,Guam,2012,31653.7506538168
GUM,Guam,2011,29926.2052442913
GUM,Guam,2010,29719.7967836082
GUM,Guam,2009,29054.0581201519
GUM,Guam,2008,28112.2316573422
GUM,Guam,2007,26605.4324214756
GUM,Guam,2006,25709.9351488422
GUM,Guam,2005,25631.9776108052
GUM,Guam,2004,23618.8266894573
GUM,Guam,2003,21877.3178371553
GUM,Guam,2002,20909.9590302806
GTM,Guatemala,2020,4477.61785000665
GTM,Guatemala,2019,4511.99839552697
GTM,Guatemala,2018,4352.94593289707
GTM,Guatemala,2017,4324.99768915601
GTM,Guatemala,2016,4060.13784737643
GTM,Guatemala,2015,3893.50533299068
GTM,Guatemala,2014,3689.14510410202
GTM,Guatemala,2013,3444.15802275864
GTM,Guatemala,2012,3286.61959336267
GTM,Guatemala,2011,3168.98370607705
GTM,Guatemala,2010,2805.25960237322
GTM,Guatemala,2009,2611.64632773352
GTM,Guatemala,2008,2763.05988172926
GTM,Guatemala,2007,2458.81573919384
GTM,Guatemala,2006,2225.1234753878
GTM,Guatemala,2005,2046.46611650758
GTM,Guatemala,2004,1840.91184884
GTM,Guatemala,2003,1722.54701910774
GTM,Guatemala,2002,1669.33517469705
GTM,Guatemala,2001,1537.68663578252
GTM,Guatemala,2000,1648.96578971559
GTM,Guatemala,1999,1603.64776144934
GTM,Guatemala,1998,1741.20114182856
GTM,Guatemala,1997,1638.46281851789
GTM,Guatemala,1996,1481.05986750672
GTM,Guatemala,1995,1421.06177809796
GTM,Guatemala,1994,1292.67202750483
GTM,Guatemala,1993,1165.67442716224
GTM,Guatemala,1992,1096.45976992698
GTM,Guatemala,1991,1014.40279682682
GTM,Guatemala,1990,847.688561830359
GIN,Guinea,2020,1053.66097696415
GIN,Guinea,2019,1031.34146480732
GIN,Guinea,2018,933.273615633705
GIN,Guinea,2017,833.598621691121
GIN,Guinea,2016,711.996509782316
GIN,Guinea,2015,747.356966759448
GIN,Guinea,2014,765.146999389279
GIN,Guinea,2013,748.455020824734
GIN,Guinea,2012,699.353377212197
GIN,Guinea,2011,636.694958747648
GIN,Guinea,2010,659.235326211315
GIN,Guinea,2009,662.185914665575
GIN,Guinea,2008,703.532825784369
GIN,Guinea,2007,650.148575304743
GIN,Guinea,2006,446.980554135013
GIN,Guinea,2005,463.17768685098
GIN,Guinea,2004,584.897740538081
GIN,Guinea,2003,566.48540588068
GIN,Guinea,2002,495.916073559269
GIN,Guinea,2001,483.085120214741
GIN,Guinea,2000,518.157066924026
GIN,Guinea,1999,610.614842942762
GIN,Guinea,1998,647.379920832778
GIN,Guinea,1997,695.58174225826
GIN,Guinea,1996,726.025442583799
GIN,Guinea,1995,713.031460558683
GIN,Guinea,1994,671.576385058752
GIN,Guinea,1993,670.741778229959
GIN,Guinea,1992,692.647802662806
GIN,Guinea,1991,656.42373119518
GIN,Guinea,1990,604.304422702532
GNB,Guinea-Bissau,2020,846.918134967613
GNB,Guinea-Bissau,2019,811.210004050041
GNB,Guinea-Bissau,2018,808.531613218504
GNB,Guinea-Bissau,2017,783.123186602022
GNB,Guinea-Bissau,2016,679.665386626818
GNB,Guinea-Bissau,2015,645.066837207039
GNB,Guinea-Bissau,2014,652.022501029449
GNB,Guinea-Bissau,2013,654.304534409417
GNB,Guinea-Bissau,2012,635.461653303881
GNB,Guinea-Bissau,2011,719.539573498937
GNB,Guinea-Bissau,2010,600.194298540768
GNB,Guinea-Bissau,2009,583.190020139094
GNB,Guinea-Bissau,2008,640.210331101753
GNB,Guinea-Bissau,2007,519.069789794741
GNB,Guinea-Bissau,2006,448.513075469701
GNB,Guinea-Bissau,2005,463.073962650452
GNB,Guinea-Bissau,2004,431.376557669634
GNB,Guinea-Bissau,2003,419.78486611807
GNB,Guinea-Bissau,2002,362.034574570354
GNB,Guinea-Bissau,2001,327.138431972397
GNB,Guinea-Bissau,2000,316.945495037639
GNB,Guinea-Bissau,1999,478.733190989909
GNB,Guinea-Bissau,1998,497.724279563733
GNB,Guinea-Bissau,1997,598.953470198484
GNB,Guinea-Bissau,1996,614.729892454585
GNB,Guinea-Bissau,1995,589.487023081945
GNB,Guinea-Bissau,1994,560.883422537973
GNB,Guinea-Bissau,1993,581.612681813953
GNB,Guinea-Bissau,1992,574.32110641811
GNB,Guinea-Bissau,1991,672.07387884966
GNB,Guinea-Bissau,1990,651.337640650994
GUY,Guyana,2020,6775.70939096303
GUY,Guyana,2019,6405.82443444562
GUY,Guyana,2018,6048.38697180418
GUY,Guyana,2017,6178.6650437298
GUY,Guyana,2016,5870.87823759835
GUY,Guyana,2015,5640.41560569466
GUY,Guyana,2014,5472.68820452237
GUY,Guyana,2013,5556.91231156932
GUY,Guyana,2012,5444.39751913913
GUY,Guyana,2011,4947.22170589917
GUY,Guyana,2010,4581.76179693492
GUY,Guyana,2009,4209.13230624565
GUY,Guyana,2008,4008.9628671603
GUY,Guyana,2007,3608.28685240188
GUY,Guyana,2006,3135.60553528326
GUY,Guyana,2005,1084.06541388904
GUY,Guyana,2004,1033.31030902188
GUY,Guyana,2003,973.742598054188
GUY,Guyana,2002,950.866932470993
GUY,Guyana,2001,931.574723847673
GUY,Guyana,2000,931.796651718955
GUY,Guyana,1999,908.790631391797
GUY,Guyana,1998,939.685488169724
GUY,Guyana,1997,982.804753805587
GUY,Guyana,1996,927.523847211669
GUY,Guyana,1995,819.668541584905
GUY,Guyana,1994,721.437561135572
GUY,Guyana,1993,603.084316652805
GUY,Guyana,1992,498.156636569954
GUY,Guyana,1991,466.039938988882
GUY,Guyana,1990,528.851095342994
HTI,Haiti,2020,1290.32538667383
HTI,Haiti,2019,1352.17204191532
HTI,Haiti,2018,1496.38048970156
HTI,Haiti,2017,1395.23945184461
HTI,Haiti,2016,1318.40268167953
HTI,Haiti,2015,1411.12684746796
HTI,Haiti,2014,1460.18898613914
HTI,Haiti,2013,1457.83221179626
HTI,Haiti,2012,1361.39396587374
HTI,Haiti,2011,1312.03953552013
HTI,Haiti,2010,1209.72733503094
HTI,Haiti,2009,1196.8528706018
HTI,Haiti,2008,1094.66058421644
HTI,Haiti,2007,984.566983448521
HTI,Haiti,2006,828.805700289589
HTI,Haiti,2005,775.845704056916
HTI,Haiti,2004,683.185298155273
HTI,Haiti,2003,578.995291079709
HTI,Haiti,2002,720.969568042522
HTI,Haiti,2001,748.821159844528
HTI,Haiti,2000,820.600046761464
HTI,Haiti,1999,509.578585275375
HTI,Haiti,1998,465.363306259051
HTI,Haiti,1997,425.111085879256
HTI,Haiti,1996,377.229465025972
HTI,Haiti,1995,372.006104665125
HTI,Haiti,1994,292.134224374091
HTI,Haiti,1993,258.066372258817
HTI,Haiti,1992,316.276513134354
HTI,Haiti,1991,496.545987433864
HTI,Haiti,1990,451.720249689216
HND,Honduras,2020,2307.61494319511
HND,Honduras,2019,2502.32744328073
HND,Honduras,2018,2464.64241531918
HND,Honduras,2017,2413.0076562942
HND,Honduras,2016,2307.34468351082
HND,Honduras,2015,2271.20265980349
HND,Honduras,2014,2179.88171977271
HND,Honduras,2013,2081.12843527945
HND,Honduras,2012,2126.03474686503
HND,Honduras,2011,2073.66121088074
HND,Honduras,2010,1893.32722662035
HND,Honduras,2009,1781.15703614674
HND,Honduras,2008,1732.49062702803
HND,Honduras,2007,1577.73789197407
HND,Honduras,2006,1425.84780051892
HND,Honduras,2005,1304.70039153826
HND,Honduras,2004,1215.13995412761
HND,Honduras,2003,1156.08162681357
HND,Honduras,2002,1132.49965345317
HND,Honduras,2001,1132.1648753329
HND,Honduras,2000,1092.56400746252
HND,Honduras,1999,999.004383328908
HND,Honduras,1998,988.655986927253
HND,Honduras,1997,917.272651200904
HND,Honduras,1996,812.817047602244
HND,Honduras,1995,814.049075569071
HND,Honduras,1994,735.886147157389
HND,Honduras,1993,772.74224772986
HND,Honduras,1992,782.111518709432
HND,Honduras,1991,722.000657931123
HND,Honduras,1990,749.818113552631
HKG,"Hong Kong SAR, China",2020,46109.2299946609
HKG,"Hong Kong SAR, China",2019,48359.0011950597
HKG,"Hong Kong SAR, China",2018,48537.5668888343
HKG,"Hong Kong SAR, China",2017,46160.429791493
HKG,"Hong Kong SAR, China",2016,43734.1980702999
HKG,"Hong Kong SAR, China",2015,42432.1619740441
HKG,"Hong Kong SAR, China",2014,40315.3739510191
HKG,"Hong Kong SAR, China",2013,38403.7777145477
HKG,"Hong Kong SAR, China",2012,36730.796195815
HKG,"Hong Kong SAR, China",2011,35142.4879344543
HKG,"Hong Kong SAR, China",2010,32550.136489179
HKG,"Hong Kong SAR, China",2009,30697.5383861641
HKG,"Hong Kong SAR, China",2008,31515.5292103443
HKG,"Hong Kong SAR, China",2007,30593.9511738646
HKG,"Hong Kong SAR, China",2006,28224.0951563146
HKG,"Hong Kong SAR, China",2005,26649.637724155
HKG,"Hong Kong SAR, China",2004,24928.1003722551
HKG,"Hong Kong SAR, China",2003,23977.1734120477
HKG,"Hong Kong SAR, China",2002,24665.8362318216
HKG,"Hong Kong SAR, China",2001,25230.3780910304
HKG,"Hong Kong SAR, China",2000,25756.7728723704
HKG,"Hong Kong SAR, China",1999,25091.6665997966
HKG,"Hong Kong SAR, China",1998,25808.8609899709
HKG,"Hong Kong SAR, China",1997,27330.0933613355
HKG,"Hong Kong SAR, China",1996,24818.3021600084
HKG,"Hong Kong SAR, China",1995,23497.3920767477
HKG,"Hong Kong SAR, China",1994,22502.5302426236
HKG,"Hong Kong SAR, China",1993,20395.5621886121
HKG,"Hong Kong SAR, China",1992,17976.4688629053
HKG,"Hong Kong SAR, China",1991,15465.9245305858
HKG,"Hong Kong SAR, China",1990,13485.6314525052
HUN,Hungary,2020,16386.9308821258
HUN,Hungary,2019,17012.8598553199
HUN,Hungary,2018,16605.0570511887
HUN,Hungary,2017,14736.1668157258
HUN,Hungary,2016,13215.8605277789
HUN,Hungary,2015,12782.9412577973
HUN,Hungary,2014,14352.501883174
HUN,Hungary,2013,13739.4620151401
HUN,Hungary,2012,12950.1594488143
HUN,Hungary,2011,14211.460557822
HUN,Hungary,2010,13189.8433874768
HUN,Hungary,2009,13051.1831777184
HUN,Hungary,2008,15762.6322515113
HUN,Hungary,2007,13934.605460375
HUN,Hungary,2006,11478.4891640501
HUN,Hungary,2005,11212.2046968994
HUN,Hungary,2004,10291.2694721409
HUN,Hungary,2003,8410.09248198479
HUN,Hungary,2002,6658.04494326809
HUN,Hungary,2001,5280.94887987063
HUN,Hungary,2000,4629.91760812548
HUN,Hungary,1999,4801.95949584162
HUN,Hungary,1998,4751.7732430202
HUN,Hungary,1997,4606.0569733295
HUN,Hungary,1996,4542.0120380978
HUN,Hungary,1995,4509.41740910077
HUN,Hungary,1994,4187.0311799663
HUN,Hungary,1993,3886.66608419616
HUN,Hungary,1992,3747.32966394956
HUN,Hungary,1991,3361.22268037924
HUN,Hungary,1990,3323.53967237633
ISL,Iceland,2020,60127.9393575616
ISL,Iceland,2019,69296.3144361601
ISL,Iceland,2018,75633.8651351915
ISL,Iceland,2017,72976.3729990975
ISL,Iceland,2016,62854.0906407932
ISL,Iceland,2015,53505.6964079339
ISL,Iceland,2014,55140.364935793
ISL,Iceland,2013,50173.3360061057
ISL,Iceland,2012,46594.9869146614
ISL,Iceland,2011,48254.953927254
ISL,Iceland,2010,43776.4677400475
ISL,Iceland,2009,41483.7843682814
ISL,Iceland,2008,57489.3399795216
ISL,Iceland,2007,70483.0117228535
ISL,Iceland,2006,58172.1426656622
ISL,Iceland,2005,57783.7745608117
ISL,Iceland,2004,47809.6073050042
ISL,Iceland,2003,39944.2104095591
ISL,Iceland,2002,32749.379004627
ISL,Iceland,2001,29208.1981853568
ISL,Iceland,2000,32503.578963236
ISL,Iceland,1999,32834.4215745364
ISL,Iceland,1998,31519.1647473126
ISL,Iceland,1997,28461.7664095122
ISL,Iceland,1996,28583.5208959793
ISL,Iceland,1995,27564.569102386
ISL,Iceland,1994,24858.2031335605
ISL,Iceland,1993,24404.0275812365
ISL,Iceland,1992,28072.4041083276
ISL,Iceland,1991,27739.8886025504
ISL,Iceland,1990,26272.2452156659
IND,India,2020,1907.04251637669
IND,India,2019,2041.42863698585
IND,India,2018,1966.25455171679
IND,India,2017,1950.10468280866
IND,India,2016,1707.50892912243
IND,India,2015,1583.99815907985
IND,India,2014,1553.88396075118
IND,India,2013,1432.84397512195
IND,India,2012,1429.32199520032
IND,India,2011,1445.46127486037
IND,India,2010,1347.51939071367
IND,India,2009,1094.94974598436
IND,India,2008,992.519584923828
IND,India,2007,1021.88707706826
IND,India,2006,801.668353659022
IND,India,2005,710.488080408949
IND,India,2004,624.258826510066
IND,India,2003,544.143133545002
IND,India,2002,469.149928973927
IND,India,2001,450.357900514128
IND,India,2000,442.750218937263
IND,India,1999,441.927991436397
IND,India,1998,413.630864056851
IND,India,1997,416.228116203753
IND,India,1996,401.046754673579
IND,India,1995,375.17600537305
IND,India,1994,347.73421473994
IND,India,1993,302.884806246174
IND,India,1992,319.182472626315
IND,India,1991,305.574055928592
IND,India,1990,371.085936203765
IDN,Indonesia,2020,3853.70288774146
IDN,Indonesia,2019,4106.94856160358
IDN,Indonesia,2018,3860.95353090726
IDN,Indonesia,2017,3798.88326174526
IDN,Indonesia,2016,3521.46943457574
IDN,Indonesia,2015,3288.22269725538
IDN,Indonesia,2014,3441.06808464008
IDN,Indonesia,2013,3566.60284506078
IDN,Indonesia,2012,3632.27254030331
IDN,Indonesia,2011,3579.46442466152
IDN,Indonesia,2010,3065.68348377765
IDN,Indonesia,2009,2218.48541852977
IDN,Indonesia,2008,2124.55483920618
IDN,Indonesia,2007,1823.21976255073
IDN,Indonesia,2006,1558.31562847163
IDN,Indonesia,2005,1238.21447629488
IDN,Indonesia,2004,1126.84004447173
IDN,Indonesia,2003,1043.2105838671
IDN,Indonesia,2002,881.002913569131
IDN,Indonesia,2001,732.307093405708
IDN,Indonesia,2000,763.711124950924
IDN,Indonesia,1999,657.268934667018
IDN,Indonesia,1998,454.877800792123
IDN,Indonesia,1997,1044.60674832472
IDN,Indonesia,1996,1118.92133024129
IDN,Indonesia,1995,1011.22614205568
IDN,Indonesia,1994,899.793982949817
IDN,Indonesia,1993,817.395116417856
IDN,Indonesia,1992,673.67103954742
IDN,Indonesia,1991,624.387495384411
IDN,Indonesia,1990,578.420121135382
IRN,"Iran, Islamic Rep.",2020,3202.50003502169
IRN,"Iran, Islamic Rep.",2019,3997.4935449585
IRN,"Iran, Islamic Rep.",2018,4783.01067340237
IRN,"Iran, Islamic Rep.",2017,6000.93346404409
IRN,"Iran, Islamic Rep.",2016,5710.59947089104
IRN,"Iran, Islamic Rep.",2015,4952.73355532178
IRN,"Iran, Islamic Rep.",2014,5672.06372896319
IRN,"Iran, Islamic Rep.",2013,6222.74194840326
IRN,"Iran, Islamic Rep.",2012,8114.08099831877
IRN,"Iran, Islamic Rep.",2011,8025.68743364356
IRN,"Iran, Islamic Rep.",2010,6291.19443655454
IRN,"Iran, Islamic Rep.",2009,5415.52280553446
IRN,"Iran, Islamic Rep.",2008,5377.4115072957
IRN,"Iran, Islamic Rep.",2007,4687.99166260718
IRN,"Iran, Islamic Rep.",2006,3618.91601364428
IRN,"Iran, Islamic Rep.",2005,3132.0508192007
IRN,"Iran, Islamic Rep.",2004,2672.4226651404
IRN,"Iran, Islamic Rep.",2003,2208.99636552406
IRN,"Iran, Islamic Rep.",2002,1891.25756091033
IRN,"Iran, Islamic Rep.",2001,1881.02266635283
IRN,"Iran, Islamic Rep.",2000,1650.01385833785
IRN,"Iran, Islamic Rep.",1999,1739.59462001458
IRN,"Iran, Islamic Rep.",1998,1709.19334096046
IRN,"Iran, Islamic Rep.",1997,1790.06617575598
IRN,"Iran, Islamic Rep.",1996,1914.78121294313
IRN,"Iran, Islamic Rep.",1995,1550.0095955025
IRN,"Iran, Islamic Rep.",1994,1167.76272513795
IRN,"Iran, Islamic Rep.",1993,1038.10985682067
IRN,"Iran, Islamic Rep.",1992,1957.48507794252
IRN,"Iran, Islamic Rep.",1991,2194.43906803657
IRN,"Iran, Islamic Rep.",1990,2137.94222739877
IRQ,Iraq,2020,4295.18945121228
IRQ,Iraq,2019,5671.8568632942
IRQ,Iraq,2018,5646.68932074742
IRQ,Iraq,2017,4759.2846435467
IRQ,Iraq,2016,4334.42096404188
IRQ,Iraq,2015,4440.14189252367
IRQ,Iraq,2014,6249.39226978969
IRQ,Iraq,2013,6650.35282247395
IRQ,Iraq,2012,6477.59618450955
IRQ,Iraq,2011,5775.54229080293
IRQ,Iraq,2010,4461.75196161555
IRQ,Iraq,2009,3714.71205987194
IRQ,Iraq,2008,4542.96609046032
IRQ,Iraq,2007,3128.99010329066
IRQ,Iraq,2006,2276.55435744086
IRQ,Iraq,2005,1762.39360423421
IRQ,Iraq,2004,1328.37157628292
IRQ,Iraq,2003,817.887862499622
IRQ,Iraq,2002,1266.15961275094
IRQ,Iraq,2001,1435.695683789
IRQ,Iraq,2000,1980.18916038782
IRQ,Iraq,1999,1560.36466710272
IRQ,Iraq,1998,900.937142559106
IRQ,Iraq,1997,936.341170908421
IRQ,Iraq,1996,485.258492784825
IRQ,Iraq,1995,619.135530927038
IRQ,Iraq,1994,198.182101881974
IRQ,Iraq,1993,53.7437842348819
IRQ,Iraq,1992,30.2539012636825
IRQ,Iraq,1991,22.9521327615352
IRQ,Iraq,1990,10261.4157706888
IRL,Ireland,2020,86514.0706108754
IRL,Ireland,2019,81827.6688873996
IRL,Ireland,2018,80804.1123164826
IRL,Ireland,2017,72161.4047531385
IRL,Ireland,2016,64129.5571542383
IRL,Ireland,2015,64250.1385181257
IRL,Ireland,2014,57214.5379785709
IRL,Ireland,2013,52537.6108648692
IRL,Ireland,2012,49335.8408099555
IRL,Ireland,2011,52613.8540355689
IRL,Ireland,2010,48623.9666422487
IRL,Ireland,2009,52133.0906162544
IRL,Ireland,2008,61353.1065629523
IRL,Ireland,2007,61396.417461176
IRL,Ireland,2006,54329.1618599624
IRL,Ireland,2005,50933.0216095589
IRL,Ireland,2004,47754.2023194244
IRL,Ireland,2003,41203.5295847568
IRL,Ireland,2002,32705.4345565698
IRL,Ireland,2001,28282.409882073
IRL,Ireland,2000,26334.5672050501
IRL,Ireland,1999,26338.1077543817
IRL,Ireland,1998,24294.8547674007
IRL,Ireland,1997,22551.1139134126
IRL,Ireland,1996,20835.8977130847
IRL,Ireland,1995,19158.4564773907
IRL,Ireland,1994,15902.9296755168
IRL,Ireland,1993,14657.0615549805
IRL,Ireland,1992,15714.3847487231
IRL,Ireland,1991,14087.2074393708
IRL,Ireland,1990,14031.3025675469
IMN,Isle of Man,2020,79513.5330346598
IMN,Isle of Man,2019,87127.5517977404
IMN,Isle of Man,2018,89393.8244248812
IMN,Isle of Man,2017,83481.3038489014
IMN,Isle of Man,2016,82025.9454509241
IMN,Isle of Man,2015,84753.5187422732
IMN,Isle of Man,2014,91885.4528718026
IMN,Isle of Man,2013,83207.6588430451
IMN,Isle of Man,2012,79329.2034347434
IMN,Isle of Man,2011,77808.8579649376
IMN,Isle of Man,2010,70587.3140283741
IMN,Isle of Man,2009,66156.105656847
IMN,Isle of Man,2008,72276.7741329461
IMN,Isle of Man,2007,55040.2437046236
IMN,Isle of Man,2006,42627.5089352891
IMN,Isle of Man,2005,38135.8597885858
IMN,Isle of Man,2004,35564.6023910146
IMN,Isle of Man,2003,28861.6178062918
IMN,Isle of Man,2002,24471.0798814847
IMN,Isle of Man,2001,21819.7123825606
IMN,Isle of Man,2000,21161.3963073772
IMN,Isle of Man,1999,21042.1461816648
IMN,Isle of Man,1998,18753.1202301034
IMN,Isle of Man,1997,16160.7112518361
IMN,Isle of Man,1996,13979.8454930411
IMN,Isle of Man,1995,12896.5252829716
IMN,Isle of Man,1994,11708.2857474351
IMN,Isle of Man,1993,10818.5139663414
IMN,Isle of Man,1992,12150.8545456352
IMN,Isle of Man,1991,11768.1058977186
IMN,Isle of Man,1990,11049.8949396235
ISR,Israel,2020,44590.8237253282
ISR,Israel,2019,44091.8678022544
ISR,Israel,2018,42269.3770257585
ISR,Israel,2017,41013.2575323519
ISR,Israel,2016,37571.2561196275
ISR,Israel,2015,36138.13561386
ISR,Israel,2014,38265.3651949373
ISR,Israel,2013,36980.622214228
ISR,Israel,2012,33268.7066672115
ISR,Israel,2011,34476.7252065949
ISR,Israel,2010,31398.9266927022
ISR,Israel,2009,28469.6817348489
ISR,Israel,2008,30231.0191013609
ISR,Israel,2007,25688.901610248
ISR,Israel,2006,22499.7541717986
ISR,Israel,2005,21261.7474251846
ISR,Israel,2004,20550.0694706176
ISR,Israel,2003,19624.0321412582
ISR,Israel,2002,19058.7462869465
ISR,Israel,2001,20948.7745727671
ISR,Israel,2000,21690.237340061
ISR,Israel,1999,19808.8555169876
ISR,Israel,1998,20175.625397054
ISR,Israel,1997,20457.3857209047
ISR,Israel,1996,20212.9229756617
ISR,Israel,1995,19013.94330229
ISR,Israel,1994,16796.463811535
ISR,Israel,1993,15169.4731267116
ISR,Israel,1992,15500.4201495689
ISR,Israel,1991,14337.2280625182
ISR,Israel,1990,13300.0985026479
ITA,Italy,2020,32091.4866621366
ITA,Italy,2019,33812.788724868
ITA,Italy,2018,35062.3364176949
ITA,Italy,2017,32844.115660604
ITA,Italy,2016,31391.5692898108
ITA,Italy,2015,30639.8829751432
ITA,Italy,2014,36028.3494022349
ITA,Italy,2013,35701.6746002376
ITA,Italy,2012,34854.3949441965
ITA,Italy,2011,38432.3742820019
ITA,Italy,2010,35856.8625485539
ITA,Italy,2009,37099.6133958219
ITA,Italy,2008,40828.5795580937
ITA,Italy,2007,37826.1754554823
ITA,Italy,2006,33537.1286994269
ITA,Italy,2005,32062.723833669
ITA,Italy,2004,31348.1901841445
ITA,Italy,2003,27577.5700319855
ITA,Italy,2002,22451.3964379368
ITA,Italy,2001,20570.4385917862
ITA,Italy,2000,20190.0035636084
ITA,Italy,1999,22049.9990620261
ITA,Italy,1998,22365.1837644545
ITA,Italy,1997,21883.9872666651
ITA,Italy,1996,23122.9337219116
ITA,Italy,1995,20712.1798690324
ITA,Italy,1994,19382.2002150155
ITA,Italy,1993,18781.9529427137
ITA,Italy,1992,23297.0460325456
ITA,Italy,1991,22007.1350964074
ITA,Italy,1990,20873.7834092719
JAM,Jamaica,2020,5299.04530804283
JAM,Jamaica,2019,6030.68896415921
JAM,Jamaica,2018,5976.90362644337
JAM,Jamaica,2017,5605.43541173019
JAM,Jamaica,2016,5302.29553353854
JAM,Jamaica,2015,5339.30718256806
JAM,Jamaica,2014,4975.11325459872
JAM,Jamaica,2013,5124.21301411137
JAM,Jamaica,2012,5340.83333232158
JAM,Jamaica,2011,5232.63644918132
JAM,Jamaica,2010,4809.977380312
JAM,Jamaica,2009,4428.38153333557
JAM,Jamaica,2008,5029.80095281745
JAM,Jamaica,2007,4716.48612542727
JAM,Jamaica,2006,4417.00127135363
JAM,Jamaica,2005,4184.43974867497
JAM,Jamaica,2004,3807.56293124552
JAM,Jamaica,2003,3549.70758394618
JAM,Jamaica,2002,3680.64551727724
JAM,Jamaica,2001,3503.55026688858
JAM,Jamaica,2000,3453.09252800226
JAM,Jamaica,1999,3431.56813468335
JAM,Jamaica,1998,3419.49352868739
JAM,Jamaica,1997,3296.91634805083
JAM,Jamaica,1996,2928.89692611996
JAM,Jamaica,1995,2630.84935382822
JAM,Jamaica,1994,2202.85831038471
JAM,Jamaica,1993,2220.51518327186
JAM,Jamaica,1992,1458.10146892635
JAM,Jamaica,1991,1710.30058243722
JAM,Jamaica,1990,1929.59891905857
JPN,Japan,2020,41098.9739004553
JPN,Japan,2019,41424.8655601543
JPN,Japan,2018,40645.478086519
JPN,Japan,2017,39679.8635262948
JPN,Japan,2016,40214.9688631562
JPN,Japan,2015,35664.6446110613
JPN,Japan,2014,39172.8471161948
JPN,Japan,2013,41369.1948479498
JPN,Japan,2012,49626.6830327571
JPN,Japan,2011,49122.077634247
JPN,Japan,2010,45378.1378109399
JPN,Japan,2009,41678.1783063195
JPN,Japan,2008,40294.2081309702
JPN,Japan,2007,36129.9535132925
JPN,Japan,2006,36354.4271646349
JPN,Japan,2005,38158.6758263963
JPN,Japan,2004,38677.5708064787
JPN,Japan,2003,35808.6816792388
JPN,Japan,2002,33315.9165174962
JPN,Japan,2001,34910.166403687
JPN,Japan,2000,39752.937397755
JPN,Japan,1999,37028.7168989208
JPN,Japan,1998,32835.1192750829
JPN,Japan,1997,36331.0311480645
JPN,Japan,1996,39929.7185750327
JPN,Japan,1995,44947.4763611465
JPN,Japan,1994,40774.4450809919
JPN,Japan,1993,37110.6114371751
JPN,Japan,1992,32666.5024513195
JPN,Japan,1991,30048.1401766828
JPN,Japan,1990,26344.7273187725
JOR,Jordan,2020,4411.48321838396
JOR,Jordan,2019,4557.79334729121
JOR,Jordan,2018,4533.97658437205
JOR,Jordan,2017,4449.34618076611
JOR,Jordan,2016,4366.06999647268
JOR,Jordan,2015,4441.61896013754
JOR,Jordan,2014,4610.60460269382
JOR,Jordan,2013,4739.02253641778
JOR,Jordan,2012,4593.83609729005
JOR,Jordan,2011,4363.42800211536
JOR,Jordan,2010,4139.04283161368
JOR,Jordan,2009,3845.34388086274
JOR,Jordan,2008,3669.83012701745
JOR,Jordan,2007,2506.20599484139
JOR,Jordan,2006,2342.63459574933
JOR,Jordan,2005,2087.87079273635
JOR,Jordan,2004,1940.08641342805
JOR,Jordan,2003,1775.67625581432
JOR,Jordan,2002,1706.26744384401
JOR,Jordan,2001,1632.29454010563
JOR,Jordan,2000,1570.61002940477
JOR,Jordan,1999,1544.58750592979
JOR,Jordan,1998,1532.11380395602
JOR,Jordan,1997,1435.87593846863
JOR,Jordan,1996,1410.17424189419
JOR,Jordan,1995,1415.71151592128
JOR,Jordan,1994,1367.18721776691
JOR,Jordan,1993,1289.4145431007
JOR,Jordan,1992,1286.6347360596
JOR,Jordan,1991,1109.65564611997
JOR,Jordan,1990,1148.59005469899
KAZ,Kazakhstan,2020,8781.50797787648
KAZ,Kazakhstan,2019,9457.12614657136
KAZ,Kazakhstan,2018,9472.48527327758
KAZ,Kazakhstan,2017,8943.08416791984
KAZ,Kazakhstan,2016,7475.56688689424
KAZ,Kazakhstan,2015,10196.1226255982
KAZ,Kazakhstan,2014,12427.7094576939
KAZ,Kazakhstan,2013,13478.459627612
KAZ,Kazakhstan,2012,12018.7966527993
KAZ,Kazakhstan,2011,11287.1464926039
KAZ,Kazakhstan,2010,8793.07589980782
KAZ,Kazakhstan,2009,6938.01175663001
KAZ,Kazakhstan,2008,8123.54705891736
KAZ,Kazakhstan,2007,6449.43931096532
KAZ,Kazakhstan,2006,5030.13494711519
KAZ,Kazakhstan,2005,3577.35804001782
KAZ,Kazakhstan,2004,2722.47407755402
KAZ,Kazakhstan,2003,1958.02050246511
KAZ,Kazakhstan,2002,1573.55219932325
KAZ,Kazakhstan,2001,1422.27331810957
KAZ,Kazakhstan,2000,1180.0444563226
KAZ,Kazakhstan,1999,1091.54727722159
KAZ,Kazakhstan,1998,1414.59289652597
KAZ,Kazakhstan,1997,1381.63593295187
KAZ,Kazakhstan,1996,1281.39152895397
KAZ,Kazakhstan,1995,1217.79138769863
KAZ,Kazakhstan,1994,1246.83633018218
KAZ,Kazakhstan,1993,1355.13493859139
KAZ,Kazakhstan,1992,1437.59848100913
KAZ,Kazakhstan,1991,1442.42455540825
KAZ,Kazakhstan,1990,1570.00883112591
KEN,Kenya,2020,1927.66459027849
KEN,Kenya,2019,1960.40808854893
KEN,Kenya,2018,1836.45275528993
KEN,Kenya,2017,1667.48447230835
KEN,Kenya,2016,1554.12610314423
KEN,Kenya,2015,1489.11959777284
KEN,Kenya,2014,1482.81566253497
KEN,Kenya,2013,1370.87885214659
KEN,Kenya,2012,1285.00536171512
KEN,Kenya,2011,1096.14499807675
KEN,Kenya,2010,1091.51873101194
KEN,Kenya,2009,1047.9678324485
KEN,Kenya,2008,915.54435473604
KEN,Kenya,2007,840.201439476765
KEN,Kenya,2006,699.80237063381
KEN,Kenya,2005,523.456312433863
KEN,Kenya,2004,463.662781300121
KEN,Kenya,2003,442.898457253405
KEN,Kenya,2002,402.936385605382
KEN,Kenya,2001,410.700452474814
KEN,Kenya,2000,414.626365130846
KEN,Kenya,1999,433.721235701305
KEN,Kenya,1998,487.883239905452
KEN,Kenya,1997,466.723814611399
KEN,Kenya,1996,440.527078880876
KEN,Kenya,1995,340.064842175429
KEN,Kenya,1994,276.447871981244
KEN,Kenya,1993,228.998032843434
KEN,Kenya,1992,336.68139978696
KEN,Kenya,1991,344.722642127742
KEN,Kenya,1990,374.458992895562
KIR,Kiribati,2020,1751.87199542272
KIR,Kiribati,2019,1750.24040333237
KIR,Kiribati,2018,1915.56002581991
KIR,Kiribati,2017,1854.3326920967
KIR,Kiribati,2016,1742.66799324117
KIR,Kiribati,2015,1639.85274740652
KIR,Kiribati,2014,1736.70535682101
KIR,Kiribati,2013,1772.08718317132
KIR,Kiribati,2012,1843.55336349889
KIR,Kiribati,2011,1771.12926848792
KIR,Kiribati,2010,1522.10068744154
KIR,Kiribati,2009,1316.62753853678
KIR,Kiribati,2008,1410.62246914058
KIR,Kiribati,2007,1352.57814048911
KIR,Kiribati,2006,1123.19258990684
KIR,Kiribati,2005,1161.78341739977
KIR,Kiribati,2004,1083.2688987175
KIR,Kiribati,2003,1020.50033851394
KIR,Kiribati,2002,810.10870037444
KIR,Kiribati,2001,718.833787096781
KIR,Kiribati,2000,845.367240231973
KIR,Kiribati,1999,887.496019475758
KIR,Kiribati,1998,874.484349123221
KIR,Kiribati,1997,953.162998384941
KIR,Kiribati,1996,985.885941426854
KIR,Kiribati,1995,844.429605862723
KIR,Kiribati,1994,837.971706204
KIR,Kiribati,1993,747.75302075115
KIR,Kiribati,1992,791.99610105394
KIR,Kiribati,1991,540.125861123481
KIR,Kiribati,1990,488.067527876014
KOR,"Korea, Rep.",2020,33645.7719545073
KOR,"Korea, Rep.",2019,33826.9443301597
KOR,"Korea, Rep.",2018,35363.9508228687
KOR,"Korea, Rep.",2017,33296.9845439195
KOR,"Korea, Rep.",2016,30832.0628072516
KOR,"Korea, Rep.",2015,30171.7906545222
KOR,"Korea, Rep.",2014,30667.0912467447
KOR,"Korea, Rep.",2013,28449.3591104972
KOR,"Korea, Rep.",2012,26600.5477433903
KOR,"Korea, Rep.",2011,26175.2398553363
KOR,"Korea, Rep.",2010,24071.2620526362
KOR,"Korea, Rep.",2009,19937.3029137734
KOR,"Korea, Rep.",2008,22252.3125108061
KOR,"Korea, Rep.",2007,25078.4853957105
KOR,"Korea, Rep.",2006,22609.7059431449
KOR,"Korea, Rep.",2005,20167.0474902506
KOR,"Korea, Rep.",2004,17121.6301633201
KOR,"Korea, Rep.",2003,15211.5483770422
KOR,"Korea, Rep.",2002,13642.9424537101
KOR,"Korea, Rep.",2001,11981.4828218758
KOR,"Korea, Rep.",2000,12710.2995795579
KOR,"Korea, Rep.",1999,11062.5019301357
KOR,"Korea, Rep.",1998,8583.43557499234
KOR,"Korea, Rep.",1997,12821.6893313675
KOR,"Korea, Rep.",1996,13864.9376534518
KOR,"Korea, Rep.",1995,13001.7205867019
KOR,"Korea, Rep.",1994,10733.9888860657
KOR,"Korea, Rep.",1993,9179.96872485152
KOR,"Korea, Rep.",1992,8387.16308258471
KOR,"Korea, Rep.",1991,7872.65052449111
KOR,"Korea, Rep.",1990,6812.9019416767
XKX,Kosovo,2020,4320.58382547288
XKX,Kosovo,2019,4415.6992744623
XKX,Kosovo,2018,4384.18796440547
XKX,Kosovo,2017,4009.32022064732
XKX,Kosovo,2016,3759.44777525332
XKX,Kosovo,2015,3520.62685324451
XKX,Kosovo,2014,3902.49322261901
XKX,Kosovo,2013,3704.55812411167
XKX,Kosovo,2012,3410.65497983011
XKX,Kosovo,2011,3538.94809762524
XKX,Kosovo,2010,2987.54523493128
XKX,Kosovo,2009,2805.94692985371
XKX,Kosovo,2008,2889.14677086951
KWT,Kuwait,2020,25236.0755848941
KWT,Kuwait,2019,31707.8737443551
KWT,Kuwait,2018,32067.9623756889
KWT,Kuwait,2017,29047.6536135703
KWT,Kuwait,2016,27323.6890735517
KWT,Kuwait,2015,29882.2126495698
KWT,Kuwait,2014,44368.7813457751
KWT,Kuwait,2013,49651.0439275077
KWT,Kuwait,2012,52155.2225833921
KWT,Kuwait,2011,49169.6063813095
KWT,Kuwait,2010,39212.252220155
KWT,Kuwait,2009,37907.1001320042
KWT,Kuwait,2008,55585.1889344442
KWT,Kuwait,2007,45709.4132876371
KWT,Kuwait,2006,42946.6374104066
KWT,Kuwait,2005,36122.6142741227
KWT,Kuwait,2004,27552.2827399787
KWT,Kuwait,2003,22690.655175144
KWT,Kuwait,2002,18512.7523035862
KWT,Kuwait,2001,17374.2318664227
KWT,Kuwait,2000,19296.3471698729
KWT,Kuwait,1999,15853.6264423466
KWT,Kuwait,1998,14066.9509572183
KWT,Kuwait,1997,16977.3895620399
KWT,Kuwait,1996,18201.0958607918
KWT,Kuwait,1995,16168.165602374
KWT,Kuwait,1994,14929.7441110335
KWT,Kuwait,1993,14317.7209419057
KWT,Kuwait,1992,12146.19505586
KWT,Kuwait,1991,8147.10807329839
KWT,Kuwait,1990,10937.5415268808
KGZ,Kyrgyz Republic,2020,1229.51766602907
KGZ,Kyrgyz Republic,2019,1421.99927504102
KGZ,Kyrgyz Republic,2018,1283.5203037417
KGZ,Kyrgyz Republic,2017,1221.39046807082
KGZ,Kyrgyz Republic,2016,1103.27489428412
KGZ,Kyrgyz Republic,2015,1105.65193844261
KGZ,Kyrgyz Republic,2014,1264.52668823891
KGZ,Kyrgyz Republic,2013,1269.66303464348
KGZ,Kyrgyz Republic,2012,1168.62244675446
KGZ,Kyrgyz Republic,2011,1117.40174350185
KGZ,Kyrgyz Republic,2010,876.954476440354
KGZ,Kyrgyz Republic,2009,870.198894546917
KGZ,Kyrgyz Republic,2008,966.388569370494
KGZ,Kyrgyz Republic,2007,721.771577544361
KGZ,Kyrgyz Republic,2006,543.113512472219
KGZ,Kyrgyz Republic,2005,476.548193640077
KGZ,Kyrgyz Republic,2004,433.233873286
KGZ,Kyrgyz Republic,2003,380.505828812441
KGZ,Kyrgyz Republic,2002,321.726775366804
KGZ,Kyrgyz Republic,2001,308.41129550148
KGZ,Kyrgyz Republic,2000,279.621738464365
KGZ,Kyrgyz Republic,1999,258.048055936976
KGZ,Kyrgyz Republic,1998,345.137046084246
KGZ,Kyrgyz Republic,1997,376.427930059811
KGZ,Kyrgyz Republic,1996,394.856879614212
KGZ,Kyrgyz Republic,1995,364.250365258345
KGZ,Kyrgyz Republic,1994,372.481759948941
KGZ,Kyrgyz Republic,1993,448.554190878232
KGZ,Kyrgyz Republic,1992,512.766741120388
KGZ,Kyrgyz Republic,1991,569.548584035047
KGZ,Kyrgyz Republic,1990,605.798144966488
LAO,Lao PDR,2020,2583.77730696131
LAO,Lao PDR,2019,2589.32081035237
LAO,Lao PDR,2018,2545.1075420815
LAO,Lao PDR,2017,2432.43059478511
LAO,Lao PDR,2016,2303.22156035363
LAO,Lao PDR,2015,2121.01339097363
LAO,Lao PDR,2014,1981.03910900473
LAO,Lao PDR,2013,1812.51774424651
LAO,Lao PDR,2012,1563.5650771337
LAO,Lao PDR,2011,1361.54704394913
LAO,Lao PDR,2010,1125.91610151261
LAO,Lao PDR,2009,935.03237283283
LAO,Lao PDR,2008,885.747376088762
LAO,Lao PDR,2007,697.323013673925
LAO,Lao PDR,2006,579.391947440719
LAO,Lao PDR,2005,466.061506997741
LAO,Lao PDR,2004,409.296298284117
LAO,Lao PDR,2003,355.097216151461
LAO,Lao PDR,2002,313.350817148131
LAO,Lao PDR,2001,320.316005439568
LAO,Lao PDR,2000,318.749852236965
LAO,Lao PDR,1999,272.325307005412
LAO,Lao PDR,1998,243.923962451418
LAO,Lao PDR,1997,339.09319241187
LAO,Lao PDR,1996,371.341879197673
LAO,Lao PDR,1995,357.758162193406
LAO,Lao PDR,1994,320.968128951646
LAO,Lao PDR,1993,283.400573286349
LAO,Lao PDR,1992,247.345286150532
LAO,Lao PDR,1991,231.806227548139
LAO,Lao PDR,1990,200.7349054896
LVA,Latvia,2020,17564.2321549354
LVA,Latvia,2019,17294.9751600969
LVA,Latvia,2018,17252.1710428626
LVA,Latvia,2017,15132.4958333982
LVA,Latvia,2016,13838.5266823272
LVA,Latvia,2015,13321.9753140616
LVA,Latvia,2014,15185.814581236
LVA,Latvia,2013,14484.4715282132
LVA,Latvia,2012,13329.3499931271
LVA,Latvia,2011,12902.574053337
LVA,Latvia,2010,11188.4191700977
LVA,Latvia,2009,11996.0322729773
LVA,Latvia,2008,15677.6080864506
LVA,Latvia,2007,13370.9789452508
LVA,Latvia,2006,9211.7374468148
LVA,Latvia,2005,7283.78738127622
LVA,Latvia,2004,6109.73265186817
LVA,Latvia,2003,4914.57992829302
LVA,Latvia,2002,4003.60935783538
LVA,Latvia,2001,3504.61829462397
LVA,Latvia,2000,3278.17896440803
LVA,Latvia,1999,3063.89794599707
LVA,Latvia,1998,2893.79998716563
LVA,Latvia,1997,2609.89308697195
LVA,Latvia,1996,2360.1714816213
LVA,Latvia,1995,2256.77360387054
LBN,Lebanon,2020,5561.19166950397
LBN,Lebanon,2019,8905.88005497437
LBN,Lebanon,2018,9174.53666204759
LBN,Lebanon,2017,8608.21084982387
LBN,Lebanon,2016,8089.012088155
LBN,Lebanon,2015,7714.1099998804
LBN,Lebanon,2014,7577.6413302369
LBN,Lebanon,2013,8162.37929361396
LBN,Lebanon,2012,8406.98405608118
LBN,Lebanon,2011,7834.96257108993
LBN,Lebanon,2010,7625.81051551165
LBN,Lebanon,2009,7090.85493856621
LBN,Lebanon,2008,5912.04532820842
LBN,Lebanon,2007,5125.25809960149
LBN,Lebanon,2006,4635.2514117486
LBN,Lebanon,2005,4602.19804637945
LBN,Lebanon,2004,4600.68371412993
LBN,Lebanon,2003,4437.71588507526
LBN,Lebanon,2002,4290.85283803266
LBN,Lebanon,2001,4009.55929751102
LBN,Lebanon,2000,3986.83513941026
LBN,Lebanon,1999,4086.93872789633
LBN,Lebanon,1998,4124.85527892575
LBN,Lebanon,1997,3834.0590787531
LBN,Lebanon,1996,3393.05090749359
LBN,Lebanon,1995,2958.74263957462
LBN,Lebanon,1994,2467.76942720577
LBN,Lebanon,1993,2078.63864215562
LBN,Lebanon,1992,1559.38100628446
LBN,Lebanon,1991,1278.42125745633
LBN,Lebanon,1990,789.526338484738
LSO,Lesotho,2020,918.582574704447
LSO,Lesotho,2019,1082.05706777516
LSO,Lesotho,2018,1170.65569702819
LSO,Lesotho,2017,1069.36673247542
LSO,Lesotho,2016,992.491840678465
LSO,Lesotho,2015,1121.19851342518
LSO,Lesotho,2014,1173.5377928819
LSO,Lesotho,2013,1151.03735837227
LSO,Lesotho,2012,1217.93071228944
LSO,Lesotho,2011,1280.73390931581
LSO,Lesotho,2010,1119.47557793042
LSO,Lesotho,2009,878.847950537772
LSO,Lesotho,2008,898.482517882593
LSO,Lesotho,2007,861.188420899563
LSO,Lesotho,2006,925.467485502842
LSO,Lesotho,2005,861.381496414995
LSO,Lesotho,2004,766.685820928242
LSO,Lesotho,2003,583.270036200288
LSO,Lesotho,2002,388.92334985135
LSO,Lesotho,2001,412.677473676821
LSO,Lesotho,2000,442.779545779081
LSO,Lesotho,1999,455.650054387377
LSO,Lesotho,1998,464.683745548265
LSO,Lesotho,1997,501.981388900965
LSO,Lesotho,1996,479.671394625707
LSO,Lesotho,1995,513.413448796175
LSO,Lesotho,1994,455.593586203956
LSO,Lesotho,1993,439.365410681482
LSO,Lesotho,1992,443.624297195576
LSO,Lesotho,1991,382.291247739142
LSO,Lesotho,1990,329.563785157203
LBR,Liberia,2020,616.787867006715
LBR,Liberia,2019,658.164180770507
LBR,Liberia,2018,692.203127129794
LBR,Liberia,2017,699.269095727404
LBR,Liberia,2016,714.613063145659
LBR,Liberia,2015,692.590082351257
LBR,Liberia,2014,706.714490064507
LBR,Liberia,2013,710.744570927863
LBR,Liberia,2012,638.368751462083
LBR,Liberia,2011,568.087865520004
LBR,Liberia,2010,492.252808033724
LBR,Liberia,2009,448.386367025545
LBR,Liberia,2008,451.713856283285
LBR,Liberia,2007,374.211308104278
LBR,Liberia,2006,320.55808618515
LBR,Liberia,2005,287.487333441381
LBR,Liberia,2004,284.140223992458
LBR,Liberia,2003,239.779556677091
LBR,Liberia,2002,299.536445539621
LBR,Liberia,2001,300.463828598983
LBR,Liberia,2000,298.485340578945
LBR,Liberia,1999,156.573166945696
LBR,Liberia,1998,134.675393352518
LBR,Liberia,1997,122.627993745516
LBR,Liberia,1996,71.4065248720036
LBR,Liberia,1995,62.1438140627579
LBR,Liberia,1994,61.490431307467
LBR,Liberia,1993,74.4272028642409
LBR,Liberia,1992,107.842801384441
LBR,Liberia,1991,177.867006590279
LBR,Liberia,1990,172.867610123278
LBY,Libya,2020,6650.33810585348
LBY,Libya,2019,9963.19489084483
LBY,Libya,2018,11196.5854810844
LBY,Libya,2017,9965.83236729757
LBY,Libya,2016,7525.80299308216
LBY,Libya,2015,7458.48917756374
LBY,Libya,2014,8926.42074591474
LBY,Libya,2013,11951.7134126011
LBY,Libya,2012,14975.8902795144
LBY,Libya,2011,7593.8391525702
LBY,Libya,2010,11600.9068649472
LBY,Libya,2009,9551.05403869755
LBY,Libya,2008,13906.1407818125
LBY,Libya,2007,11144.9448413435
LBY,Libya,2006,10048.8480434289
LBY,Libya,2005,8079.24957329001
LBY,Libya,2004,5773.76333234281
LBY,Libya,2003,4674.09943200321
LBY,Libya,2002,3718.29434696755
LBY,Libya,2001,6312.80030498965
LBY,Libya,2000,7214.10040377084
LBY,Libya,1999,6894.51875534758
LBY,Libya,1998,5301.08354775559
LBY,Libya,1997,6061.81366033598
LBY,Libya,1996,5591.02027544558
LBY,Libya,1995,5205.25706378741
LBY,Libya,1994,5933.29121354077
LBY,Libya,1993,6477.87035840641
LBY,Libya,1992,7302.68908679226
LBY,Libya,1991,7039.83391970596
LBY,Libya,1990,6502.27886565421
LIE,Liechtenstein,2020,164671.093553454
LIE,Liechtenstein,2019,166907.839305016
LIE,Liechtenstein,2018,174988.775083446
LIE,Liechtenstein,2017,170547.092298954
LIE,Liechtenstein,2016,165375.491396259
LIE,Liechtenstein,2015,167187.15730982
LIE,Liechtenstein,2014,178735.153020908
LIE,Liechtenstein,2013,172823.607794648
LIE,Liechtenstein,2012,148842.035144342
LIE,Liechtenstein,2011,158066.369379163
LIE,Liechtenstein,2010,141089.812849014
LIE,Liechtenstein,2009,126024.714567466
LIE,Liechtenstein,2008,143249.227302093
LIE,Liechtenstein,2007,130492.595349517
LIE,Liechtenstein,2006,114167.939211301
LIE,Liechtenstein,2005,105295.057027611
LIE,Liechtenstein,2004,100280.831356705
LIE,Liechtenstein,2003,90108.3673647008
LIE,Liechtenstein,2002,79795.1785891101
LIE,Liechtenstein,2001,75067.8001680043
LIE,Liechtenstein,2000,76087.911114202
LIE,Liechtenstein,1999,82682.284882177
LIE,Liechtenstein,1998,78302.9905905848
LIE,Liechtenstein,1997,73590.8620289713
LIE,Liechtenstein,1996,80688.7182490376
LIE,Liechtenstein,1995,78909.7043377718
LIE,Liechtenstein,1994,63935.9902445462
LIE,Liechtenstein,1993,55604.5479972049
LIE,Liechtenstein,1992,55057.1110625654
LIE,Liechtenstein,1991,50811.7464531317
LIE,Liechtenstein,1990,49457.5609343203
LTU,Lithuania,2020,20428.6478157394
LTU,Lithuania,2019,19608.7943945553
LTU,Lithuania,2018,19247.2315367967
LTU,Lithuania,2017,16800.1510246099
LTU,Lithuania,2016,14934.2702840428
LTU,Lithuania,2015,14269.8039878287
LTU,Lithuania,2014,16446.1647181663
LTU,Lithuania,2013,15636.5252586048
LTU,Lithuania,2012,14288.1853493139
LTU,Lithuania,2011,14261.8433787325
LTU,Lithuania,2010,11829.122609457
LTU,Lithuania,2009,11854.3711053096
LTU,Lithuania,2008,14955.5345462921
LTU,Lithuania,2007,12295.1212779366
LTU,Lithuania,2006,9210.10118229413
LTU,Lithuania,2005,7857.03148786492
LTU,Lithuania,2004,6734.57487061946
LTU,Lithuania,2003,5507.47434187652
LTU,Lithuania,2002,4148.13091485015
LTU,Lithuania,2001,3532.52787363242
LTU,Lithuania,2000,3300.63634928559
LTU,Lithuania,1999,3127.51176667183
LTU,Lithuania,1998,3180.64498555255
LTU,Lithuania,1997,2844.16286797492
LTU,Lithuania,1996,2340.67545970008
LTU,Lithuania,1995,2182.69156931505
LUX,Luxembourg,2020,116860.02817236
LUX,Luxembourg,2019,112696.649059674
LUX,Luxembourg,2018,116926.759593905
LUX,Luxembourg,2017,110193.213797228
LUX,Luxembourg,2016,106899.293549552
LUX,Luxembourg,2015,105462.012584423
LUX,Luxembourg,2014,123678.706919314
LUX,Luxembourg,2013,120000.140729859
LUX,Luxembourg,2012,112584.676270958
LUX,Luxembourg,2011,119025.057203467
LUX,Luxembourg,2010,110885.991378721
LUX,Luxembourg,2009,109419.746953106
LUX,Luxembourg,2008,120422.137934157
LUX,Luxembourg,2007,107475.320297978
LUX,Luxembourg,2006,90788.8164271049
LUX,Luxembourg,2005,80988.2044869403
LUX,Luxembourg,2004,76544.9170868473
LUX,Luxembourg,2003,65689.3214536911
LUX,Luxembourg,2002,53005.731801629
LUX,Luxembourg,2001,48440.1805564662
LUX,Luxembourg,2000,48659.6390968187
LUX,Luxembourg,1999,50872.4492684624
LUX,Luxembourg,1998,47445.3863148198
LUX,Luxembourg,1997,46641.6408754876
LUX,Luxembourg,1996,50444.3591236175
LUX,Luxembourg,1995,51032.349635318
LUX,Luxembourg,1994,43933.235442736
LUX,Luxembourg,1993,40066.7242518773
LUX,Luxembourg,1992,39570.8615665986
LUX,Luxembourg,1991,35747.3377992066
LUX,Luxembourg,1990,33465.478207919
MAC,"Macao SAR, China",2020,36883.6652578543
MAC,"Macao SAR, China",2019,81882.6964523869
MAC,"Macao SAR, China",2018,83588.2875009014
MAC,"Macao SAR, China",2017,77570.9876166977
MAC,"Macao SAR, China",2016,68911.6755919628
MAC,"Macao SAR, China",2015,69902.9605741233
MAC,"Macao SAR, China",2014,88355.3181764446
MAC,"Macao SAR, China",2013,87107.8313063626
MAC,"Macao SAR, China",2012,76058.0224963659
MAC,"Macao SAR, China",2011,67046.7284292101
MAC,"Macao SAR, China",2010,52596.2250160214
MAC,"Macao SAR, China",2009,40354.2810293673
MAC,"Macao SAR, China",2008,38888.5118044503
MAC,"Macao SAR, China",2007,35400.2334659409
MAC,"Macao SAR, China",2006,29813.7877167933
MAC,"Macao SAR, China",2005,25681.2167315221
MAC,"Macao SAR, China",2004,23407.1993692194
MAC,"Macao SAR, China",2003,18589.8998330534
MAC,"Macao SAR, China",2002,16814.9926424134
MAC,"Macao SAR, China",2001,15810.7227666562
MAC,"Macao SAR, China",2000,15731.4081633771
MAC,"Macao SAR, China",1999,15318.6006770368
MAC,"Macao SAR, China",1998,16094.9913844594
MAC,"Macao SAR, China",1997,17415.6982810978
MAC,"Macao SAR, China",1996,17289.5517956917
MAC,"Macao SAR, China",1995,17215.1178522275
MAC,"Macao SAR, China",1994,15905.2615421482
MAC,"Macao SAR, China",1993,14754.1825906333
MAC,"Macao SAR, China",1992,13249.8387410349
MAC,"Macao SAR, China",1991,10707.3786750774
MAC,"Macao SAR, China",1990,9692.43538809962
MDG,Madagascar,2020,450.771615205157
MDG,Madagascar,2019,499.818837622534
MDG,Madagascar,2018,500.45718552916
MDG,Madagascar,2017,491.866848718929
MDG,Madagascar,2016,453.970714522463
MDG,Madagascar,2015,445.320069480568
MDG,Madagascar,2014,505.684922503435
MDG,Madagascar,2013,515.301589361832
MDG,Madagascar,2012,493.511162904211
MDG,Madagascar,2011,506.163691559309
MDG,Madagascar,2010,450.009391645726
MDG,Madagascar,2009,446.315238370592
MDG,Madagascar,2008,512.579800058444
MDG,Madagascar,2007,419.548001431865
MDG,Madagascar,2006,324.146874882604
MDG,Madagascar,2005,305.812074924388
MDG,Madagascar,2004,272.20074858856
MDG,Madagascar,2003,352.620095849925
MDG,Madagascar,2002,304.941777398445
MDG,Madagascar,2001,319.283278235657
MDG,Madagascar,2000,280.282905559649
MDG,Madagascar,1999,267.360530991414
MDG,Madagascar,1998,284.192923139852
MDG,Madagascar,1997,284.371843967244
MDG,Madagascar,1996,339.877283663608
MDG,Madagascar,1995,273.149653945976
MDG,Madagascar,1994,258.723806434505
MDG,Madagascar,1993,307.887603096441
MDG,Madagascar,1992,290.2120463948
MDG,Madagascar,1991,262.024402380479
MDG,Madagascar,1990,326.099253221978
MWI,Malawi,2020,602.507478176106
MWI,Malawi,2019,580.889139762475
MWI,Malawi,2018,533.202567189331
MWI,Malawi,2017,495.769683367165
MWI,Malawi,2016,450.506105510719
MWI,Malawi,2015,539.605363240686
MWI,Malawi,2014,529.5133440206
MWI,Malawi,2013,496.947368267313
MWI,Malawi,2012,558.46208832772
MWI,Malawi,2011,763.061000394572
MWI,Malawi,2010,683.124694716799
MWI,Malawi,2009,625.869729869625
MWI,Malawi,2008,554.048820396119
MWI,Malawi,2007,475.180261659331
MWI,Malawi,2006,440.822149023873
MWI,Malawi,2005,414.361121984475
MWI,Malawi,2004,404.674248445428
MWI,Malawi,2003,383.348596852642
MWI,Malawi,2002,428.210439838398
MWI,Malawi,2001,215.474524898357
MWI,Malawi,2000,224.22415918428
MWI,Malawi,1999,233.935986197873
MWI,Malawi,1998,236.045479450504
MWI,Malawi,1997,366.954461274104
MWI,Malawi,1996,320.662735559137
MWI,Malawi,1995,200.362370007247
MWI,Malawi,1994,169.196526919639
MWI,Malawi,1993,293.016883079922
MWI,Malawi,1992,258.393430877557
MWI,Malawi,1991,325.75273105931
MWI,Malawi,1990,286.730598968269
MYS,Malaysia,2020,9957.52626697613
MYS,Malaysia,2019,10920.191763972
MYS,Malaysia,2018,10901.8019954421
MYS,Malaysia,2017,9862.54806612235
MYS,Malaysia,2016,9476.53409809923
MYS,Malaysia,2015,9648.6797937523
MYS,Malaysia,2014,11013.3107334403
MYS,Malaysia,2013,10713.6407638899
MYS,Malaysia,2012,10600.5744240026
MYS,Malaysia,2011,10217.1068585031
MYS,Malaysia,2010,8899.34505544675
MYS,Malaysia,2009,7191.43287234626
MYS,Malaysia,2008,8371.82156086005
MYS,Malaysia,2007,7168.93031942508
MYS,Malaysia,2006,6158.40785533236
MYS,Malaysia,2005,5555.58179951206
MYS,Malaysia,2004,4939.24851854427
MYS,Malaysia,2003,4465.32194567208
MYS,Malaysia,2002,4184.03163773539
MYS,Malaysia,2001,3943.79943910239
MYS,Malaysia,2000,4083.52874483605
MYS,Malaysia,1999,3527.81581379249
MYS,Malaysia,1998,3294.30978444095
MYS,Malaysia,1997,4678.56390058182
MYS,Malaysia,1996,4837.16897250768
MYS,Malaysia,1995,4363.14458333034
MYS,Malaysia,1994,3757.65292858601
MYS,Malaysia,1993,3461.99504214189
MYS,Malaysia,1992,3141.43321987651
MYS,Malaysia,1991,2679.20101106745
MYS,Malaysia,1990,2468.69080320116
MDV,Maldives,2020,7393.8886543933
MDV,Maldives,2019,11740.2724029785
MDV,Maldives,2018,11423.2838427029
MDV,Maldives,2017,10509.628805812
MDV,Maldives,2016,9947.80744731739
MDV,Maldives,2015,9644.90655028145
MDV,Maldives,2014,8939.07416571472
MDV,Maldives,2013,8236.08177944126
MDV,Maldives,2012,7461.29703686309
MDV,Maldives,2011,7424.520410971
MDV,Maldives,2010,7173.59601844692
MDV,Maldives,2009,6734.03165601895
MDV,Maldives,2008,6757.43280929292
MDV,Maldives,2007,5758.10286933053
MDV,Maldives,2006,5018.94335409159
MDV,Maldives,2005,3796.51546524644
MDV,Maldives,2004,4070.2609459446
MDV,Maldives,2003,3548.5767011056
MDV,Maldives,2002,3076.07007160101
MDV,Maldives,2001,3033.93234507036
MDV,Maldives,2000,2213.81235053178
MDV,Maldives,1999,2124.06007530631
MDV,Maldives,1998,1980.38448396751
MDV,Maldives,1997,1898.43225010526
MDV,Maldives,1996,1716.74281753716
MDV,Maldives,1995,1554.60942754604
MDV,Maldives,1994,1419.39276513408
MDV,Maldives,1993,1316.614548774
MDV,Maldives,1992,1194.2325242813
MDV,Maldives,1991,1054.33413828759
MDV,Maldives,1990,956.763019768672
MLI,Mali,2020,953.242943290974
MLI,Mali,2019,971.949318638092
MLI,Mali,2018,996.379292136901
MLI,Mali,2017,924.057531692284
MLI,Mali,2016,872.468587171653
MLI,Mali,2015,838.11986940103
MLI,Mali,2014,947.915033293219
MLI,Mali,2013,901.920957649814
MLI,Mali,2012,872.506092463946
MLI,Mali,2011,938.292902579598
MLI,Mali,2010,797.151541141189
MLI,Mali,2009,787.48256428259
MLI,Mali,2008,767.194838946144
MLI,Mali,2007,670.853394978069
MLI,Mali,2006,586.985415512593
MLI,Mali,2005,548.730382848879
MLI,Mali,2004,495.006294675661
MLI,Mali,2003,441.910358475171
MLI,Mali,2002,378.191678628068
MLI,Mali,2001,346.224554248587
MLI,Mali,2000,304.652870189314
MLI,Mali,1999,364.415678421892
MLI,Mali,1998,356.64704402466
MLI,Mali,1997,320.751522972854
MLI,Mali,1996,359.662096056414
MLI,Mali,1995,331.193112418678
MLI,Mali,1994,266.455340175594
MLI,Mali,1993,372.412257638931
MLI,Mali,1992,385.278654501558
MLI,Mali,1991,381.993534663018
MLI,Mali,1990,353.903252431339
MLT,Malta,2020,31823.422001724
MLT,Malta,2019,32421.9087471186
MLT,Malta,2018,33382.280781103
MLT,Malta,2017,30317.2611769875
MLT,Malta,2016,26459.0644285369
MLT,Malta,2015,25529.6693210673
MLT,Malta,2014,27424.5693619702
MLT,Malta,2013,25415.5525389054
MLT,Malta,2012,22878.3095862582
MLT,Malta,2011,23516.972445816
MLT,Malta,2010,21946.6073066905
MLT,Malta,2009,21261.5428699817
MLT,Malta,2008,22405.6426266551
MLT,Malta,2007,19444.1743635565
MLT,Malta,2006,16653.6038312389
MLT,Malta,2005,15831.3439802756
MLT,Malta,2004,15212.1312964883
MLT,Malta,2003,13593.9787182902
MLT,Malta,2002,11251.2024877398
MLT,Malta,2001,10357.7026407269
MLT,Malta,2000,10348.485765125
MLT,Malta,1999,10609.1105181418
MLT,Malta,1998,10408.1156430599
MLT,Malta,1997,9893.18885431564
MLT,Malta,1996,10061.8500714248
MLT,Malta,1995,9828.32366424667
MLT,Malta,1994,8000.3453286604
MLT,Malta,1993,7296.35111127489
MLT,Malta,1992,8220.33403924666
MLT,Malta,1991,7558.75921583164
MLT,Malta,1990,7192.38994693962
MHL,Marshall Islands,2020,5661.96787336674
MHL,Marshall Islands,2019,5292.33985502306
MHL,Marshall Islands,2018,4858.12079054875
MHL,Marshall Islands,2017,4592.83457628576
MHL,Marshall Islands,2016,4229.80988911945
MHL,Marshall Islands,2015,3764.34426229508
MHL,Marshall Islands,2014,3735.23977829545
MHL,Marshall Islands,2013,3677.90690791421
MHL,Marshall Islands,2012,3514.26515490383
MHL,Marshall Islands,2011,3319.39815439151
MHL,Marshall Islands,2010,3095.45768964722
MHL,Marshall Islands,2009,2906.63026970914
MHL,Marshall Islands,2008,2817.60522775322
MHL,Marshall Islands,2007,2892.28403958874
MHL,Marshall Islands,2006,2754.26988767503
MHL,Marshall Islands,2005,2658.65217893885
MHL,Marshall Islands,2004,2566.08291015814
MHL,Marshall Islands,2003,2539.3307383954
MHL,Marshall Islands,2002,2566.06708799222
MHL,Marshall Islands,2001,2394.34501105178
MHL,Marshall Islands,2000,2264.79114897645
MHL,Marshall Islands,1999,2257.92000318712
MHL,Marshall Islands,1998,2254.16054870567
MHL,Marshall Islands,1997,2230.75377088451
MHL,Marshall Islands,1996,2272.84469502819
MHL,Marshall Islands,1995,2490.98744457796
MHL,Marshall Islands,1994,2265.0695841717
MHL,Marshall Islands,1993,2112.01240099378
MHL,Marshall Islands,1992,1963.07234629646
MHL,Marshall Islands,1991,1810.63465589888
MHL,Marshall Islands,1990,1758.40820990836
MRT,Mauritania,2020,1795.72437324423
MRT,Mauritania,2019,1767.072710621
MRT,Mauritania,2018,1723.37809442655
MRT,Mauritania,2017,1617.93401542267
MRT,Mauritania,2016,1568.00551190332
MRT,Mauritania,2015,1558.84205473416
MRT,Mauritania,2014,1718.97089374709
MRT,Mauritania,2013,1936.26950446101
MRT,Mauritania,2012,1859.11733247641
MRT,Mauritania,2011,1931.19975525465
MRT,Mauritania,2010,1659.96369705455
MRT,Mauritania,2009,1435.43010811893
MRT,Mauritania,2008,1635.5630623124
MRT,Mauritania,2007,1405.15016203368
MRT,Mauritania,2006,1300.60367988659
MRT,Mauritania,2005,998.96583416747
MRT,Mauritania,2004,823.554457141893
MRT,Mauritania,2003,732.017820812675
MRT,Mauritania,2002,648.879643934862
MRT,Mauritania,2001,651.817840199777
MRT,Mauritania,2000,680.911061879778
MRT,Mauritania,1999,781.337033563197
MRT,Mauritania,1998,821.266378551937
MRT,Mauritania,1997,859.28395817576
MRT,Mauritania,1996,904.120879798142
MRT,Mauritania,1995,904.719170071042
MRT,Mauritania,1994,864.599478365453
MRT,Mauritania,1993,849.620301696661
MRT,Mauritania,1992,1036.47437808576
MRT,Mauritania,1991,1061.67704285264
MRT,Mauritania,1990,772.033092140219
MUS,Mauritius,2020,9135.84773751062
MUS,Mauritius,2019,11568.2533399824
MUS,Mauritius,2018,11818.7480619272
MUS,Mauritius,2017,10986.7034093005
MUS,Mauritius,2016,10095.1225574156
MUS,Mauritius,2015,9630.5437837507
MUS,Mauritius,2014,10490.3315563853
MUS,Mauritius,2013,9877.13865958834
MUS,Mauritius,2012,9421.52514098225
MUS,Mauritius,2011,9324.24232310496
MUS,Mauritius,2010,8113.17670740212
MUS,Mauritius,2009,7426.86137313939
MUS,Mauritius,2008,8140.47983639243
MUS,Mauritius,2007,6677.37538616398
MUS,Mauritius,2006,5784.22491883026
MUS,Mauritius,2005,5354.02974260642
MUS,Mauritius,2004,5460.60800184198
MUS,Mauritius,2003,4858.26575549747
MUS,Mauritius,2002,4073.06053055903
MUS,Mauritius,2001,3908.55694927435
MUS,Mauritius,2000,3981.98343249582
MUS,Mauritius,1999,3745.69625069831
MUS,Mauritius,1998,3641.62142564086
MUS,Mauritius,1997,3695.73668844327
MUS,Mauritius,1996,3951.94494649336
MUS,Mauritius,1995,3648.01649622256
MUS,Mauritius,1994,3240.38624662702
MUS,Mauritius,1993,3013.83313790492
MUS,Mauritius,1992,3013.23706337167
MUS,Mauritius,1991,2705.26648158805
MUS,Mauritius,1990,2539.92846467452
MEX,Mexico,2020,8841.27074929751
MEX,Mexico,2019,10369.5553593527
MEX,Mexico,2018,10084.7937570364
MEX,Mexico,2017,9649.27816729586
MEX,Mexico,2016,9097.92397674769
MEX,Mexico,2015,10021.2386113616
MEX,Mexico,2014,11391.3773503964
MEX,Mexico,2013,11216.800851866
MEX,Mexico,2012,10744.1335236186
MEX,Mexico,2011,10664.4944032313
MEX,Mexico,2010,9728.80078307432
MEX,Mexico,2009,8423.56933148639
MEX,Mexico,2008,10523.7685427665
MEX,Mexico,2007,10134.3327129706
MEX,Mexico,2006,9512.63575346699
MEX,Mexico,2005,8671.75891798441
MEX,Mexico,2004,7849.66759649565
MEX,Mexico,2003,7434.07465031562
MEX,Mexico,2002,7983.03398381759
MEX,Mexico,2001,7952.76479510706
MEX,Mexico,2000,7524.0271380091
MEX,Mexico,1999,6499.97182950425
MEX,Mexico,1998,5832.69342004468
MEX,Mexico,1997,5567.35599516667
MEX,Mexico,1996,4674.36792733681
MEX,Mexico,1995,4183.87847727479
MEX,Mexico,1994,6202.36588372862
MEX,Mexico,1993,6048.34840388099
MEX,Mexico,1992,4220.56643677057
MEX,Mexico,1991,3708.8420548157
MEX,Mexico,1990,3154.46920349038
FSM,"Micronesia, Fed. Sts.",2020,3362.02802120524
FSM,"Micronesia, Fed. Sts.",2019,3581.72684572278
FSM,"Micronesia, Fed. Sts.",2018,3584.78377566896
FSM,"Micronesia, Fed. Sts.",2017,3297.37580036719
FSM,"Micronesia, Fed. Sts.",2016,2997.93719917488
FSM,"Micronesia, Fed. Sts.",2015,2869.86276169101
FSM,"Micronesia, Fed. Sts.",2014,2915.23672460238
FSM,"Micronesia, Fed. Sts.",2013,2904.1536796737
FSM,"Micronesia, Fed. Sts.",2012,3003.05867086848
FSM,"Micronesia, Fed. Sts.",2011,2859.8488365615
FSM,"Micronesia, Fed. Sts.",2010,2715.26873721406
FSM,"Micronesia, Fed. Sts.",2009,2565.83639782506
FSM,"Micronesia, Fed. Sts.",2008,2395.90218109716
FSM,"Micronesia, Fed. Sts.",2007,2302.51183108846
FSM,"Micronesia, Fed. Sts.",2006,2257.76445195026
FSM,"Micronesia, Fed. Sts.",2005,2216.9963738197
FSM,"Micronesia, Fed. Sts.",2004,2104.42796515524
FSM,"Micronesia, Fed. Sts.",2003,2145.87789998664
FSM,"Micronesia, Fed. Sts.",2002,2113.45955463859
FSM,"Micronesia, Fed. Sts.",2001,2103.74849819784
FSM,"Micronesia, Fed. Sts.",2000,2049.34490021777
FSM,"Micronesia, Fed. Sts.",1999,1944.83255730659
FSM,"Micronesia, Fed. Sts.",1998,1944.03332824551
FSM,"Micronesia, Fed. Sts.",1997,1840.2391263246
FSM,"Micronesia, Fed. Sts.",1996,1955.97507000271
FSM,"Micronesia, Fed. Sts.",1995,1995.19187154132
FSM,"Micronesia, Fed. Sts.",1994,1856.5207426083
FSM,"Micronesia, Fed. Sts.",1993,1853.06259690284
FSM,"Micronesia, Fed. Sts.",1992,1699.3301910196
FSM,"Micronesia, Fed. Sts.",1991,1617.45528154622
FSM,"Micronesia, Fed. Sts.",1990,1459.04369201491
MDA,Moldova,2020,4375.7788930524
MDA,Moldova,2019,4405.33418162155
MDA,Moldova,2018,4156.44981956646
MDA,Moldova,2017,3453.26727720294
MDA,Moldova,2016,2847.08794770479
MDA,Moldova,2015,2749.55137054338
MDA,Moldova,2014,3289.95758568777
MDA,Moldova,2013,3321.04397795719
MDA,Moldova,2012,3044.8084324815
MDA,Moldova,2011,2941.36224066021
MDA,Moldova,2010,2436.79935102421
MDA,Moldova,2009,1898.43975710988
MDA,Moldova,2008,2110.55305353857
MDA,Moldova,2007,1531.21618590748
MDA,Moldova,2006,1183.02481442894
MDA,Moldova,2005,1034.39197746993
MDA,Moldova,2004,897.178494749468
MDA,Moldova,2003,682.319095965299
MDA,Moldova,2002,570.799866188293
MDA,Moldova,2001,507.404076252819
MDA,Moldova,2000,440.538683980372
MDA,Moldova,1999,399.499818596336
MDA,Moldova,1998,578.734627562193
MDA,Moldova,1997,657.29213459795
MDA,Moldova,1996,575.145455139019
MDA,Moldova,1995,593.593177049161
MDA,Moldova,1994,573.798647201304
MDA,Moldova,1993,796.989388848336
MDA,Moldova,1992,778.017667420102
MDA,Moldova,1991,1037.89950336245
MDA,Moldova,1990,1206.50208704977
MCO,Monaco,2020,176891.806328966
MCO,Monaco,2019,193746.729890885
MCO,Monaco,2018,188298.389694191
MCO,Monaco,2017,170663.470051177
MCO,Monaco,2016,173604.669723126
MCO,Monaco,2015,170437.021128628
MCO,Monaco,2014,195693.519540544
MCO,Monaco,2013,184940.633666281
MCO,Monaco,2012,165444.625782803
MCO,Monaco,2011,179364.009524397
MCO,Monaco,2010,161853.922745228
MCO,Monaco,2009,169150.337647299
MCO,Monaco,2008,204263.893236529
MCO,Monaco,2007,184558.455423983
MCO,Monaco,2006,143083.509443656
MCO,Monaco,2005,130538.711379722
MCO,Monaco,2004,125160.282928751
MCO,Monaco,2003,111110.460463916
MCO,Monaco,2002,90051.4463079416
MCO,Monaco,2001,82402.7746362391
MCO,Monaco,2000,81789.014508777
MCO,Monaco,1999,89698.1924366737
MCO,Monaco,1998,90947.2051224438
MCO,Monaco,1997,88581.7044683607
MCO,Monaco,1996,98561.0137425657
MCO,Monaco,1995,99032.2375054091
MCO,Monaco,1994,86703.8130529474
MCO,Monaco,1993,82685.4559266948
MCO,Monaco,1992,88614.926367223
MCO,Monaco,1991,80997.2520924871
MCO,Monaco,1990,81734.8664968011
MNG,Mongolia,2020,4001.25193077703
MNG,Mongolia,2019,4347.54610314873
MNG,Mongolia,2018,4107.64288528468
MNG,Mongolia,2017,3645.96708669551
MNG,Mongolia,2016,3619.90026383792
MNG,Mongolia,2015,3838.92126989984
MNG,Mongolia,2014,4126.23975800524
MNG,Mongolia,2013,4340.14310544449
MNG,Mongolia,2012,4328.89001905655
MNG,Mongolia,2011,3736.04201455077
MNG,Mongolia,2010,2625.21881402433
MNG,Mongolia,2009,1703.32756790019
MNG,Mongolia,2008,2127.42678594737
MNG,Mongolia,2007,1627.68787743359
MNG,Mongolia,2006,1329.89179579053
MNG,Mongolia,2005,994.90010913241
MNG,Mongolia,2004,794.154552001815
MNG,Mongolia,2003,643.168068921658
MNG,Mongolia,2002,570.249213248399
MNG,Mongolia,2001,524.453483552485
MNG,Mongolia,2000,476.02755082717
MNG,Mongolia,1999,448.660368337533
MNG,Mongolia,1998,483.878066074871
MNG,Mongolia,1997,515.298004947316
MNG,Mongolia,1996,595.5810149554
MNG,Mongolia,1995,652.67456284915
MNG,Mongolia,1994,422.864349383041
MNG,Mongolia,1993,354.898613087701
MNG,Mongolia,1992,607.813424662797
MNG,Mongolia,1991,1098.68017445549
MNG,Mongolia,1990,1220.17127664137
MNE,Montenegro,2020,7555.48699036321
MNE,Montenegro,2019,8749.25629734676
MNE,Montenegro,2018,8673.59469069858
MNE,Montenegro,2017,7674.2856571219
MNE,Montenegro,2016,6968.01202883651
MNE,Montenegro,2015,6421.00005731419
MNE,Montenegro,2014,7342.17147363741
MNE,Montenegro,2013,7102.7776714702
MNE,Montenegro,2012,6552.47970337373
MNE,Montenegro,2011,7265.51771176628
MNE,Montenegro,2010,6678.63939560908
MNE,Montenegro,2009,6726.67589734408
MNE,Montenegro,2008,7390.01481290503
MNE,Montenegro,2007,5979.43813180981
MNE,Montenegro,2006,4422.55172559508
MNE,Montenegro,2005,3675.98851272723
MNE,Montenegro,2004,3386.38099417981
MNE,Montenegro,2003,2789.95435110345
MNE,Montenegro,2002,2109.30631947331
MNE,Montenegro,2001,1909.59870186179
MNE,Montenegro,2000,1627.06511911987
MNE,Montenegro,1999,1367.90257335097
MNE,Montenegro,1998,1405.81632669854
MNE,Montenegro,1997,1375.32616813442
MAR,Morocco,2020,3268.0302734375
MAR,Morocco,2019,3508.09765625
MAR,Morocco,2018,3501.69799804688
MAR,Morocco,2017,3296.52661132813
MAR,Morocco,2016,3140.85546875
MAR,Morocco,2015,3146.24780273438
MAR,Morocco,2014,3435.40698242188
MAR,Morocco,2013,3379.7431640625
MAR,Morocco,2012,3164.17724609375
MAR,Morocco,2011,3301.98876953125
MAR,Morocco,2010,3067.9853515625
MAR,Morocco,2009,3119.58862304688
MAR,Morocco,2008,3183.20043945313
MAR,Morocco,2007,2755.5859375
MAR,Morocco,2006,2438.12646484375
MAR,Morocco,2005,2242.98828125
MAR,Morocco,2004,2183.55541992188
MAR,Morocco,2003,1941.87255859375
MAR,Morocco,2002,1596.02062988281
MAR,Morocco,2001,1506.24523925781
MAR,Morocco,2000,1499.107421875
MAR,Morocco,1999,1635.65673828125
MAR,Morocco,1998,1668.49755859375
MAR,Morocco,1997,1426.30114746094
MAR,Morocco,1996,1596.83239746094
MAR,Morocco,1995,1466.78820800781
MAR,Morocco,1994,1358.79443359375
MAR,Morocco,1993,1226.43054199219
MAR,Morocco,1992,1327.02954101563
MAR,Morocco,1991,1292.23376464844
MAR,Morocco,1990,1229.07104492188
MOZ,Mozambique,2020,462.433876479921
MOZ,Mozambique,2019,519.09255091362
MOZ,Mozambique,2018,517.507260258101
MOZ,Mozambique,2017,470.93856305196
MOZ,Mozambique,2016,441.489734819071
MOZ,Mozambique,2015,610.563774706589
MOZ,Mozambique,2014,697.142680444123
MOZ,Mozambique,2013,686.505672517351
MOZ,Mozambique,2012,685.685748199513
MOZ,Mozambique,2011,618.17649286789
MOZ,Mozambique,2010,496.185839392659
MOZ,Mozambique,2009,547.697144193651
MOZ,Mozambique,2008,592.159111184122
MOZ,Mozambique,2007,507.874923914304
MOZ,Mozambique,2006,457.487647833183
MOZ,Mozambique,2005,436.773856167384
MOZ,Mozambique,2004,400.056973161545
MOZ,Mozambique,2003,339.488737800648
MOZ,Mozambique,2002,313.886661721198
MOZ,Mozambique,2001,304.792138621913
MOZ,Mozambique,2000,327.12623979157
MOZ,Mozambique,1999,354.406245723711
MOZ,Mozambique,1998,320.125121723292
MOZ,Mozambique,1997,287.532091475389
MOZ,Mozambique,1996,244.362651012498
MOZ,Mozambique,1995,191.826096861406
MOZ,Mozambique,1994,196.763143175646
MOZ,Mozambique,1993,205.189844208699
MOZ,Mozambique,1992,205.585216062094
MOZ,Mozambique,1991,288.708092484444
MMR,Myanmar,2020,1490.21683548367
MMR,Myanmar,2019,1425.98954211903
MMR,Myanmar,2018,1298.21310320785
MMR,Myanmar,2017,1272.82241830603
MMR,Myanmar,2016,1229.19713515893
MMR,Myanmar,2015,1166.73305546337
MMR,Myanmar,2014,1293.00042298688
MMR,Myanmar,2013,1199.09561597055
MMR,Myanmar,2012,1202.6658960055
MMR,Myanmar,2011,1213.62898703376
MMR,Myanmar,2010,1010.53417343401
MMR,Myanmar,2009,758.442935789255
MMR,Myanmar,2008,658.442487229705
MMR,Myanmar,2007,419.375780725042
MMR,Myanmar,2006,303.495087119254
MMR,Myanmar,2005,252.685193060728
MMR,Myanmar,2004,224.508811413327
MMR,Myanmar,2003,224.292688912409
MMR,Myanmar,2002,146.598390364449
MMR,Myanmar,2001,141.525660705722
MMR,Myanmar,2000,196.619580625284
MMR,Myanmar,1999,189.490155849067
MMR,Myanmar,1998,145.950830383757
MMR,Myanmar,1997,108.039770292032
MMR,Myanmar,1996,141.897267580367
MMR,Myanmar,1995,124.14348039051
MMR,Myanmar,1994,105.391561114159
MMR,Myanmar,1993,76.212889482598
MMR,Myanmar,1992,58.8896739558883
MMR,Myanmar,1991,51.2408970610106
MMR,Myanmar,1990,53.1225401094506
NAM,Namibia,2020,3878.58982993966
NAM,Namibia,2019,4731.9210318831
NAM,Namibia,2018,5308.60813408705
NAM,Namibia,2017,5143.96072323076
NAM,Namibia,2016,4395.68776162376
NAM,Namibia,2015,4774.10650865775
NAM,Namibia,2014,5378.32326241205
NAM,Namibia,2013,5346.62131149967
NAM,Namibia,2012,5942.64680978673
NAM,Namibia,2011,5834.7917675794
NAM,Namibia,2010,5418.21633365814
NAM,Namibia,2009,4302.91374148376
NAM,Namibia,2008,4204.78555422749
NAM,Namibia,2007,4379.04313682732
NAM,Namibia,2006,4017.1834716928
NAM,Namibia,2005,3685.77299991587
NAM,Namibia,2004,3403.15496192955
NAM,Namibia,2003,2569.24739317883
NAM,Namibia,2002,1772.07565537493
NAM,Namibia,2001,1915.58926594875
NAM,Namibia,2000,2156.67590512714
NAM,Namibia,1999,2177.78733370092
NAM,Namibia,1998,2235.24515468625
NAM,Namibia,1997,2459.64511763936
NAM,Namibia,1996,2423.3982907313
NAM,Namibia,1995,2483.20353415161
NAM,Namibia,1994,2355.90445673153
NAM,Namibia,1993,2154.96473655435
NAM,Namibia,1992,2346.86242963741
NAM,Namibia,1991,2116.90552516214
NAM,Namibia,1990,2037.47589359778
NRU,Naoero,2020,10709.068810538
NRU,Naoero,2019,10801.7705659635
NRU,Naoero,2018,11413.7463016389
NRU,Naoero,2017,9656.97976571484
NRU,Naoero,2016,8748.15632605428
NRU,Naoero,2015,7747.25584993607
NRU,Naoero,2014,9230.05440328927
NRU,Naoero,2013,8974.51886874433
NRU,Naoero,2012,9842.77032731856
NRU,Naoero,2011,6444.03642094634
NRU,Naoero,2010,4735.92000502092
NRU,Naoero,2009,4410.56764668962
NRU,Naoero,2008,3756.84531228766
NRU,Naoero,2007,2272.15291307045
NRU,Naoero,2006,2910.14145794684
NRU,Naoero,2005,2992.40382776926
NRU,Naoero,2004,3040.51349889
NRU,Naoero,2003,2463.28259078079
NRU,Naoero,2002,2084.64824520971
NRU,Naoero,2001,2232.30874026726
NRU,Naoero,2000,2648.60152860938
NRU,Naoero,1999,2682.69486680046
NRU,Naoero,1998,2908.84986525428
NRU,Naoero,1997,3661.02846701327
NRU,Naoero,1996,3678.56242894634
NRU,Naoero,1995,3932.0910939209
NRU,Naoero,1994,3920.53972987914
NRU,Naoero,1993,4310.24433298623
NRU,Naoero,1992,5102.59685913907
NRU,Naoero,1991,5333.37954889626
NRU,Naoero,1990,5775.55347423089
NPL,Nepal,2020,1154.21517578318
NPL,Nepal,2019,1203.14294706401
NPL,Nepal,2018,1179.19843190389
NPL,Nepal,2017,1034.28374906846
NPL,Nepal,2016,877.256454696737
NPL,Nepal,2015,875.543635474862
NPL,Nepal,2014,821.455224911731
NPL,Nepal,2013,803.269595420477
NPL,Nepal,2012,788.202937148377
NPL,Nepal,2011,785.518656222132
NPL,Nepal,2010,585.278491984574
NPL,Nepal,2009,473.078751198621
NPL,Nepal,2008,464.817391891529
NPL,Nepal,2007,385.449767660642
NPL,Nepal,2006,340.431796437968
NPL,Nepal,2005,309.024168339372
NPL,Nepal,2004,279.587750044428
NPL,Nepal,2003,246.429706587633
NPL,Nepal,2002,238.89140296106
NPL,Nepal,2001,240.795114544664
NPL,Nepal,2000,223.830289183078
NPL,Nepal,1999,208.646667913743
NPL,Nepal,1998,205.075246306069
NPL,Nepal,1997,211.834869589153
NPL,Nepal,1996,198.821907435345
NPL,Nepal,1995,197.843001330326
NPL,Nepal,1994,187.258176246151
NPL,Nepal,1993,172.805202579767
NPL,Nepal,1992,165.02959412726
NPL,Nepal,1991,195.716621410462
NPL,Nepal,1990,185.794600449903
NLD,Netherlands,2020,53467.9277413737
NLD,Netherlands,2019,53554.9007491475
NLD,Netherlands,2018,53955.0770024266
NLD,Netherlands,2017,49513.6817346384
NLD,Netherlands,2016,46808.5291492503
NLD,Netherlands,2015,45793.8135434697
NLD,Netherlands,2014,53457.2234864322
NLD,Netherlands,2013,52602.2860520766
NLD,Netherlands,2012,50473.9442002689
NLD,Netherlands,2011,54701.7728030611
NLD,Netherlands,2010,51305.7338533973
NLD,Netherlands,2009,53172.0261581418
NLD,Netherlands,2008,58246.7026905874
NLD,Netherlands,2007,52100.7996285947
NLD,Netherlands,2006,45123.5432406426
NLD,Netherlands,2005,42165.396168388
NLD,Netherlands,2004,40611.3414353091
NLD,Netherlands,2003,35896.7504630706
NLD,Netherlands,2002,29446.5330872868
NLD,Netherlands,2001,26955.7128032278
NLD,Netherlands,2000,26225.1697734149
NLD,Netherlands,1999,28318.7466538357
NLD,Netherlands,1998,27924.281808994
NLD,Netherlands,1997,26744.9601318097
NLD,Netherlands,1996,29063.6236532536
NLD,Netherlands,1995,29301.1940492376
NLD,Netherlands,1994,24682.5866742863
NLD,Netherlands,1993,23156.4404444568
NLD,Netherlands,1992,23939.2173482108
NLD,Netherlands,1991,21764.2144987258
NLD,Netherlands,1990,21322.1944802703
NCL,New Caledonia,2020,33270.330597637
NCL,New Caledonia,2019,33411.3358835672
NCL,New Caledonia,2018,34902.8968780031
NCL,New Caledonia,2017,32354.7102832901
NCL,New Caledonia,2016,30782.8544433514
NCL,New Caledonia,2015,30858.7237060533
NCL,New Caledonia,2014,37816.9558599295
NCL,New Caledonia,2013,36671.1566752621
NCL,New Caledonia,2012,35559.5672006157
NCL,New Caledonia,2011,38835.9401851385
NCL,New Caledonia,2010,35798.9084757829
NCL,New Caledonia,2009,33836.494080472
NCL,New Caledonia,2008,35723.9033194947
NCL,New Caledonia,2007,35177.6535261448
NCL,New Caledonia,2006,28193.2537573387
NCL,New Caledonia,2005,25528.2918353444
NCL,New Caledonia,2004,24475.6488547037
NCL,New Caledonia,2003,20768.1061488848
NCL,New Caledonia,2002,16104.5520406819
NCL,New Caledonia,2001,14482.3606263602
NCL,New Caledonia,2000,15329.7297200058
NCL,New Caledonia,1999,16692.6835119189
NCL,New Caledonia,1998,16614.5978812179
NCL,New Caledonia,1997,15704.9593483537
NCL,New Caledonia,1996,17592.0502745845
NCL,New Caledonia,1995,18107.8880778022
NCL,New Caledonia,1994,15534.3093278924
NCL,New Caledonia,1993,14787.2165075183
NCL,New Caledonia,1992,15713.7198562158
NCL,New Caledonia,1991,14642.5179713722
NCL,New Caledonia,1990,14334.6807372176
NZL,New Zealand,2020,42054.6743136586
NZL,New Zealand,2019,42872.2681243427
NZL,New Zealand,2018,43204.1305124872
NZL,New Zealand,2017,42912.1537002148
NZL,New Zealand,2016,40088.3205470499
NZL,New Zealand,2015,38648.7302562109
NZL,New Zealand,2014,44599.8992733675
NZL,New Zealand,2013,42984.9571801167
NZL,New Zealand,2012,40041.7524816244
NZL,New Zealand,2011,38425.829997974
NZL,New Zealand,2010,33761.9009639947
NZL,New Zealand,2009,28276.7255416225
NZL,New Zealand,2008,31324.7397977102
NZL,New Zealand,2007,32479.9817381467
NZL,New Zealand,2006,26654.5932018985
NZL,New Zealand,2005,27751.0654708859
NZL,New Zealand,2004,25420.234882944
NZL,New Zealand,2003,21913.7081719961
NZL,New Zealand,2002,16874.1874918196
NZL,New Zealand,2001,13882.8568268586
NZL,New Zealand,2000,13641.1027183822
NZL,New Zealand,1999,15322.2238340267
NZL,New Zealand,1998,14738.4455703918
NZL,New Zealand,1997,17474.187029724
NZL,New Zealand,1996,18794.436039393
NZL,New Zealand,1995,17400.4201848172
NZL,New Zealand,1994,15280.3127842922
NZL,New Zealand,1993,13094.3454502639
NZL,New Zealand,1992,11793.1392416214
NZL,New Zealand,1991,12230.0734548834
NZL,New Zealand,1990,13663.0216184298
NIC,Nicaragua,2020,1938.44704754382
NIC,Nicaragua,2019,1958.62051528095
NIC,Nicaragua,2018,2035.16549390507
NIC,Nicaragua,2017,2182.61380995674
NIC,Nicaragua,2016,2131.68704828322
NIC,Nicaragua,2015,2074.45620634731
NIC,Nicaragua,2014,1958.37047579547
NIC,Nicaragua,2013,1835.43996363715
NIC,Nicaragua,2012,1784.69836017555
NIC,Nicaragua,2011,1679.71192084633
NIC,Nicaragua,2010,1526.56706951408
NIC,Nicaragua,2009,1467.08288052845
NIC,Nicaragua,2008,1523.68437086409
NIC,Nicaragua,2007,1350.38145753377
NIC,Nicaragua,2006,1248.17371577788
NIC,Nicaragua,2005,1183.30214010175
NIC,Nicaragua,2004,1098.62118662335
NIC,Nicaragua,2003,1021.35216668794
NIC,Nicaragua,2002,1014.3339042591
NIC,Nicaragua,2001,1051.874235891
NIC,Nicaragua,2000,1017.3124434882
NIC,Nicaragua,1999,980.219744675246
NIC,Nicaragua,1998,949.155373494771
NIC,Nicaragua,1997,912.757429788533
NIC,Nicaragua,1996,910.861645917295
NIC,Nicaragua,1995,891.779352309996
NIC,Nicaragua,1994,849.179331364895
NIC,Nicaragua,1993,394.378074021071
NIC,Nicaragua,1992,411.473330661786
NIC,Nicaragua,1991,349.514318640612
NIC,Nicaragua,1990,242.508390600822
NER,Niger,2020,575.451340306915
NER,Niger,2019,541.265819870273
NER,Niger,2018,576.927536415462
NER,Niger,2017,529.929418934868
NER,Niger,2016,499.910520068193
NER,Niger,2015,485.662574175279
NER,Niger,2014,565.30989731175
NER,Niger,2013,552.103334363117
NER,Niger,2012,528.510104469655
NER,Niger,2011,510.75956176268
NER,Niger,2010,474.425692340831
NER,Niger,2009,461.131533961487
NER,Niger,2008,475.044955398162
NER,Niger,2007,387.168065883301
NER,Niger,2006,333.345078419447
NER,Niger,2005,318.643121918273
NER,Niger,2004,283.468281798296
NER,Niger,2003,265.225363452469
NER,Niger,2002,225.294391147438
NER,Niger,2001,205.417936120931
NER,Niger,2000,194.771959898935
NER,Niger,1999,228.271656116064
NER,Niger,1998,246.090855923026
NER,Niger,1997,220.562957209
NER,Niger,1996,239.494513213973
NER,Niger,1995,237.01998956862
NER,Niger,1994,206.214617135856
NER,Niger,1993,335.429581902384
NER,Niger,1992,384.029657304316
NER,Niger,1991,384.44311679922
NER,Niger,1990,423.887460599302
NGA,Nigeria,2020,2797.184580679
NGA,Nigeria,2019,3189.81286496183
NGA,Nigeria,2018,2057.87944554011
NGA,Nigeria,2017,1876.34027111773
NGA,Nigeria,2016,2070.4127339595
NGA,Nigeria,2015,2585.73360671797
NGA,Nigeria,2014,3088.72131316169
NGA,Nigeria,2013,2872.79083379398
NGA,Nigeria,2012,2633.19734671361
NGA,Nigeria,2011,2418.41316975875
NGA,Nigeria,2010,2202.25672957344
NGA,Nigeria,2009,1820.48633854782
NGA,Nigeria,2008,2154.10543545364
NGA,Nigeria,2007,1815.52697545827
NGA,Nigeria,2006,1599.53891556365
NGA,Nigeria,2005,1211.37703504386
NGA,Nigeria,2004,962.48104194733
NGA,Nigeria,2003,763.388745367223
NGA,Nigeria,2002,712.164852077686
NGA,Nigeria,2001,566.428231812933
NGA,Nigeria,2000,547.318298903379
NGA,Nigeria,1999,480.669363941805
NGA,Nigeria,1998,1822.46998452473
NGA,Nigeria,1997,1720.27540949396
NGA,Nigeria,1996,1632.72469370276
NGA,Nigeria,1995,1271.61617353199
NGA,Nigeria,1994,744.884247151377
NGA,Nigeria,1993,539.573202297542
NGA,Nigeria,1992,508.515905682785
NGA,Nigeria,1991,596.938795710722
NGA,Nigeria,1990,556.376449130902
MKD,North Macedonia,2020,6659.59651070776
MKD,North Macedonia,2019,6718.85826635458
MKD,North Macedonia,2018,6713.98925398989
MKD,North Macedonia,2017,5955.2973863451
MKD,North Macedonia,2016,5598.48622617967
MKD,North Macedonia,2015,5262.68671928674
MKD,North Macedonia,2014,5925.38592218015
MKD,North Macedonia,2013,5626.26115664893
MKD,North Macedonia,2012,5049.8265386157
MKD,North Macedonia,2011,5416.86672931659
MKD,North Macedonia,2010,4833.36586759968
MKD,North Macedonia,2009,4799.78722768888
MKD,North Macedonia,2008,5026.4202989873
MKD,North Macedonia,2007,4204.11328760452
MKD,North Macedonia,2006,3440.4411057968
MKD,North Macedonia,2005,3120.98401394233
MKD,North Macedonia,2004,2818.5814561242
MKD,North Macedonia,2003,2445.36286400013
MKD,North Macedonia,2002,1989.13537265159
MKD,North Macedonia,2001,1823.02267682636
MKD,North Macedonia,2000,1861.89899780644
MKD,North Macedonia,1999,1915.39281060996
MKD,North Macedonia,1998,1875.81662735988
MKD,North Macedonia,1997,1959.56073782188
MKD,North Macedonia,1996,2306.53366957635
MKD,North Macedonia,1995,2355.24705371138
MKD,North Macedonia,1994,1786.35488334914
MKD,North Macedonia,1993,1336.64775641463
MKD,North Macedonia,1992,1198.92829846257
MKD,North Macedonia,1991,2402.13517656378
MKD,North Macedonia,1990,2277.30372314314
MNP,Northern Mariana Islands,2020,18220.8382427201
MNP,Northern Mariana Islands,2019,24496.6652122421
MNP,Northern Mariana Islands,2018,26509.3628379893
MNP,Northern Mariana Islands,2017,31225.6049960968
MNP,Northern Mariana Islands,2016,24225.474169342
MNP,Northern Mariana Islands,2015,17665.1007493109
MNP,Northern Mariana Islands,2014,15945.417608954
MNP,Northern Mariana Islands,2013,14632.8518897608
MNP,Northern Mariana Islands,2012,14013.6003306158
MNP,Northern Mariana Islands,2011,13598.7166094613
MNP,Northern Mariana Islands,2010,14771.4037455399
MNP,Northern Mariana Islands,2009,14369.6339810212
MNP,Northern Mariana Islands,2008,16430.4461942257
MNP,Northern Mariana Islands,2007,15914.2193040498
MNP,Northern Mariana Islands,2006,16314.5578590027
MNP,Northern Mariana Islands,2005,17015.7487891715
MNP,Northern Mariana Islands,2004,18924.5831899653
MNP,Northern Mariana Islands,2003,18938.8728389967
MNP,Northern Mariana Islands,2002,19227.8894246608
NOR,Norway,2020,71057.5879471399
NOR,Norway,2019,79329.3075190012
NOR,Norway,2018,85579.0776455494
NOR,Norway,2017,78771.2151264554
NOR,Norway,2016,73222.4006864905
NOR,Norway,2015,77220.9524311414
NOR,Norway,2014,100410.020200979
NOR,Norway,2013,106333.138368566
NOR,Norway,2012,104627.93694681
NOR,Norway,2011,103545.218988177
NOR,Norway,2010,90020.342257973
NOR,Norway,2009,81939.726548458
NOR,Norway,2008,99001.5300678626
NOR,Norway,2007,86600.2387607877
NOR,Norway,2006,75047.741700385
NOR,Norway,2005,67358.3615969796
NOR,Norway,2004,57854.5698169407
NOR,Norway,2003,50208.0960234078
NOR,Norway,2002,43048.288735011
NOR,Norway,2001,38458.2530907659
NOR,Norway,2000,37991.8907576589
NOR,Norway,1999,36151.4491624485
NOR,Norway,1998,34515.8977194734
NOR,Norway,1997,36324.1473513598
NOR,Norway,1996,37072.6000316602
NOR,Norway,1995,34658.6948344762
NOR,Norway,1994,29129.7350937014
NOR,Norway,1993,27792.6599198329
NOR,Norway,1992,30328.210916818
NOR,Norway,1991,28427.2524217324
NOR,Norway,1990,28137.4837293741
OMN,Oman,2020,16784.8630630058
OMN,Oman,2019,19180.1864152801
OMN,Oman,2018,19901.7615642016
OMN,Oman,2017,17820.0661809335
OMN,Oman,2016,17110.1897460545
OMN,Oman,2015,18808.3077921839
OMN,Oman,2014,23160.6502252547
OMN,Oman,2013,23458.0233840053
OMN,Oman,2012,24642.2978768596
OMN,Oman,2011,25188.0074151885
OMN,Oman,2010,23570.1798147325
OMN,Oman,2009,20655.9180249218
OMN,Oman,2008,26576.779241509
OMN,Oman,2007,18792.653772482
OMN,Oman,2006,16930.8565071853
OMN,Oman,2005,14434.8577924647
OMN,Oman,2004,11800.8507411171
OMN,Oman,2003,10463.5425832141
OMN,Oman,2002,9869.13050219438
OMN,Oman,2001,9611.96360191054
OMN,Oman,2000,9753.84755185404
OMN,Oman,1999,7915.44169380534
OMN,Oman,1998,7219.02932432025
OMN,Oman,1997,8234.64063759005
OMN,Oman,1996,8068.00076784612
OMN,Oman,1995,7414.30279204109
OMN,Oman,1994,7068.38996979073
OMN,Oman,1993,7038.9301587736
OMN,Oman,1992,7317.78815838166
OMN,Oman,1991,6977.3285922345
OMN,Oman,1990,7545.70305230441
PAK,Pakistan,2020,1278.39735206896
PAK,Pakistan,2019,1390.41690981745
PAK,Pakistan,2018,1569.33814626355
PAK,Pakistan,2017,1519.23459514248
PAK,Pakistan,2016,1424.69161195897
PAK,Pakistan,2015,1380.47020838317
PAK,Pakistan,2014,1266.61340849959
PAK,Pakistan,2013,1225.4340119198
PAK,Pakistan,2012,1204.36475491585
PAK,Pakistan,2011,1131.73513834324
PAK,Pakistan,2010,987.304571124485
PAK,Pakistan,2009,963.788066395225
PAK,Pakistan,2008,1067.04324565284
PAK,Pakistan,2007,998.090114197524
PAK,Pakistan,2006,900.873564984808
PAK,Pakistan,2005,827.619861189926
PAK,Pakistan,2004,771.902247348954
PAK,Pakistan,2003,672.44178669894
PAK,Pakistan,2002,599.937345723927
PAK,Pakistan,2001,609.939506905073
PAK,Pakistan,2000,642.338346499898
PAK,Pakistan,1999,418.249257055367
PAK,Pakistan,1998,424.453697798497
PAK,Pakistan,1997,438.030942680153
PAK,Pakistan,1996,456.996961832943
PAK,Pakistan,1995,450.550279346206
PAK,Pakistan,1994,399.955927561352
PAK,Pakistan,1993,407.888140688466
PAK,Pakistan,1992,395.67720859593
PAK,Pakistan,1991,380.019843346229
PAK,Pakistan,1990,344.45547384189
PLW,Palau,2020,14556.30954221
PLW,Palau,2019,15841.8923474548
PLW,Palau,2018,16179.877834849
PLW,Palau,2017,16280.241199753
PLW,Palau,2016,17043.6660673147
PLW,Palau,2015,15938.3652222848
PLW,Palau,2014,13854.730278013
PLW,Palau,2013,12820.5931621147
PLW,Palau,2012,12098.4124331551
PLW,Palau,2011,10795.639900708
PLW,Palau,2010,10018.065238367
PLW,Palau,2009,9837.49883077663
PLW,Palau,2008,10471.1510008417
PLW,Palau,2007,10155.0470806134
PLW,Palau,2006,9737.01943934058
PLW,Palau,2005,9367.68615343862
PLW,Palau,2004,8393.73029137235
PLW,Palau,2003,7862.39286077623
PLW,Palau,2002,8340.18965031021
PLW,Palau,2001,8239.26386807565
PLW,Palau,2000,7798.07510558974
PLW,Palau,1999,7629.56986402836
PLW,Palau,1998,8047.91621679983
PLW,Palau,1997,7944.59907223327
PLW,Palau,1996,7788.29726974057
PLW,Palau,1995,7038.00523407967
PLW,Palau,1994,6329.06976744186
PLW,Palau,1993,5891.50378695334
PLW,Palau,1992,6552.7112389768
PLW,Palau,1991,6824.34353785065
PLW,Palau,1990,6402.929615309
PAN,Panama,2020,13290.5608347594
PAN,Panama,2019,16477.9066285687
PAN,Panama,2018,16151.3273478476
PAN,Panama,2017,15694.6297454295
PAN,Panama,2016,14832.3611608191
PAN,Panama,2015,14082.6548502728
PAN,Panama,2014,13213.1989637473
PAN,Panama,2013,12273.3225037637
PAN,Panama,2012,11064.8063606203
PAN,Panama,2011,9662.29592216607
PAN,Panama,2010,8331.46421351868
PAN,Panama,2009,7796.92617035048
PAN,Panama,2008,7347.59050324397
PAN,Panama,2007,6317.81730274124
PAN,Panama,2006,5528.76705469354
PAN,Panama,2005,5017.7410922824
PAN,Panama,2004,4644.56582353041
PAN,Panama,2003,4264.66428846636
PAN,Panama,2002,4090.58617397129
PAN,Panama,2001,3991.7767076924
PAN,Panama,2000,3975.09308659503
PAN,Panama,1999,3950.34145012809
PAN,Panama,1998,3807.83869182014
PAN,Panama,1997,3545.97670881078
PAN,Panama,1996,3308.18429574276
PAN,Panama,1995,3513.89737854631
PAN,Panama,1994,3508.19570069218
PAN,Panama,1993,3358.41411740053
PAN,Panama,1992,3139.89952899581
PAN,Panama,1991,2820.54547665418
PAN,Panama,1990,2620.13827266274
PNG,Papua New Guinea,2020,2429.61134585269
PNG,Papua New Guinea,2019,2575.77274140393
PNG,Papua New Guinea,2018,2566.36833735041
PNG,Papua New Guinea,2017,2477.76530986323
PNG,Papua New Guinea,2016,2316.39479758492
PNG,Papua New Guinea,2015,2484.5963398603
PNG,Papua New Guinea,2014,2723.17529825196
PNG,Papua New Guinea,2013,2560.77458976327
PNG,Papua New Guinea,2012,2635.0873631547
PNG,Papua New Guinea,2011,2288.37591141234
PNG,Papua New Guinea,2010,1866.86889851208
PNG,Papua New Guinea,2009,1568.83193368607
PNG,Papua New Guinea,2008,1624.79319935188
PNG,Papua New Guinea,2007,1370.753415829
PNG,Papua New Guinea,2006,1238.18282926706
PNG,Papua New Guinea,2005,744.486489977433
PNG,Papua New Guinea,2004,620.596147680561
PNG,Papua New Guinea,2003,577.467922387259
PNG,Papua New Guinea,2002,506.331789534482
PNG,Papua New Guinea,2001,537.847459634131
PNG,Papua New Guinea,2000,635.957919047725
PNG,Papua New Guinea,1999,649.994719718763
PNG,Papua New Guinea,1998,733.479860137662
PNG,Papua New Guinea,1997,989.721550965343
PNG,Papua New Guinea,1996,1071.04185150251
PNG,Papua New Guinea,1995,998.229967376131
PNG,Papua New Guinea,1994,1228.24343638772
PNG,Papua New Guinea,1993,1151.28388116601
PNG,Papua New Guinea,1992,1050.7071689258
PNG,Papua New Guinea,1991,941.707721616563
PNG,Papua New Guinea,1990,826.317152082832
PRY,Paraguay,2020,5365.47220721191
PRY,Paraguay,2019,5821.18199548637
PRY,Paraguay,2018,6258.44991640954
PRY,Paraguay,2017,6152.26711537703
PRY,Paraguay,2016,5775.1596339946
PRY,Paraguay,2015,5879.33792308671
PRY,Paraguay,2014,6652.25478942291
PRY,Paraguay,2013,6435.68342733182
PRY,Paraguay,2012,5642.1699167298
PRY,Paraguay,2011,5805.40154543044
PRY,Paraguay,2010,4750.96273669322
PRY,Paraguay,2009,3941.84815479271
PRY,Paraguay,2008,4384.9546943793
PRY,Paraguay,2007,3211.93621659546
PRY,Paraguay,2006,2439.43124694576
PRY,Paraguay,2005,1970.87169852378
PRY,Paraguay,2004,1786.21533938543
PRY,Paraguay,2003,1443.99885236205
PRY,Paraguay,2002,1367.76506935997
PRY,Paraguay,2001,1637.68615122932
PRY,Paraguay,2000,1736.11729210765
PRY,Paraguay,1999,1766.30657288259
PRY,Paraguay,1998,1889.88455618586
PRY,Paraguay,1997,2078.50841313824
PRY,Paraguay,1996,2088.17109102236
PRY,Paraguay,1995,1978.71514099575
PRY,Paraguay,1994,1760.28807083292
PRY,Paraguay,1993,1661.70955306218
PRY,Paraguay,1992,1682.67444777611
PRY,Paraguay,1991,1685.26890082621
PRY,Paraguay,1990,1440.15829610029
PER,Peru,2020,6133.32552410183
PER,Peru,2019,7037.00803692604
PER,Peru,2018,6978.49121548627
PER,Peru,2017,6736.16693725487
PER,Peru,2016,6217.03599995447
PER,Peru,2015,6231.71150338894
PER,Peru,2014,6667.13410360861
PER,Peru,2013,6746.80025696601
PER,Peru,2012,6519.37852981527
PER,Peru,2011,5861.35793645245
PER,Peru,2010,5072.11494019615
PER,Peru,2009,4181.18755462253
PER,Peru,2008,4197.58444634142
PER,Peru,2007,3581.0893081917
PER,Peru,2006,3129.55996496982
PER,Peru,2005,2706.66947297608
PER,Peru,2004,2397.25147277714
PER,Peru,2003,2129.44114197634
PER,Peru,2002,2007.37019626753
PER,Peru,2001,1929.57273038846
PER,Peru,2000,1945.41338451698
PER,Peru,1999,1916.53397367908
PER,Peru,1998,2156.39377651613
PER,Peru,1997,2300.67200774461
PER,Peru,1996,2226.91682429265
PER,Peru,1995,2189.53431515311
PER,Peru,1994,1879.36657757919
PER,Peru,1993,1487.67404314175
PER,Peru,1992,1567.40910765128
PER,Peru,1991,1527.38879472866
PER,Peru,1990,1199.66666756615
PHL,Philippines,2020,3227.57910235199
PHL,Philippines,2019,3400.78949767074
PHL,Philippines,2018,3168.51036609727
PHL,Philippines,2017,3038.12124959289
PHL,Philippines,2016,2985.19564024046
PHL,Philippines,2015,2909.85818010301
PHL,Philippines,2014,2866.83803761407
PHL,Philippines,2013,2781.27957677397
PHL,Philippines,2012,2614.61644401308
PHL,Philippines,2011,2383.91892522087
PHL,Philippines,2010,2162.91375885614
PHL,Philippines,2009,1864.45043406471
PHL,Philippines,2008,1959.29233534978
PHL,Philippines,2007,1712.65543282793
PHL,Philippines,2006,1426.14649179546
PHL,Philippines,2005,1220.46018559867
PHL,Philippines,2004,1099.63013023758
PHL,Philippines,2003,1027.2301192843
PHL,Philippines,2002,1014.90879320106
PHL,Philippines,2001,969.530611744453
PHL,Philippines,2000,1050.79273107952
PHL,Philippines,1999,1101.43515975318
PHL,Philippines,1998,982.865943728564
PHL,Philippines,1997,1273.27604875636
PHL,Philippines,1996,1311.09249403865
PHL,Philippines,1995,1199.84171414993
PHL,Philippines,1994,1059.9838951587
PHL,Philippines,1993,918.642953796961
PHL,Philippines,1992,916.515694532029
PHL,Philippines,1991,804.323330530547
PHL,Philippines,1990,803.572588255813
POL,Poland,2020,16150.9304813473
POL,Poland,2019,15874.5220531254
POL,Poland,2018,15658.210586693
POL,Poland,2017,13913.3415190124
POL,Poland,2016,12464.0121044827
POL,Poland,2015,12637.5220324406
POL,Poland,2014,14262.2841914116
POL,Poland,2013,13621.9023794031
POL,Poland,2012,13087.420943321
POL,Poland,2011,13867.6669408192
POL,Poland,2010,12567.7317676382
POL,Poland,2009,11556.3026866026
POL,Poland,2008,14048.5604672654
POL,Poland,2007,11272.5293683383
POL,Poland,2006,9068.85528307627
POL,Poland,2005,8043.92332253757
POL,Poland,2004,6711.72715262967
POL,Poland,2003,5720.81366178104
POL,Poland,2002,5223.45178967082
POL,Poland,2001,5015.23790036613
POL,Poland,2000,4520.64100449111
POL,Poland,1999,4415.50067547826
POL,Poland,1998,4533.5356551781
POL,Poland,1997,4137.00831823145
POL,Poland,1996,4163.51195431959
POL,Poland,1995,3700.95956775144
POL,Poland,1994,2874.83163555069
POL,Poland,1993,2497.13055936127
POL,Poland,1992,2459.02068468253
POL,Poland,1991,2235.54108862522
POL,Poland,1990,1731.2095094382
PRT,Portugal,2020,22299.4044062173
PRT,Portugal,2019,23343.3628970034
PRT,Portugal,2018,23541.1401075289
PRT,Portugal,2017,21442.3842768879
PRT,Portugal,2016,19980.2808866516
PRT,Portugal,2015,19215.7813014347
PRT,Portugal,2014,22120.6850127107
PRT,Portugal,2013,21676.4859642714
PRT,Portugal,2012,20593.4274224109
PRT,Portugal,2011,23246.5425416481
PRT,Portugal,2010,22551.935098809
PRT,Portugal,2009,23151.2154130712
PRT,Portugal,2008,24949.0413566739
PRT,Portugal,2007,22811.0564844365
PRT,Portugal,2006,19839.4540499032
PRT,Portugal,2005,18780.12751241
PRT,Portugal,2004,18064.1580932987
PRT,Portugal,2003,15797.7821340276
PRT,Portugal,2002,12936.6928204482
PRT,Portugal,2001,11734.7649743954
PRT,Portugal,2000,11526.3720667968
PRT,Portugal,1999,12475.2917701476
PRT,Portugal,1998,12199.206385024
PRT,Portugal,1997,11575.5071124358
PRT,Portugal,1996,12185.0914010629
PRT,Portugal,1995,11781.3618502221
PRT,Portugal,1994,9977.31990905771
PRT,Portugal,1993,9534.6563637308
PRT,Portugal,1992,10810.5665079626
PRT,Portugal,1991,8958.9853330247
PRT,Portugal,1990,7884.61798756332
PRI,Puerto Rico (US),2020,31427.1034994916
PRI,Puerto Rico (US),2019,31830.5284993358
PRI,Puerto Rico (US),2018,30679.9181934488
PRI,Puerto Rico (US),2017,30328.479490518
PRI,Puerto Rico (US),2016,29978.0889268918
PRI,Puerto Rico (US),2015,29242.041465085
PRI,Puerto Rico (US),2014,28576.0988023209
PRI,Puerto Rico (US),2013,28212.0499737431
PRI,Puerto Rico (US),2012,27742.024476618
PRI,Puerto Rico (US),2011,27170.0766543278
PRI,Puerto Rico (US),2010,26414.8810634548
PRI,Puerto Rico (US),2009,25768.7258883384
PRI,Puerto Rico (US),2008,24898.3345857045
PRI,Puerto Rico (US),2007,23664.8823485096
PRI,Puerto Rico (US),2006,22935.9411586313
PRI,Puerto Rico (US),2005,21959.322696986
PRI,Puerto Rico (US),2004,20988.9923326534
PRI,Puerto Rico (US),2003,19557.1202492358
PRI,Puerto Rico (US),2002,18731.4593897378
PRI,Puerto Rico (US),2001,18123.1987019918
PRI,Puerto Rico (US),2000,16192.1269719638
PRI,Puerto Rico (US),1999,15220.9913420267
PRI,Puerto Rico (US),1998,14304.4049868015
PRI,Puerto Rico (US),1997,12817.6449621352
PRI,Puerto Rico (US),1996,12173.163688986
PRI,Puerto Rico (US),1995,11579.1849969985
PRI,Puerto Rico (US),1994,10876.4188239898
PRI,Puerto Rico (US),1993,10212.2767630564
PRI,Puerto Rico (US),1992,9659.33889995916
PRI,Puerto Rico (US),1991,9064.01851711486
PRI,Puerto Rico (US),1990,8652.50749222505
QAT,Qatar,2020,51683.5054376677
QAT,Qatar,2019,66841.3013484919
QAT,Qatar,2018,71039.8490579352
QAT,Qatar,2017,63279.8556949332
QAT,Qatar,2016,61253.6375482797
QAT,Qatar,2015,68985.2946961507
QAT,Qatar,2014,95840.6310094498
QAT,Qatar,2013,103697.008372373
QAT,Qatar,2012,108470.378825036
QAT,Qatar,2011,103261.510293068
QAT,Qatar,2010,77387.2936379616
QAT,Qatar,2009,60785.7351551657
QAT,Qatar,2008,80781.2113909506
QAT,Qatar,2007,65954.1146428814
QAT,Qatar,2006,62582.4453138755
QAT,Qatar,2005,53949.6764091147
QAT,Qatar,2004,41035.5008380177
QAT,Qatar,2003,31602.470865136
QAT,Qatar,2002,27226.6593510117
QAT,Qatar,2001,25870.7991864314
QAT,Qatar,2000,27535.182940934
QAT,Qatar,1999,20233.6846826643
QAT,Qatar,1998,17665.4399446972
QAT,Qatar,1997,20522.801449232
QAT,Qatar,1996,17124.7926054464
QAT,Qatar,1995,15822.5092848142
QAT,Qatar,1994,14764.8766954856
QAT,Qatar,1993,14769.718821974
QAT,Qatar,1992,16280.293589053
QAT,Qatar,1991,15133.4969397069
QAT,Qatar,1990,16721.6210835226
ROU,Romania,2020,13009.1525348396
ROU,Romania,2019,12909.6104013244
ROU,Romania,2018,12416.134317959
ROU,Romania,2017,10727.9822007426
ROU,Romania,2016,9404.54005870715
ROU,Romania,2015,8977.01748158196
ROU,Romania,2014,10031.7710755404
ROU,Romania,2013,9497.67411615237
ROU,Romania,2012,8929.95366231474
ROU,Romania,2011,9560.6755277458
ROU,Romania,2010,8399.5374234284
ROU,Romania,2009,8548.4543409242
ROU,Romania,2008,10435.1561230787
ROU,Romania,2007,8360.33775916596
ROU,Romania,2006,5757.53127301178
ROU,Romania,2005,4618.00350802913
ROU,Romania,2004,3494.99056448955
ROU,Romania,2003,2679.40626016154
ROU,Romania,2002,2119.85509684554
ROU,Romania,2001,1825.19299373184
ROU,Romania,2000,1659.92904910528
ROU,Romania,1999,1599.90622808339
ROU,Romania,1998,1852.5549693339
ROU,Romania,1997,1577.33656023974
ROU,Romania,1996,1633.01064354117
ROU,Romania,1995,1650.04922365201
ROU,Romania,1994,1323.03237766927
ROU,Romania,1993,1158.05632799712
ROU,Romania,1992,1102.10378473246
ROU,Romania,1991,1254.3124421298
ROU,Romania,1990,1648.48522974542
RUS,Russian Federation,2020,10108.3271484375
RUS,Russian Federation,2019,11447.701171875
RUS,Russian Federation,2018,11211.8876953125
RUS,Russian Federation,2017,10658.9130859375
RUS,Russian Federation,2016,8663.158203125
RUS,Russian Federation,2015,9277.7138671875
RUS,Russian Federation,2014,14055.47265625
RUS,Russian Federation,2013,15941.4482421875
RUS,Russian Federation,2012,15401.8515625
RUS,Russian Federation,2011,14305.33203125
RUS,Russian Federation,2010,10674.990234375
RUS,Russian Federation,2009,8562.82421875
RUS,Russian Federation,2008,11635.2841796875
RUS,Russian Federation,2007,9101.2392578125
RUS,Russian Federation,2006,6920.19970703125
RUS,Russian Federation,2005,5323.455078125
RUS,Russian Federation,2004,4102.36474609375
RUS,Russian Federation,2003,2975.123046875
RUS,Russian Federation,2002,2377.52954101563
RUS,Russian Federation,2001,2100.3525390625
RUS,Russian Federation,2000,1771.59411621094
RUS,Russian Federation,1999,1330.75720214844
RUS,Russian Federation,1998,1834.86181640625
RUS,Russian Federation,1997,2737.57202148438
RUS,Russian Federation,1996,2643.92919921875
RUS,Russian Federation,1995,2665.77978515625
RUS,Russian Federation,1994,2662.10400390625
RUS,Russian Federation,1993,2930.67016601563
RUS,Russian Federation,1992,3098.802734375
RUS,Russian Federation,1991,3490.45239257813
RUS,Russian Federation,1990,3494.06323242188
RWA,Rwanda,2020,802.638686936204
RWA,Rwanda,2019,823.355304065304
RWA,Rwanda,2018,772.754982959354
RWA,Rwanda,2017,751.049039527547
RWA,Rwanda,2016,721.258515833094
RWA,Rwanda,2015,725.691418696952
RWA,Rwanda,2014,715.36808783393
RWA,Rwanda,2013,695.397140963607
RWA,Rwanda,2012,697.760143509565
RWA,Rwanda,2011,643.356138618166
RWA,Rwanda,2010,586.599950359877
RWA,Rwanda,2009,556.97399621739
RWA,Rwanda,2008,522.288339420679
RWA,Rwanda,2007,420.733580702508
RWA,Rwanda,2006,352.093916578347
RWA,Rwanda,2005,324.016863847189
RWA,Rwanda,2004,269.540446333402
RWA,Rwanda,2003,249.012274982252
RWA,Rwanda,2002,234.043016755733
RWA,Rwanda,2001,237.308846200901
RWA,Rwanda,2000,251.86926386091
RWA,Rwanda,1999,264.74368682977
RWA,Rwanda,1998,246.154673288384
RWA,Rwanda,1997,238.749371368214
RWA,Rwanda,1996,206.04911417485
RWA,Rwanda,1995,227.971147849318
RWA,Rwanda,1994,110.953668251372
RWA,Rwanda,1993,247.023318476014
RWA,Rwanda,1992,264.083914517464
RWA,Rwanda,1991,253.966902025944
RWA,Rwanda,1990,345.773495139137
WSM,Samoa,2020,4099.59660548583
WSM,Samoa,2019,4351.94234943706
WSM,Samoa,2018,4231.81409469194
WSM,Samoa,2017,4307.59381964907
WSM,Samoa,2016,4147.07097674888
WSM,Samoa,2015,4084.36083819933
WSM,Samoa,2014,3982.68080202084
WSM,Samoa,2013,4023.5254013825
WSM,Samoa,2012,3934.60320799981
WSM,Samoa,2011,3821.50678264479
WSM,Samoa,2010,3524.2479246203
WSM,Samoa,2009,3279.18269477295
WSM,Samoa,2008,3373.60639884263
WSM,Samoa,2007,3038.61904093377
WSM,Samoa,2006,2663.29135939532
WSM,Samoa,2005,2550.04221437511
WSM,Samoa,2004,2189.26042607992
WSM,Samoa,2003,1798.12429714048
WSM,Samoa,2002,1527.55790455937
WSM,Samoa,2001,1453.87021324606
WSM,Samoa,2000,1424.75240002471
WSM,Samoa,1999,1416.76915966987
WSM,Samoa,1998,1506.30359215846
WSM,Samoa,1997,1607.88744330521
WSM,Samoa,1996,1419.35849045228
WSM,Samoa,1995,1288.10473321401
WSM,Samoa,1994,1276.85021574897
WSM,Samoa,1993,774.988631552282
WSM,Samoa,1992,776.740824409711
WSM,Samoa,1991,741.563963808482
WSM,Samoa,1990,743.994213008355
SMR,San Marino,2020,44426.6259613672
SMR,San Marino,2019,46626.9998571568
SMR,San Marino,2018,47950.7076296808
SMR,San Marino,2017,45192.0530047599
SMR,San Marino,2016,44359.4574206971
SMR,San Marino,2015,43146.8035302005
SMR,San Marino,2014,51260.4804236805
SMR,San Marino,2013,50807.8206340193
SMR,San Marino,2012,47945.8917557105
SMR,San Marino,2011,55601.4008139955
SMR,San Marino,2010,56543.190562068
SMR,San Marino,2009,62429.0202738462
SMR,San Marino,2008,75902.1677701187
SMR,San Marino,2007,70124.4249984768
SMR,San Marino,2006,63270.7994496499
SMR,San Marino,2005,59877.7862692185
SMR,San Marino,2004,58232.0431338765
SMR,San Marino,2003,52529.9136967576
SMR,San Marino,2002,41790.8434204136
SMR,San Marino,2001,39035.1004348216
SMR,San Marino,2000,37600.7049136309
SMR,San Marino,1999,41931.7919135033
SMR,San Marino,1998,40126.93686908
SMR,San Marino,1997,37852.9810311
STP,Sao Tome and Principe,2020,2167.22001796925
STP,Sao Tome and Principe,2019,1935.2931816596
STP,Sao Tome and Principe,2018,1825.59971753966
STP,Sao Tome and Principe,2017,1555.79477812888
STP,Sao Tome and Principe,2016,1434.87018050521
STP,Sao Tome and Principe,2015,1298.10946596396
STP,Sao Tome and Principe,2014,1489.67633417608
STP,Sao Tome and Principe,2013,1382.5757842916
STP,Sao Tome and Principe,2012,1210.7926479817
STP,Sao Tome and Principe,2011,1219.80189089671
STP,Sao Tome and Principe,2010,1045.20958234528
STP,Sao Tome and Principe,2009,1128.28046213305
STP,Sao Tome and Principe,2008,1081.8684584729
STP,Sao Tome and Principe,2007,878.885791918745
STP,Sao Tome and Principe,2006,861.970707697664
STP,Sao Tome and Principe,2005,844.169181884274
STP,Sao Tome and Principe,2004,726.560882130444
STP,Sao Tome and Principe,2003,663.696211810494
STP,Sao Tome and Principe,2002,568.10257252271
STP,Sao Tome and Principe,2001,518.88050130005
STP,Sao Tome and Principe,2000,529.089383412262
STP,Sao Tome and Principe,1999,542.692548018387
STP,Sao Tome and Principe,1998,513.569380269738
STP,Sao Tome and Principe,1997,661.668232822488
STP,Sao Tome and Principe,1996,987.048712395264
STP,Sao Tome and Principe,1995,768.710751184259
STP,Sao Tome and Principe,1994,989.500757799244
STP,Sao Tome and Principe,1993,963.785698734091
STP,Sao Tome and Principe,1992,740.471318576498
STP,Sao Tome and Principe,1991,855.105075821698
STP,Sao Tome and Principe,1990,970.059625606155
SAU,Saudi Arabia,2020,24338.8307301067
SAU,Saudi Arabia,2019,29566.7933827436
SAU,Saudi Arabia,2018,29360.0658968566
SAU,Saudi Arabia,2017,23929.2907135982
SAU,Saudi Arabia,2016,22267.7217050387
SAU,Saudi Arabia,2015,23256.1549553531
SAU,Saudi Arabia,2014,27805.4850319422
SAU,Saudi Arabia,2013,27865.465604962
SAU,Saudi Arabia,2012,28733.4375513452
SAU,Saudi Arabia,2011,27126.7498747702
SAU,Saudi Arabia,2010,22028.3901426586
SAU,Saudi Arabia,2009,17718.3911648365
SAU,Saudi Arabia,2008,22320.4888964331
SAU,Saudi Arabia,2007,18596.1502627898
SAU,Saudi Arabia,2006,17563.6145370639
SAU,Saudi Arabia,2005,15975.7473782258
SAU,Saudi Arabia,2004,13154.4978989446
SAU,Saudi Arabia,2003,11487.220410693
SAU,Saudi Arabia,2002,10586.0543471363
SAU,Saudi Arabia,2001,10805.311325122
SAU,Saudi Arabia,2000,11714.5623675159
SAU,Saudi Arabia,1999,10452.1899400479
SAU,Saudi Arabia,1998,9836.05729768574
SAU,Saudi Arabia,1997,11545.3455998551
SAU,Saudi Arabia,1996,11471.5045960191
SAU,Saudi Arabia,1995,10786.4008952769
SAU,Saudi Arabia,1994,10601.9196697805
SAU,Saudi Arabia,1993,10884.8607880777
SAU,Saudi Arabia,1992,11730.2687665244
SAU,Saudi Arabia,1991,11847.1699534218
SAU,Saudi Arabia,1990,11054.7495049666
SEN,Senegal,2020,1461.08720350553
SEN,Senegal,2019,1431.18128932159
SEN,Senegal,2018,1452.55612562445
SEN,Senegal,2017,1354.77007193387
SEN,Senegal,2016,1266.43957151587
SEN,Senegal,2015,1218.00613555438
SEN,Senegal,2014,1398.89137601382
SEN,Senegal,2013,1379.83196553924
SEN,Senegal,2012,1326.83798848379
SEN,Senegal,2011,1374.67591873844
SEN,Senegal,2010,1275.88357492357
SEN,Senegal,2009,1308.69404336205
SEN,Senegal,2008,1398.79218010021
SEN,Senegal,2007,1188.93877808175
SEN,Senegal,2006,1017.20196747987
SEN,Senegal,2005,979.846101520171
SEN,Senegal,2004,918.102079522155
SEN,Senegal,2003,817.888034221442
SEN,Senegal,2002,669.430447319209
SEN,Senegal,2001,637.213530563724
SEN,Senegal,2000,603.233162455158
SEN,Senegal,1999,677.516338727268
SEN,Senegal,1998,684.588105785786
SEN,Senegal,1997,650.776321407448
SEN,Senegal,1996,723.469950081149
SEN,Senegal,1995,714.994396357297
SEN,Senegal,1994,583.782776032181
SEN,Senegal,1993,877.52900343803
SEN,Senegal,1992,951.204960087807
SEN,Senegal,1991,913.399575796737
SEN,Senegal,1990,957.314337438177
SRB,Serbia,2020,8098.70955668849
SRB,Serbia,2019,7755.632986437
SRB,Serbia,2018,7559.86165747394
SRB,Serbia,2017,6548.03653824187
SRB,Serbia,2016,5982.37030126471
SRB,Serbia,2015,5820.3215576888
SRB,Serbia,2014,6886.67809068704
SRB,Serbia,2013,7040.41812068781
SRB,Serbia,2012,6263.04086072815
SRB,Serbia,2011,7082.2861666075
SRB,Serbia,2010,5970.92660940072
SRB,Serbia,2009,6414.0448463847
SRB,Serbia,2008,7376.73517910716
SRB,Serbia,2007,6081.08765700202
SRB,Serbia,2006,4492.7136699046
SRB,Serbia,2005,3807.97417321786
SRB,Serbia,2004,3597.08798057009
SRB,Serbia,2003,3153.9011312754
SRB,Serbia,2002,2390.73459447107
SRB,Serbia,2001,1812.42088281393
SRB,Serbia,2000,974.725469278615
SRB,Serbia,1999,2768.91041346166
SRB,Serbia,1998,2775.47372982047
SRB,Serbia,1997,3573.50440240049
SRB,Serbia,1996,3053.90516860949
SRB,Serbia,1995,2349.40645150289
SYC,Seychelles,2020,14041.4754074575
SYC,Seychelles,2019,19141.5118743615
SYC,Seychelles,2018,18440.2340460932
SYC,Seychelles,2017,17480.3651911372
SYC,Seychelles,2016,16566.9946042294
SYC,Seychelles,2015,15333.1051727105
SYC,Seychelles,2014,15188.1902175113
SYC,Seychelles,2013,14821.2921476077
SYC,Seychelles,2012,12337.1554669388
SYC,Seychelles,2011,12110.0937461973
SYC,Seychelles,2010,10934.79494629
SYC,Seychelles,2009,9747.09180546291
SYC,Seychelles,2008,11265.4376270005
SYC,Seychelles,2007,12669.3026687222
SYC,Seychelles,2006,12782.9938926475
SYC,Seychelles,2005,11802.1118276833
SYC,Seychelles,2004,10827.671636033
SYC,Seychelles,2003,9070.28460757013
SYC,Seychelles,2002,8864.16919495467
SYC,Seychelles,2001,8153.2986369879
SYC,Seychelles,2000,8063.65500575169
SYC,Seychelles,1999,8243.23610099084
SYC,Seychelles,1998,8209.51444287
SYC,Seychelles,1997,7746.69851330444
SYC,Seychelles,1996,7004.33603896356
SYC,Seychelles,1995,7180.66832748656
SYC,Seychelles,1994,6974.86770636796
SYC,Seychelles,1993,6978.68075445824
SYC,Seychelles,1992,6520.48950519188
SYC,Seychelles,1991,5654.63975724251
SYC,Seychelles,1990,5642.072897243
SLE,Sierra Leone,2020,845.277558236182
SLE,Sierra Leone,2019,843.71251730417
SLE,Sierra Leone,2018,845.914540460932
SLE,Sierra Leone,2017,779.186007841728
SLE,Sierra Leone,2016,844.416411175476
SLE,Sierra Leone,2015,964.575980888989
SLE,Sierra Leone,2014,1117.7586465721
SLE,Sierra Leone,2013,1117.47183075115
SLE,Sierra Leone,2012,937.504428180231
SLE,Sierra Leone,2011,761.146365577281
SLE,Sierra Leone,2010,685.039673490948
SLE,Sierra Leone,2009,652.845806767943
SLE,Sierra Leone,2008,705.359014080005
SLE,Sierra Leone,2007,631.889926264998
SLE,Sierra Leone,2006,580.26796974773
SLE,Sierra Leone,2005,462.633324427945
SLE,Sierra Leone,2004,417.749983329227
SLE,Sierra Leone,2003,413.817607346927
SLE,Sierra Leone,2002,388.995111216836
SLE,Sierra Leone,2001,358.315716051546
SLE,Sierra Leone,2000,143.743743239644
SLE,Sierra Leone,1999,155.020833269007
SLE,Sierra Leone,1998,156.51811883387
SLE,Sierra Leone,1997,199.880001395777
SLE,Sierra Leone,1996,224.258711163044
SLE,Sierra Leone,1995,208.351997250955
SLE,Sierra Leone,1994,218.507275126222
SLE,Sierra Leone,1993,184.951609154872
SLE,Sierra Leone,1992,163.197571684381
SLE,Sierra Leone,1991,183.686515027567
SLE,Sierra Leone,1990,154.794072467618
SGP,Singapore,2020,61772.5036492256
SGP,Singapore,2019,66068.7003106378
SGP,Singapore,2018,67032.8225769734
SGP,Singapore,2017,61436.1325502558
SGP,Singapore,2016,57204.0340105222
SGP,Singapore,2015,55645.6068614606
SGP,Singapore,2014,57564.8023114977
SGP,Singapore,2013,56967.4257940383
SGP,Singapore,2012,55547.5553077786
SGP,Singapore,2011,53891.4570264372
SGP,Singapore,2010,47236.683084953
SGP,Singapore,2009,38926.8054365453
SGP,Singapore,2008,40008.5720489092
SGP,Singapore,2007,39432.8860198877
SGP,Singapore,2006,33768.4528234651
SGP,Singapore,2005,29961.3172812732
SGP,Singapore,2004,27608.080013423
SGP,Singapore,2003,23730.3840054566
SGP,Singapore,2002,22159.8373710639
SGP,Singapore,2001,21699.7414868907
SGP,Singapore,2000,23852.8389514753
SGP,Singapore,1999,21796.6373891001
SGP,Singapore,1998,21829.2737831583
SGP,Singapore,1997,26375.8653668113
SGP,Singapore,1996,26232.866096827
SGP,Singapore,1995,24914.8507020358
SGP,Singapore,1994,21552.4100366948
SGP,Singapore,1993,18290.130113185
SGP,Singapore,1992,16136.2405377661
SGP,Singapore,1991,14502.3799938606
SGP,Singapore,1990,11861.7561591366
SXM,Sint Maarten (Dutch part),2020,30150.8998380477
SXM,Sint Maarten (Dutch part),2019,34861.469528968
SXM,Sint Maarten (Dutch part),2018,31708.3110124742
SXM,Sint Maarten (Dutch part),2017,34701.3058494468
SXM,Sint Maarten (Dutch part),2016,37308.6147795736
SXM,Sint Maarten (Dutch part),2015,37839.6283815163
SXM,Sint Maarten (Dutch part),2014,37134.912423099
SXM,Sint Maarten (Dutch part),2013,28529.7324687053
SXM,Sint Maarten (Dutch part),2012,28149.0997855041
SXM,Sint Maarten (Dutch part),2011,27317.5178881974
SXM,Sint Maarten (Dutch part),2010,26403.8143692163
SXM,Sint Maarten (Dutch part),2009,25528.412619483
SVK,Slovak Republic,2020,19735.4858280801
SVK,Slovak Republic,2019,19406.0589683582
SVK,Slovak Republic,2018,19573.3717031314
SVK,Slovak Republic,2017,17645.5298716761
SVK,Slovak Republic,2016,16636.0769133073
SVK,Slovak Republic,2015,16442.0760860018
SVK,Slovak Republic,2014,18770.9289896545
SVK,Slovak Republic,2013,18312.7805149823
SVK,Slovak Republic,2012,17516.9691054078
SVK,Slovak Republic,2011,18469.4354316836
SVK,Slovak Republic,2010,16899.448680529
SVK,Slovak Republic,2009,16586.7527805228
SVK,Slovak Republic,2008,17973.8436435514
SVK,Slovak Republic,2007,14330.2064943926
SVK,Slovak Republic,2006,10629.1782325838
SVK,Slovak Republic,2005,9087.20357002472
SVK,Slovak Republic,2004,7996.74076556872
SVK,Slovak Republic,2003,6283.15169311309
SVK,Slovak Republic,2002,4606.38793538107
SVK,Slovak Republic,2001,3974.36802854653
SVK,Slovak Republic,2000,3827.72506501314
SVK,Slovak Republic,1999,3857.18012283382
SVK,Slovak Republic,1998,4250.37387978468
SVK,Slovak Republic,1997,4091.68452874888
SVK,Slovak Republic,1996,4069.11897669644
SVK,Slovak Republic,1995,3787.03820237267
SVK,Slovak Republic,1994,3027.82138293263
SVK,Slovak Republic,1993,2627.44823950706
SVK,Slovak Republic,1992,2437.87630211282
SVK,Slovak Republic,1991,2253.87911882661
SVK,Slovak Republic,1990,3221.04590790625
SVN,Slovenia,2020,25392.0651093612
SVN,Slovenia,2019,25814.1687167572
SVN,Slovenia,2018,25888.0481065655
SVN,Slovenia,2017,23303.077705959
SVN,Slovenia,2016,21447.8377796036
SVN,Slovenia,2015,20697.2748530619
SVN,Slovenia,2014,24013.0682060959
SVN,Slovenia,2013,23236.9655321695
SVN,Slovenia,2012,22442.1417859955
SVN,Slovenia,2011,24940.6284841605
SVN,Slovenia,2010,23329.8417691156
SVN,Slovenia,2009,24501.7897290425
SVN,Slovenia,2008,27461.9764165315
SVN,Slovenia,2007,23725.1596001515
SVN,Slovenia,2006,19563.005059144
SVN,Slovenia,2005,17969.7095907161
SVN,Slovenia,2004,17103.8297783905
SVN,Slovenia,2003,14711.674874253
SVN,Slovenia,2002,11639.1297780477
SVN,Slovenia,2001,10375.6255869861
SVN,Slovenia,2000,10135.7219109212
SVN,Slovenia,1999,11401.4906790909
SVN,Slovenia,1998,11131.5666628231
SVN,Slovenia,1997,10436.7260661871
SVN,Slovenia,1996,10796.7399446283
SVN,Slovenia,1995,10738.0887611468
SVN,Slovenia,1994,8243.89895545106
SVN,Slovenia,1993,7254.58887417768
SVN,Slovenia,1992,7151.15243829224
SVN,Slovenia,1991,7229.31149788617
SVN,Slovenia,1990,9925.14071044684
SLB,Solomon Islands,2020,2063.32780991967
SLB,Solomon Islands,2019,2223.65890942466
SLB,Solomon Islands,2018,2278.19908624102
SLB,Solomon Islands,2017,2143.57670489272
SLB,Solomon Islands,2016,2082.62383124213
SLB,Solomon Islands,2015,2045.47721526649
SLB,Solomon Islands,2014,2164.95289873002
SLB,Solomon Islands,2013,2161.38627543917
SLB,Solomon Islands,2012,2066.25738638356
SLB,Solomon Islands,2011,1924.05795643133
SLB,Solomon Islands,2010,1685.14535823757
SLB,Solomon Islands,2009,1554.70671006386
SLB,Solomon Islands,2008,1525.84666261203
SLB,Solomon Islands,2007,1390.14870956707
SLB,Solomon Islands,2006,1255.62447417684
SLB,Solomon Islands,2005,1144.49233397681
SLB,Solomon Islands,2004,986.070953503889
SLB,Solomon Islands,2003,895.984242546501
SLB,Solomon Islands,2002,756.890296490792
SLB,Solomon Islands,2001,911.791935385411
SLB,Solomon Islands,2000,953.17190137706
SLB,Solomon Islands,1999,1133.62256531791
SLB,Solomon Islands,1998,1091.89096889326
SLB,Solomon Islands,1997,1292.23951946469
SLB,Solomon Islands,1996,1289.33036923435
SLB,Solomon Islands,1995,1220.17919311126
SLB,Solomon Islands,1994,1078.0410925874
SLB,Solomon Islands,1993,828.869997791691
SLB,Solomon Islands,1992,763.857968549522
SLB,Solomon Islands,1991,665.833104132659
SLB,Solomon Islands,1990,648.325212624098
SOM,"Somalia, Fed. Rep.",2020,518.16113333875
SOM,"Somalia, Fed. Rep.",2019,539.954816211694
SOM,"Somalia, Fed. Rep.",2018,509.497273804534
SOM,"Somalia, Fed. Rep.",2017,510.939952317726
SOM,"Somalia, Fed. Rep.",2016,460.928490585175
SOM,"Somalia, Fed. Rep.",2015,445.583080073396
SOM,"Somalia, Fed. Rep.",2014,429.431656725102
SOM,"Somalia, Fed. Rep.",2013,393.398703952979
SOM,"Somalia, Fed. Rep.",2012,350.261946720512
SOM,"Somalia, Fed. Rep.",2011,235.325945610434
SOM,"Somalia, Fed. Rep.",2010,219.202453852397
SOM,"Somalia, Fed. Rep.",2009,246.513251675105
SOM,"Somalia, Fed. Rep.",2008,507.03744334738
SOM,"Somalia, Fed. Rep.",2007,479.635628065289
SOM,"Somalia, Fed. Rep.",2006,457.996662206659
SOM,"Somalia, Fed. Rep.",2005,439.979907805478
SOM,"Somalia, Fed. Rep.",2004,375.410326225387
SOM,"Somalia, Fed. Rep.",2003,286.273025198975
SOM,"Somalia, Fed. Rep.",2002,229.598918310039
SOM,"Somalia, Fed. Rep.",2001,244.914842538455
SOM,"Somalia, Fed. Rep.",2000,386.119274401275
SOM,"Somalia, Fed. Rep.",1999,358.658780828071
SOM,"Somalia, Fed. Rep.",1998,363.200013489992
SOM,"Somalia, Fed. Rep.",1997,280.112724233259
SOM,"Somalia, Fed. Rep.",1996,237.241440951671
SOM,"Somalia, Fed. Rep.",1995,210.673254610492
SOM,"Somalia, Fed. Rep.",1994,210.793779581384
SOM,"Somalia, Fed. Rep.",1993,188.603158677914
SOM,"Somalia, Fed. Rep.",1992,109.204910481074
SOM,"Somalia, Fed. Rep.",1991,105.37132651622
SOM,"Somalia, Fed. Rep.",1990,145.603501373513
ZAF,South Africa,2020,5580.60383075189
ZAF,South Africa,2019,6533.71121032856
ZAF,South Africa,2018,6914.1780318076
ZAF,South Africa,2017,6618.33508255701
ZAF,South Africa,2016,5651.20585165749
ZAF,South Africa,2015,6112.27382485974
ZAF,South Africa,2014,6856.73137092522
ZAF,South Africa,2013,7331.65467384919
ZAF,South Africa,2012,8076.97678479741
ZAF,South Africa,2011,8646.05571071635
ZAF,South Africa,2010,7973.47195771517
ZAF,South Africa,2009,6374.70560042992
ZAF,South Africa,2008,6184.75474328399
ZAF,South Africa,2007,6591.85535960564
ZAF,South Africa,2006,6077.38293388876
ZAF,South Africa,2005,5836.87663325127
ZAF,South Africa,2004,5221.46333731721
ZAF,South Africa,2003,4062.21755993786
ZAF,South Africa,2002,2688.23676032806
ZAF,South Africa,2001,2847.15191945908
ZAF,South Africa,2000,3217.84693448467
ZAF,South Africa,1999,3242.36830483958
ZAF,South Africa,1998,3309.60933087472
ZAF,South Africa,1997,3700.23554789867
ZAF,South Africa,1996,3617.55336002932
ZAF,South Africa,1995,3855.6340871567
ZAF,South Africa,1994,3488.59711541763
ZAF,South Africa,1993,3399.64009566241
ZAF,South Africa,1992,3462.39400202835
ZAF,South Africa,1991,3243.23616023953
ZAF,South Africa,1990,3093.48920352334
SSD,South Sudan,2015,1080.14718624765
SSD,South Sudan,2014,1242.73450181032
SSD,South Sudan,2013,1650.18943353528
SSD,South Sudan,2012,1109.26050083408
SSD,South Sudan,2011,1448.98435006408
SSD,South Sudan,2010,1498.27034985194
SSD,South Sudan,2009,1323.22068747862
SSD,South Sudan,2008,1654.21153546555
ESP,Spain,2020,27233.9426461608
ESP,Spain,2019,29786.5245689007
ESP,Spain,2018,30602.4212881113
ESP,Spain,2017,28381.3425596906
ESP,Spain,2016,26755.6061149398
ESP,Spain,2015,25982.4416197775
ESP,Spain,2014,29707.765509467
ESP,Spain,2013,29228.846559842
ESP,Spain,2012,28456.4438151477
ESP,Spain,2011,31824.6219134777
ESP,Spain,2010,30658.7422282912
ESP,Spain,2009,32279.8208476151
ESP,Spain,2008,35603.248328071
ESP,Spain,2007,32652.015594702
ESP,Spain,2006,28421.686527407
ESP,Spain,2005,26450.9530130382
ESP,Spain,2004,24925.0267844576
ESP,Spain,2003,21522.0170990262
ESP,Spain,2002,17111.0685058941
ESP,Spain,2001,15368.2337984435
ESP,Spain,2000,14743.2671031455
ESP,Spain,1999,15707.9473068138
ESP,Spain,1998,15382.3348573373
ESP,Spain,1997,14722.3717633536
ESP,Spain,1996,16100.6215831114
ESP,Spain,1995,15460.9110266653
ESP,Spain,1994,13405.704414883
ESP,Spain,1993,13330.3798192211
ESP,Spain,1992,16100.6799428032
ESP,Spain,1991,14801.3226152172
ESP,Spain,1990,13795.0159385128
LKA,Sri Lanka,2020,3847.60136741182
LKA,Sri Lanka,2019,4081.94772178134
LKA,Sri Lanka,2018,4358.56095905888
LKA,Sri Lanka,2017,4398.88828786059
LKA,Sri Lanka,2016,4149.19189391879
LKA,Sri Lanka,2015,4057.71582716521
LKA,Sri Lanka,2014,3972.04377042271
LKA,Sri Lanka,2013,3739.43182292825
LKA,Sri Lanka,2012,3327.77612404326
LKA,Sri Lanka,2011,3224.95745082305
LKA,Sri Lanka,2010,2808.36245207687
LKA,Sri Lanka,2009,2026.65939950702
LKA,Sri Lanka,2008,1973.58476901287
LKA,Sri Lanka,2007,1578.63451125392
LKA,Sri Lanka,2006,1388.89739119932
LKA,Sri Lanka,2005,1207.21994764165
LKA,Sri Lanka,2004,1028.62068132555
LKA,Sri Lanka,2003,946.382255128072
LKA,Sri Lanka,2002,834.936014905338
LKA,Sri Lanka,2001,803.544026627385
LKA,Sri Lanka,2000,860.199884304769
LKA,Sri Lanka,1999,829.356379527539
LKA,Sri Lanka,1998,847.533577843861
LKA,Sri Lanka,1997,827.035756058631
LKA,Sri Lanka,1996,776.192371057587
LKA,Sri Lanka,1995,741.838255293455
LKA,Sri Lanka,1994,678.268012020205
LKA,Sri Lanka,1993,607.231847102846
LKA,Sri Lanka,1992,579.655117618283
LKA,Sri Lanka,1991,546.292515570886
LKA,Sri Lanka,1990,491.213686238493
KNA,St. Kitts and Nevis,2020,18859.0190361046
KNA,St. Kitts and Nevis,2019,23595.4923231291
KNA,St. Kitts and Nevis,2018,22901.3816403197
KNA,St. Kitts and Nevis,2017,22464.9899633959
KNA,St. Kitts and Nevis,2016,21387.5415511103
KNA,St. Kitts and Nevis,2015,20328.8003530109
KNA,St. Kitts and Nevis,2014,20219.3954237956
KNA,St. Kitts and Nevis,2013,18580.1301949935
KNA,St. Kitts and Nevis,2012,17532.0559008608
KNA,St. Kitts and Nevis,2011,17832.4572919975
KNA,St. Kitts and Nevis,2010,16622.9457908577
KNA,St. Kitts and Nevis,2009,16503.4119292794
KNA,St. Kitts and Nevis,2008,16604.9448615905
KNA,St. Kitts and Nevis,2007,14757.9579751035
KNA,St. Kitts and Nevis,2006,13837.8495311219
KNA,St. Kitts and Nevis,2005,11783.7867154145
KNA,St. Kitts and Nevis,2004,10944.6183741768
KNA,St. Kitts and Nevis,2003,10175.6295449989
KNA,St. Kitts and Nevis,2002,10453.6587064313
KNA,St. Kitts and Nevis,2001,10022.5919235637
KNA,St. Kitts and Nevis,2000,9319.65545093525
KNA,St. Kitts and Nevis,1999,9116.28627997718
KNA,St. Kitts and Nevis,1998,8710.78984057184
KNA,St. Kitts and Nevis,1997,8626.72257471312
KNA,St. Kitts and Nevis,1996,7788.42839854571
KNA,St. Kitts and Nevis,1995,7406.44486096454
KNA,St. Kitts and Nevis,1994,7065.28291984056
KNA,St. Kitts and Nevis,1993,6395.31437746849
KNA,St. Kitts and Nevis,1992,5947.1211356266
KNA,St. Kitts and Nevis,1991,5464.61025672087
KNA,St. Kitts and Nevis,1990,5373.44824048425
LCA,St. Lucia,2020,8537.11495506727
LCA,St. Lucia,2019,11764.3944032403
LCA,St. Lucia,2018,11642.6984727769
LCA,St. Lucia,2017,11333.1123822102
LCA,St. Lucia,2016,10638.1269396653
LCA,St. Lucia,2015,10334.9860823918
LCA,St. Lucia,2014,10044.8218377677
LCA,St. Lucia,2013,9577.21733754358
LCA,St. Lucia,2012,9260.30006551714
LCA,St. Lucia,2011,9128.99442011613
LCA,St. Lucia,2010,8673.68720340529
LCA,St. Lucia,2009,8250.52180732734
LCA,St. Lucia,2008,8516.96075488787
LCA,St. Lucia,2007,7964.38211480117
LCA,St. Lucia,2006,7611.17856675319
LCA,St. Lucia,2005,6863.43641919345
LCA,St. Lucia,2004,6494.60034867886
LCA,St. Lucia,2003,6058.60622059326
LCA,St. Lucia,2002,5567.89428424719
LCA,St. Lucia,2001,5570.45247098106
LCA,St. Lucia,2000,5879.56191426207
LCA,St. Lucia,1999,5882.83398968649
LCA,St. Lucia,1998,5672.51373770766
LCA,St. Lucia,1997,5282.37011402006
LCA,St. Lucia,1996,5244.01665086076
LCA,St. Lucia,1995,5147.92024022295
LCA,St. Lucia,1994,4892.06733637469
LCA,St. Lucia,1993,4764.72464839218
LCA,St. Lucia,1992,4759.83867808296
LCA,St. Lucia,1991,4398.67906897723
LCA,St. Lucia,1990,4204.57161863111
MAF,St. Martin (French part),2019,19033.0649634889
MAF,St. Martin (French part),2014,20638.7705882379
MAF,St. Martin (French part),2011,20930.5821177758
VCT,St. Vincent and the Grenadines,2020,8351.20324040982
VCT,St. Vincent and the Grenadines,2019,8740.59425232061
VCT,St. Vincent and the Grenadines,2018,8428.12677153069
VCT,St. Vincent and the Grenadines,2017,7988.04445019298
VCT,St. Vincent and the Grenadines,2016,7656.90042881178
VCT,St. Vincent and the Grenadines,2015,7353.73556054184
VCT,St. Vincent and the Grenadines,2014,7168.82875342911
VCT,St. Vincent and the Grenadines,2013,7072.46737188939
VCT,St. Vincent and the Grenadines,2012,6713.80768643865
VCT,St. Vincent and the Grenadines,2011,6527.68996854448
VCT,St. Vincent and the Grenadines,2010,6551.96835992405
VCT,St. Vincent and the Grenadines,2009,6463.78777336717
VCT,St. Vincent and the Grenadines,2008,6598.90531450859
VCT,St. Vincent and the Grenadines,2007,6398.19123532172
VCT,St. Vincent and the Grenadines,2006,5744.8278621257
VCT,St. Vincent and the Grenadines,2005,5157.39373878102
VCT,St. Vincent and the Grenadines,2004,4873.48947742443
VCT,St. Vincent and the Grenadines,2003,4499.61454193342
VCT,St. Vincent and the Grenadines,2002,4303.27976789727
VCT,St. Vincent and the Grenadines,2001,4071.08601098962
VCT,St. Vincent and the Grenadines,2000,3768.95536604022
VCT,St. Vincent and the Grenadines,1999,3446.52293031878
VCT,St. Vincent and the Grenadines,1998,3301.10018129103
VCT,St. Vincent and the Grenadines,1997,3073.7784743848
VCT,St. Vincent and the Grenadines,1996,2930.44394742606
VCT,St. Vincent and the Grenadines,1995,2795.36305613955
VCT,St. Vincent and the Grenadines,1994,2563.24976564442
VCT,St. Vincent and the Grenadines,1993,2539.64968649849
VCT,St. Vincent and the Grenadines,1992,2470.51840791008
VCT,St. Vincent and the Grenadines,1991,2270.76357246912
VCT,St. Vincent and the Grenadines,1990,2149.73944358984
SDN,Sudan,2020,577.795227050781
SDN,Sudan,2019,709.975280761719
SDN,Sudan,2018,731.027465820313
SDN,Sudan,2017,966.505676269531
SDN,Sudan,2016,1033.21594238281
SDN,Sudan,2015,1292.37963867188
SDN,Sudan,2014,1275.43835449219
SDN,Sudan,2013,1138.62780761719
SDN,Sudan,2012,1019.22210693359
SDN,Sudan,2011,1332.6572265625
SDN,Sudan,2010,1305.63598632813
SDN,Sudan,2009,1178.22180175781
SDN,Sudan,2008,1527.58239746094
SDN,Sudan,2007,1444.37219238281
SDN,Sudan,2006,1132.474609375
SDN,Sudan,2005,905.543640136719
SDN,Sudan,2004,705.113342285156
SDN,Sudan,2003,580.320251464844
SDN,Sudan,2002,506.262634277344
SDN,Sudan,2001,451.293304443359
SDN,Sudan,2000,362.116882324219
SDN,Sudan,1999,324.659606933594
SDN,Sudan,1998,350.702880859375
SDN,Sudan,1997,373.09375
SDN,Sudan,1996,294.826965332031
SDN,Sudan,1995,462.585235595703
SDN,Sudan,1994,439.420806884766
SDN,Sudan,1993,312.693908691406
SDN,Sudan,1992,252.610092163086
SDN,Sudan,1991,1617.55676269531
SDN,Sudan,1990,1257.1875
SUR,Suriname,2020,4755.39221710693
SUR,Suriname,2019,6629.66775248603
SUR,Suriname,2018,6665.74180472239
SUR,Suriname,2017,6049.52128553675
SUR,Suriname,2016,5644.2061057532
SUR,Suriname,2015,8813.61705392067
SUR,Suriname,2014,9108.18905406764
SUR,Suriname,2013,9043.19281529222
SUR,Suriname,2012,8851.24050668908
SUR,Suriname,2011,7949.88867218383
SUR,Suriname,2010,7943.60482816915
SUR,Suriname,2009,7129.5768626291
SUR,Suriname,2008,6576.08546307249
SUR,Suriname,2007,5530.17615638309
SUR,Suriname,2006,5002.65798695759
SUR,Suriname,2005,3453.42865937765
SUR,Suriname,2004,2887.7721728844
SUR,Suriname,2003,2516.10404020956
SUR,Suriname,2002,2202.340682196
SUR,Suriname,2001,1714.64846637242
SUR,Suriname,2000,1988.22172925433
SUR,Suriname,1999,1898.1801816053
SUR,Suriname,1998,2428.58641994202
SUR,Suriname,1997,2067.59814938391
SUR,Suriname,1996,1962.88495820295
SUR,Suriname,1995,1609.82504373206
SUR,Suriname,1994,1433.54255652781
SUR,Suriname,1993,1022.44583519896
SUR,Suriname,1992,968.895253466926
SUR,Suriname,1991,1079.72521342705
SUR,Suriname,1990,941.591736102188
SWE,Sweden,2020,52568.5726980146
SWE,Sweden,2019,51648.9892820514
SWE,Sweden,2018,54018.4554391861
SWE,Sweden,2017,53210.2233318965
SWE,Sweden,2016,51703.5088332851
SWE,Sweden,2015,51188.1652120493
SWE,Sweden,2014,59583.4584491714
SWE,Sweden,2013,60843.9888799369
SWE,Sweden,2012,57749.5615420853
SWE,Sweden,2011,60379.4814599322
SWE,Sweden,2010,52542.5759090299
SWE,Sweden,2009,46707.6425044751
SWE,Sweden,2008,55817.1759726485
SWE,Sweden,2007,53568.3057787832
SWE,Sweden,2006,46531.3762240485
SWE,Sweden,2005,43378.4077394363
SWE,Sweden,2004,42758.0048564929
SWE,Sweden,2003,37292.2419727801
SWE,Sweden,2002,29957.7776664916
SWE,Sweden,2001,27259.3174300217
SWE,Sweden,2000,29632.5890811623
SWE,Sweden,1999,30968.8710702052
SWE,Sweden,1998,30605.3669074811
SWE,Sweden,1997,30324.1845796306
SWE,Sweden,1996,33022.2444768661
SWE,Sweden,1995,30254.0273028727
SWE,Sweden,1994,26045.5196995275
SWE,Sweden,1993,24389.8738124128
SWE,Sweden,1992,32753.4287003642
SWE,Sweden,1991,31776.6680192213
SWE,Sweden,1990,30549.3185706762
CHE,Switzerland,2020,87529.7016394892
CHE,Switzerland,2019,85872.9702303454
CHE,Switzerland,2018,87002.3382293532
CHE,Switzerland,2017,83610.248611484
CHE,Switzerland,2016,83432.4111596314
CHE,Switzerland,2015,85265.06205193
CHE,Switzerland,2014,90511.6484558843
CHE,Switzerland,2013,88851.2374497983
CHE,Switzerland,2012,87269.5594780124
CHE,Switzerland,2011,91910.3964565203
CHE,Switzerland,2010,77956.1262043942
CHE,Switzerland,2009,72788.2049524379
CHE,Switzerland,2008,75147.5376709155
CHE,Switzerland,2007,66082.1233977532
CHE,Switzerland,2006,59910.293405504
CHE,Switzerland,2005,57080.0704338193
CHE,Switzerland,2004,55349.6164595028
CHE,Switzerland,2003,49947.3910175152
CHE,Switzerland,2002,43094.2492848494
CHE,Switzerland,2001,40133.6101965261
CHE,Switzerland,2000,39298.0968042444
CHE,Switzerland,1999,42260.8690492557
CHE,Switzerland,1998,43165.639648677
CHE,Switzerland,1997,42159.9962722039
CHE,Switzerland,1996,48837.8072568268
CHE,Switzerland,1995,50868.9734516769
CHE,Switzerland,1994,43741.1064805172
CHE,Switzerland,1993,39828.3640333356
CHE,Switzerland,1992,41327.1832947809
CHE,Switzerland,1991,40140.3718874038
CHE,Switzerland,1990,40170.8696758305
SYR,Syrian Arab Republic,2020,593.911771822527
SYR,Syrian Arab Republic,2019,1109.53933821464
SYR,Syrian Arab Republic,2018,1098.06667935023
SYR,Syrian Arab Republic,2017,851.501972646386
SYR,Syrian Arab Republic,2016,656.349017520952
SYR,Syrian Arab Republic,2015,847.731545352582
SYR,Syrian Arab Republic,2014,1060.59105887433
SYR,Syrian Arab Republic,2013,985.892669221634
SYR,Syrian Arab Republic,2012,1897.66115018696
SYR,Syrian Arab Republic,2011,2952.14372909443
SYR,Syrian Arab Republic,2010,2730.61487784917
SYR,Syrian Arab Republic,2009,2462.20127278738
SYR,Syrian Arab Republic,2008,2429.1247629459
SYR,Syrian Arab Republic,2007,1937.61199094087
SYR,Syrian Arab Republic,2006,1718.78469956591
SYR,Syrian Arab Republic,2005,1533.90017615946
SYR,Syrian Arab Republic,2004,1368.11263904001
SYR,Syrian Arab Republic,2003,1220.179077256
SYR,Syrian Arab Republic,2002,1189.98119453595
SYR,Syrian Arab Republic,2001,1177.53806921268
SYR,Syrian Arab Republic,2000,1138.18722723683
SYR,Syrian Arab Republic,1999,978.17453169496
SYR,Syrian Arab Republic,1998,960.837504927725
SYR,Syrian Arab Republic,1997,940.826589804978
SYR,Syrian Arab Republic,1996,918.195857362788
SYR,Syrian Arab Republic,1995,779.699100153744
SYR,Syrian Arab Republic,1994,712.387716635783
SYR,Syrian Arab Republic,1993,992.771367475098
SYR,Syrian Arab Republic,1992,990.138251191708
SYR,Syrian Arab Republic,1991,1000.07798684947
SYR,Syrian Arab Republic,1990,978.489616979607
TJK,Tajikistan,2020,834.311715460625
TJK,Tajikistan,2019,871.022372934846
TJK,Tajikistan,2018,834.288404578801
TJK,Tajikistan,2017,829.45714764957
TJK,Tajikistan,2016,788.710481734485
TJK,Tajikistan,2015,956.916310930656
TJK,Tajikistan,2014,1081.54402932039
TJK,Tajikistan,2013,1028.19704279396
TJK,Tajikistan,2012,952.452819695469
TJK,Tajikistan,2011,833.601978202852
TJK,Tajikistan,2010,737.338883219356
TJK,Tajikistan,2009,664.795655734657
TJK,Tajikistan,2008,703.327375898643
TJK,Tajikistan,2007,516.997210618914
TJK,Tajikistan,2006,401.018403316427
TJK,Tajikistan,2005,333.927150941684
TJK,Tajikistan,2004,305.745158587502
TJK,Tajikistan,2003,233.58124845289
TJK,Tajikistan,2002,186.951638285222
TJK,Tajikistan,2001,168.676285365186
TJK,Tajikistan,2000,136.925716400723
TJK,Tajikistan,1999,175.023764735625
TJK,Tajikistan,1998,213.749145581577
TJK,Tajikistan,1997,150.088550171239
TJK,Tajikistan,1996,172.035088688368
TJK,Tajikistan,1995,207.034457343036
TJK,Tajikistan,1994,261.271254544865
TJK,Tajikistan,1993,287.620123754917
TJK,Tajikistan,1992,337.833145514813
TJK,Tajikistan,1991,457.767825924805
TJK,Tajikistan,1990,487.03612866309
TZA,Tanzania,2020,1117.41528320313
TZA,Tanzania,2019,1063.32250976563
TZA,Tanzania,2018,1023.10626220703
TZA,Tanzania,2017,986.674011230469
TZA,Tanzania,2016,953.0107421875
TZA,Tanzania,2015,939.127319335938
TZA,Tanzania,2014,1022.74841308594
TZA,Tanzania,2013,963.05712890625
TZA,Tanzania,2012,861.969909667969
TZA,Tanzania,2011,775.392761230469
TZA,Tanzania,2010,736.530151367188
TZA,Tanzania,2009,693.823547363281
TZA,Tanzania,2008,675.977233886719
TZA,Tanzania,2007,543.198303222656
TZA,Tanzania,2006,475.746734619141
TZA,Tanzania,2005,483.334869384766
TZA,Tanzania,2004,450.385284423828
TZA,Tanzania,2003,422.18359375
TZA,Tanzania,2002,402.649047851563
TZA,Tanzania,2001,396.638732910156
TZA,Tanzania,2000,401.698150634766
TZA,Tanzania,1999,392.621765136719
TZA,Tanzania,1998,386.378448486328
TZA,Tanzania,1997,363.597686767578
TZA,Tanzania,1996,313.658386230469
TZA,Tanzania,1995,258.418334960938
TZA,Tanzania,1994,228.890029907227
TZA,Tanzania,1993,224.491546630859
TZA,Tanzania,1992,250.329925537109
TZA,Tanzania,1991,276.452453613281
TZA,Tanzania,1990,243.611557006836
THA,Thailand,2020,6983.03412836245
THA,Thailand,2019,7605.69657797759
THA,Thailand,2018,7099.77650081458
THA,Thailand,2017,6413.09182530343
THA,Thailand,2016,5833.57715617098
THA,Thailand,2015,5688.85335397884
THA,Thailand,2014,5801.1978916205
THA,Thailand,2013,6018.08244729255
THA,Thailand,2012,5725.52802835463
THA,Thailand,2011,5373.6232832898
THA,Thailand,2010,4973.86288823778
THA,Thailand,2009,4135.43986952819
THA,Thailand,2008,4309.13509292986
THA,Thailand,2007,3918.52817434581
THA,Thailand,2006,3331.32043511773
THA,Thailand,2005,2867.70383436062
THA,Thailand,2004,2641.56268717857
THA,Thailand,2003,2347.54001286066
THA,Thailand,2002,2089.75183111554
THA,Thailand,2001,1889.93432467144
THA,Thailand,2000,2005.97694514234
THA,Thailand,1999,2033.24490520569
THA,Thailand,1998,1847.70379269771
THA,Thailand,1997,2473.14096982086
THA,Thailand,1996,3054.65690806473
THA,Thailand,1995,2864.36515719866
THA,Thailand,1994,2517.70732641683
THA,Thailand,1993,2245.13688708983
THA,Thailand,1992,1971.60879910694
THA,Thailand,1991,1765.62267359529
THA,Thailand,1990,1559.11209344755
TLS,Timor-Leste,2020,1630.86935439232
TLS,Timor-Leste,2019,1562.36458881813
TLS,Timor-Leste,2018,1219.46598597604
TLS,Timor-Leste,2017,1266.17767952941
TLS,Timor-Leste,2016,1335.54390089814
TLS,Timor-Leste,2015,1319.59297370991
TLS,Timor-Leste,2014,1224.74957758801
TLS,Timor-Leste,2013,1204.56841532931
TLS,Timor-Leste,2012,1022.61903188429
TLS,Timor-Leste,2011,939.045241112693
TLS,Timor-Leste,2010,813.060177250597
TLS,Timor-Leste,2009,686.579295832381
TLS,Timor-Leste,2008,628.153219252849
TLS,Timor-Leste,2007,540.154584237662
TLS,Timor-Leste,2006,464.667001844159
TLS,Timor-Leste,2005,487.464555404292
TLS,Timor-Leste,2004,474.420767344689
TLS,Timor-Leste,2003,534.901153697657
TLS,Timor-Leste,2002,533.982476434866
TLS,Timor-Leste,2001,587.700692767858
TLS,Timor-Leste,2000,492.457669429651
TLS,Timor-Leste,1999,269.987312761397
TLS,Timor-Leste,1998,345.59090957317
TLS,Timor-Leste,1997,348.86424098109
TLS,Timor-Leste,1996,344.013327625123
TLS,Timor-Leste,1995,302.736982028369
TLS,Timor-Leste,1994,283.058000480762
TLS,Timor-Leste,1993,264.066994790836
TLS,Timor-Leste,1992,235.064767714477
TLS,Timor-Leste,1991,189.794649212749
TLS,Timor-Leste,1990,168.621010199317
TGO,Togo,2020,961.219781201934
TGO,Togo,2019,917.718016777619
TGO,Togo,2018,942.480774393154
TGO,Togo,2017,872.076408845752
TGO,Togo,2016,843.114204338675
TGO,Togo,2015,813.894676975085
TGO,Togo,2014,921.539748631461
TGO,Togo,2013,885.698522723929
TGO,Togo,2012,813.611525037432
TGO,Togo,2011,834.14671980279
TGO,Togo,2010,750.323421086121
TGO,Togo,2009,770.172869777254
TGO,Togo,2008,771.351190404751
TGO,Togo,2007,654.083697666439
TGO,Togo,2006,596.249203137762
TGO,Togo,2005,595.200212014134
TGO,Togo,2004,604.311329116751
TGO,Togo,2003,579.728195854724
TGO,Togo,2002,479.438373869587
TGO,Togo,2001,426.883605884489
TGO,Togo,2000,440.420399069497
TGO,Togo,1999,477.217016566667
TGO,Togo,1998,492.493381462559
TGO,Togo,1997,476.890484883584
TGO,Togo,1996,482.27462715388
TGO,Togo,1995,449.85596910209
TGO,Togo,1994,355.429579368426
TGO,Togo,1993,448.033969931112
TGO,Togo,1992,607.946006940374
TGO,Togo,1991,591.939138361428
TGO,Togo,1990,619.184841877398
TON,Tonga,2020,4792.35872413906
TON,Tonga,2019,4788.83350468584
TON,Tonga,2018,4675.04776047973
TON,Tonga,2017,4365.92929788648
TON,Tonga,2016,3987.98618837043
TON,Tonga,2015,4123.90347238813
TON,Tonga,2014,4136.59010898445
TON,Tonga,2013,4219.24670113014
TON,Tonga,2012,4384.17058724217
TON,Tonga,2011,3849.99375750134
TON,Tonga,2010,3416.08356601207
TON,Tonga,2009,2914.23774004564
TON,Tonga,2008,3218.45303993196
TON,Tonga,2007,2797.06560109144
TON,Tonga,2006,2750.34778600857
TON,Tonga,2005,2477.72620144825
TON,Tonga,2004,2195.44890047673
TON,Tonga,2003,1936.04104012389
TON,Tonga,2002,1759.4805324576
TON,Tonga,2001,1753.51667576626
TON,Tonga,2000,1995.07667546271
TON,Tonga,1999,1952.14626248861
TON,Tonga,1998,1888.83194028282
TON,Tonga,1997,2135.52111086276
TON,Tonga,1996,2214.91474789811
TON,Tonga,1995,2084.02759539718
TON,Tonga,1994,1956.66180354821
TON,Tonga,1993,1383.47386584881
TON,Tonga,1992,1370.36142598699
TON,Tonga,1991,1323.40098550339
TON,Tonga,1990,1139.0553819198
TTO,Trinidad and Tobago,2020,15283.6270531554
TTO,Trinidad and Tobago,2019,17212.6128892163
TTO,Trinidad and Tobago,2018,17571.498737278
TTO,Trinidad and Tobago,2017,17566.0999700656
TTO,Trinidad and Tobago,2016,17449.1538801956
TTO,Trinidad and Tobago,2015,19887.2327716498
TTO,Trinidad and Tobago,2014,21908.3014555644
TTO,Trinidad and Tobago,2013,21304.9777496628
TTO,Trinidad and Tobago,2012,20332.1389531925
TTO,Trinidad and Tobago,2011,19151.0870229722
TTO,Trinidad and Tobago,2010,16815.424737361
TTO,Trinidad and Tobago,2009,14634.0565003912
TTO,Trinidad and Tobago,2008,21298.9945258063
TTO,Trinidad and Tobago,2007,16606.675360681
TTO,Trinidad and Tobago,2006,14152.6607422113
TTO,Trinidad and Tobago,2005,12346.4373094075
TTO,Trinidad and Tobago,2004,9871.03419820086
TTO,Trinidad and Tobago,2003,8445.04653518298
TTO,Trinidad and Tobago,2002,6762.93080808096
TTO,Trinidad and Tobago,2001,6657.41466937221
TTO,Trinidad and Tobago,2000,6178.58975559687
TTO,Trinidad and Tobago,1999,5179.08350809274
TTO,Trinidad and Tobago,1998,4612.70900312686
TTO,Trinidad and Tobago,1997,4393.94496943068
TTO,Trinidad and Tobago,1996,4427.27832448289
TTO,Trinidad and Tobago,1995,4114.68908475464
TTO,Trinidad and Tobago,1994,3839.96290233114
TTO,Trinidad and Tobago,1993,3646.71231742803
TTO,Trinidad and Tobago,1992,4277.47436935604
TTO,Trinidad and Tobago,1991,4205.37778348016
TTO,Trinidad and Tobago,1990,4047.25093594674
TUN,Tunisia,2020,3548.65363663803
TUN,Tunisia,2019,3528.87213306798
TUN,Tunisia,2018,3628.10366464236
TUN,Tunisia,2017,3619.03247319953
TUN,Tunisia,2016,3847.80354448809
TUN,Tunisia,2015,4014.94773686432
TUN,Tunisia,2014,4458.97895464547
TUN,Tunisia,2013,4369.79345826358
TUN,Tunisia,2012,4297.26782454273
TUN,Tunisia,2011,4420.64772206537
TUN,Tunisia,2010,4291.86120891575
TUN,Tunisia,2009,4080.09032448781
TUN,Tunisia,2008,4255.05008019523
TUN,Tunisia,2007,3726.91672935667
TUN,Tunisia,2006,3322.56933570096
TUN,Tunisia,2005,3146.8260743927
TUN,Tunisia,2004,3067.41936376975
TUN,Tunisia,2003,2725.8643148859
TUN,Tunisia,2002,2320.7723805785
TUN,Tunisia,2001,2235.71981624751
TUN,Tunisia,2000,2199.04465936314
TUN,Tunisia,1999,2376.06566791596
TUN,Tunisia,1998,2285.01933541864
TUN,Tunisia,1997,2202.06090620956
TUN,Tunisia,1996,2107.40815649257
TUN,Tunisia,1995,1968.16600944373
TUN,Tunisia,1994,1733.46614673506
TUN,Tunisia,1993,1649.18537309075
TUN,Tunisia,1992,1784.81850188268
TUN,Tunisia,1991,1537.87916511306
TUN,Tunisia,1990,1476.43160477311
TUR,Turkiye,2020,8798.11791709313
TUR,Turkiye,2019,9395.23378001368
TUR,Turkiye,2018,9684.11819884721
TUR,Turkiye,2017,10756.3877677883
TUR,Turkiye,2016,10984.3643169061
TUR,Turkiye,2015,11064.6494504662
TUR,Turkiye,2014,12209.3862327674
TUR,Turkiye,2013,12635.5570016068
TUR,Turkiye,2012,11776.7593362033
TUR,Turkiye,2011,11373.6355760885
TUR,Turkiye,2010,10698.9699409757
TUR,Turkiye,2009,9076.92472236977
TUR,Turkiye,2008,10913.4079047769
TUR,Turkiye,2007,9766.91734545294
TUR,Turkiye,2006,7990.08251407245
TUR,Turkiye,2005,7331.85429430255
TUR,Turkiye,2004,5979.6054216148
TUR,Turkiye,2003,4649.63668068586
TUR,Turkiye,2002,3591.08628982587
TUR,Turkiye,2001,3052.2256706793
TUR,Turkiye,2000,4199.3798635759
TUR,Turkiye,1999,3973.77763854116
TUR,Turkiye,1998,4331.02761275037
TUR,Turkiye,1997,4197.37636165642
TUR,Turkiye,1996,4041.36210281686
TUR,Turkiye,1995,3845.98997887841
TUR,Turkiye,1994,2176.2801813809
TUR,Turkiye,1993,3057.93737480422
TUR,Turkiye,1992,2743.65320297936
TUR,Turkiye,1991,2649.27259974439
TUR,Turkiye,1990,2689.52621921233
TKM,Turkmenistan,2020,3935.37749365223
TKM,Turkmenistan,2019,4365.1152919542
TKM,Turkmenistan,2018,3911.98557297865
TKM,Turkmenistan,2017,5125.54920055808
TKM,Turkmenistan,2016,5238.00827202546
TKM,Turkmenistan,2015,5759.497903834
TKM,Turkmenistan,2014,7164.14536184006
TKM,Turkmenistan,2013,6599.64529055481
TKM,Turkmenistan,2012,6053.8748468749
TKM,Turkmenistan,2011,5143.61929334647
TKM,Turkmenistan,2010,4058.53937000739
TKM,Turkmenistan,2009,3707.97850699617
TKM,Turkmenistan,2008,3605.50395120549
TKM,Turkmenistan,2007,2414.96071986964
TKM,Turkmenistan,2006,1996.59310717308
TKM,Turkmenistan,2005,1604.01618452312
TKM,Turkmenistan,2004,1379.23009682692
TKM,Turkmenistan,2003,1228.94870289404
TKM,Turkmenistan,2002,935.540801478466
TKM,Turkmenistan,2001,756.034976276398
TKM,Turkmenistan,2000,633.835487638011
TKM,Turkmenistan,1999,545.519003106054
TKM,Turkmenistan,1998,590.791293266381
TKM,Turkmenistan,1997,565.022638048501
TKM,Turkmenistan,1996,557.894220051334
TKM,Turkmenistan,1995,592.247247321132
TKM,Turkmenistan,1994,622.13478015809
TKM,Turkmenistan,1993,788.418914207107
TKM,Turkmenistan,1992,811.354156451902
TKM,Turkmenistan,1991,831.99873207474
TKM,Turkmenistan,1990,848.155047388424
TCA,Turks and Caicos Islands,2020,20690.9160546118
TCA,Turks and Caicos Islands,2019,31780.5217068989
TCA,Turks and Caicos Islands,2018,31625.616593277
TCA,Turks and Caicos Islands,2017,30014.2309523213
TCA,Turks and Caicos Islands,2016,31373.5612684327
TCA,Turks and Caicos Islands,2015,29457.0140691162
TCA,Turks and Caicos Islands,2014,27292.5820256776
TCA,Turks and Caicos Islands,2013,25653.819867471
TCA,Turks and Caicos Islands,2012,25923.6156503875
TCA,Turks and Caicos Islands,2011,27327.4006354146
TCA,Turks and Caicos Islands,2010,23093.8498268267
TCA,Turks and Caicos Islands,2009,24596.8938015951
TCA,Turks and Caicos Islands,2008,31453.8228752689
TCA,Turks and Caicos Islands,2007,29443.8523030072
TCA,Turks and Caicos Islands,2006,28734.2873064523
TCA,Turks and Caicos Islands,2005,24122.3028180757
TCA,Turks and Caicos Islands,2004,21246.00980049
TCA,Turks and Caicos Islands,2003,18859.1890274773
TCA,Turks and Caicos Islands,2002,17803.9471767733
TCA,Turks and Caicos Islands,2001,18325.7458111974
TUV,Tuvalu,2020,5029.57159284173
TUV,Tuvalu,2019,5058.85266607659
TUV,Tuvalu,2018,4467.21144027065
TUV,Tuvalu,2017,4166.79162422818
TUV,Tuvalu,2016,3779.15293916285
TUV,Tuvalu,2015,3352.66722400181
TUV,Tuvalu,2014,3518.13249227107
TUV,Tuvalu,2013,3524.00277634143
TUV,Tuvalu,2012,3558.89749224226
TUV,Tuvalu,2011,3679.5325726267
TUV,Tuvalu,2010,3054.96154183353
TUV,Tuvalu,2009,2662.42865634448
TUV,Tuvalu,2008,3062.00125965971
TUV,Tuvalu,2007,2803.75365477849
TUV,Tuvalu,2006,2413.97836453913
TUV,Tuvalu,2005,2298.44257265761
TUV,Tuvalu,2004,2330.77403351989
TUV,Tuvalu,2003,2020.10103886055
TUV,Tuvalu,2002,1729.16968588975
TUV,Tuvalu,2001,1475.03705936258
TUV,Tuvalu,2000,1559.22072281826
TUV,Tuvalu,1999,1558.60396569869
TUV,Tuvalu,1998,1459.64937141718
TUV,Tuvalu,1997,1461.08618049276
TUV,Tuvalu,1996,1427.80960501753
TUV,Tuvalu,1995,1284.76446104166
TUV,Tuvalu,1994,1278.65870076399
TUV,Tuvalu,1993,1141.17904410247
TUV,Tuvalu,1992,1165.63710360353
TUV,Tuvalu,1991,1134.33175551477
TUV,Tuvalu,1990,1084.66707221699
UGA,Uganda,2020,845.766463890124
UGA,Uganda,2019,822.171150036357
UGA,Uganda,2018,792.16570022814
UGA,Uganda,2017,765.218332297361
UGA,Uganda,2016,752.696571725656
UGA,Uganda,2015,862.934610355811
UGA,Uganda,2014,896.054795546394
UGA,Uganda,2013,818.285427416713
UGA,Uganda,2012,795.222867553127
UGA,Uganda,2011,835.620060555838
UGA,Uganda,2010,823.488144282
UGA,Uganda,2009,798.947089938247
UGA,Uganda,2008,472.842681495852
UGA,Uganda,2007,401.389130865581
UGA,Uganda,2006,346.518255310647
UGA,Uganda,2005,330.405402707025
UGA,Uganda,2004,292.38185796262
UGA,Uganda,2003,250.71543664681
UGA,Uganda,2002,241.984688408335
UGA,Uganda,2001,236.021188853993
UGA,Uganda,2000,258.050338731086
UGA,Uganda,1999,257.921949601357
UGA,Uganda,1998,292.453037058835
UGA,Uganda,1997,286.846637912964
UGA,Uganda,1996,284.698259285733
UGA,Uganda,1995,278.520835668767
UGA,Uganda,1994,198.441987998795
UGA,Uganda,1993,165.616476211716
UGA,Uganda,1992,152.113542415537
UGA,Uganda,1991,182.955897348348
UGA,Uganda,1990,244.987168126806
UKR,Ukraine,2020,3709.76928710938
UKR,Ukraine,2019,3619.86157226563
UKR,Ukraine,2018,3059.0517578125
UKR,Ukraine,2017,2604.28759765625
UKR,Ukraine,2016,2158.46118164063
UKR,Ukraine,2015,2094.47387695313
UKR,Ukraine,2014,3054.908203125
UKR,Ukraine,2013,4129.89697265625
UKR,Ukraine,2012,3951.34228515625
UKR,Ukraine,2011,3656.69799804688
UKR,Ukraine,2010,3039.63232421875
UKR,Ukraine,2009,2607.08764648438
UKR,Ukraine,2008,4017.806640625
UKR,Ukraine,2007,3160.32763671875
UKR,Ukraine,2006,2366.494140625
UKR,Ukraine,2005,1875.33508300781
UKR,Ukraine,2004,1401.01806640625
UKR,Ukraine,2003,1076.48156738281
UKR,Ukraine,2002,903.011901855469
UKR,Ukraine,2001,800.49072265625
UKR,Ukraine,2000,653.294311523438
UKR,Ukraine,1999,631.910461425781
UKR,Ukraine,1998,831.336791992188
UKR,Ukraine,1997,987.489807128906
UKR,Ukraine,1996,869.846069335938
UKR,Ukraine,1995,933.191772460938
UKR,Ukraine,1994,1009.09405517578
UKR,Ukraine,1993,1254.02868652344
UKR,Ukraine,1992,1413.24011230469
UKR,Ukraine,1991,1482.6396484375
UKR,Ukraine,1990,1563.63415527344
ARE,United Arab Emirates,2020,37991.738387966
ARE,United Arab Emirates,2019,45938.6084572227
ARE,United Arab Emirates,2018,47135.3478795605
ARE,United Arab Emirates,2017,43733.6242018215
ARE,United Arab Emirates,2016,42721.1136110991
ARE,United Arab Emirates,2015,44910.3458860776
ARE,United Arab Emirates,2014,52725.2307981936
ARE,United Arab Emirates,2013,53247.2278745159
ARE,United Arab Emirates,2012,53141.6251661086
ARE,United Arab Emirates,2011,51921.8890746408
ARE,United Arab Emirates,2010,44795.2846234991
ARE,United Arab Emirates,2009,37803.0663737818
ARE,United Arab Emirates,2008,50054.1700685968
ARE,United Arab Emirates,2007,45854.7352436978
ARE,United Arab Emirates,2006,44342.603055045
ARE,United Arab Emirates,2005,38719.3138285388
ARE,United Arab Emirates,2004,33376.6880534412
ARE,United Arab Emirates,2003,29659.5710296993
ARE,United Arab Emirates,2002,27753.5810466782
ARE,United Arab Emirates,2001,27745.1684523079
ARE,United Arab Emirates,2000,29865.5285002232
ARE,United Arab Emirates,1999,25855.8379155488
ARE,United Arab Emirates,1998,24889.4426807231
ARE,United Arab Emirates,1997,27982.752550093
ARE,United Arab Emirates,1996,28323.1586889615
ARE,United Arab Emirates,1995,27003.1753753727
ARE,United Arab Emirates,1994,25472.6470660889
ARE,United Arab Emirates,1993,25032.8269272198
ARE,United Arab Emirates,1992,25648.2807476605
ARE,United Arab Emirates,1991,25690.9151233865
ARE,United Arab Emirates,1990,26709.9567949611
GBR,United Kingdom,2020,40815.1255364787
GBR,United Kingdom,2019,43160.6843971799
GBR,United Kingdom,2018,43704.3162296687
GBR,United Kingdom,2017,40918.0520870944
GBR,United Kingdom,2016,41258.5374285695
GBR,United Kingdom,2015,45256.040227057
GBR,United Kingdom,2014,47746.9810645521
GBR,United Kingdom,2013,43607.6636827371
GBR,United Kingdom,2012,42688.3263728372
GBR,United Kingdom,2011,42295.9273835322
GBR,United Kingdom,2010,39778.3220528565
GBR,United Kingdom,2009,39009.3715547821
GBR,United Kingdom,2008,47652.4030691881
GBR,United Kingdom,2007,50629.0799172887
GBR,United Kingdom,2006,44695.161023424
GBR,United Kingdom,2005,42240.2462987547
GBR,United Kingdom,2004,40504.4118103928
GBR,United Kingdom,2003,34556.7726095905
GBR,United Kingdom,2002,30158.7017807858
GBR,United Kingdom,2001,28013.8729635508
GBR,United Kingdom,2000,28383.8761094996
GBR,United Kingdom,1999,28858.0065333126
GBR,United Kingdom,1998,28396.3523548013
GBR,United Kingdom,1997,26910.1381529902
GBR,United Kingdom,1996,24503.3829602903
GBR,United Kingdom,1995,23252.6157127423
GBR,United Kingdom,1994,19709.2380983653
GBR,United Kingdom,1993,18389.0195675099
GBR,United Kingdom,1992,20487.1707852878
GBR,United Kingdom,1991,19900.7266505069
GBR,United Kingdom,1990,19095.4669984608
USA,United States,2020,64465.2971415748
USA,United States,2019,65227.9565911038
USA,United States,2018,62875.6661382728
USA,United States,2017,60047.7190728307
USA,United States,2016,57976.628204291
USA,United States,2015,56849.4697923159
USA,United States,2014,55153.3940182967
USA,United States,2013,53297.3862901595
USA,United States,2012,51708.3940614082
USA,United States,2011,50024.8812320773
USA,United States,2010,48642.6312088213
USA,United States,2009,47194.9500893872
USA,United States,2008,48570.0594269601
USA,United States,2007,48050.227412195
USA,United States,2006,46301.9876485519
USA,United States,2005,44123.3996470026
USA,United States,2004,41724.6411982614
USA,United States,2003,39490.3023903176
USA,United States,2002,37997.7424300242
USA,United States,2001,37133.6203973517
USA,United States,2000,36329.9702595751
USA,United States,1999,34515.3813073394
USA,United States,1998,32853.6725949234
USA,United States,1997,31459.1299691554
USA,United States,1996,29967.7127181749
USA,United States,1995,28690.8757013347
USA,United States,1994,27694.853416234
USA,United States,1993,26387.2937338171
USA,United States,1992,25418.9907763319
USA,United States,1991,24342.2589048189
USA,United States,1990,23888.6000088133
URY,Uruguay,2020,15757.5341990356
URY,Uruguay,2019,18315.7350377437
URY,Uruguay,2018,19249.9404677501
URY,Uruguay,2017,19184.6626114272
URY,Uruguay,2016,17009.7584207276
URY,Uruguay,2015,17125.9016800298
URY,Uruguay,2014,18322.4276767157
URY,Uruguay,2013,18335.2594772322
URY,Uruguay,2012,16259.5940814256
URY,Uruguay,2011,15132.2675725587
URY,Uruguay,2010,12641.0576849008
URY,Uruguay,2009,9881.39573127081
URY,Uruguay,2008,9423.96562595893
URY,Uruguay,2007,7222.05403645877
URY,Uruguay,2006,6001.33294783172
URY,Uruguay,2005,5284.25677987129
URY,Uruguay,2004,4168.66065438387
URY,Uruguay,2003,3671.12329256883
URY,Uruguay,2002,4149.76140312687
URY,Uruguay,2001,6382.76104740859
URY,Uruguay,2000,6987.70098766257
URY,Uruguay,1999,7370.56995453931
URY,Uruguay,1998,7836.89183322307
URY,Uruguay,1997,7436.29342620682
URY,Uruguay,1996,6398.43575184095
URY,Uruguay,1995,6050.48632253644
URY,Uruguay,1994,5507.56481300056
URY,Uruguay,1993,4753.00924682647
URY,Uruguay,1992,4101.71054155291
URY,Uruguay,1991,3589.01541942634
URY,Uruguay,1990,2995.36105663465
UZB,Uzbekistan,2020,2087.96374711792
UZB,Uzbekistan,2019,2128.66067138334
UZB,Uzbekistan,2018,1894.09088741408
UZB,Uzbekistan,2017,2271.4730109511
UZB,Uzbekistan,2016,3128.42307170099
UZB,Uzbekistan,2015,3172.89899391083
UZB,Uzbekistan,2014,3021.00331668049
UZB,Uzbekistan,2013,2781.38869470315
UZB,Uzbekistan,2012,2573.95586785056
UZB,Uzbekistan,2011,2338.55462817306
UZB,Uzbekistan,2010,1956.78127255673
UZB,Uzbekistan,2009,1205.7993547038
UZB,Uzbekistan,2008,1074.72928796701
UZB,Uzbekistan,2007,824.028192334768
UZB,Uzbekistan,2006,649.118167003925
UZB,Uzbekistan,2005,542.835808692209
UZB,Uzbekistan,2004,462.171492867885
UZB,Uzbekistan,2003,394.164028897235
UZB,Uzbekistan,2002,381.409296889283
UZB,Uzbekistan,2001,454.415812256778
UZB,Uzbekistan,2000,555.149231099186
UZB,Uzbekistan,1999,697.763539790812
UZB,Uzbekistan,1998,621.048904301242
UZB,Uzbekistan,1997,620.59129581366
UZB,Uzbekistan,1996,597.33228695111
UZB,Uzbekistan,1995,582.54213674034
UZB,Uzbekistan,1994,574.229079896619
UZB,Uzbekistan,1993,595.777099596612
UZB,Uzbekistan,1992,602.920525827048
UZB,Uzbekistan,1991,658.313550528068
UZB,Uzbekistan,1990,652.9376529256
VUT,Vanuatu,2020,3404.30359167624
VUT,Vanuatu,2019,3635.62344878185
VUT,Vanuatu,2018,3626.18862522473
VUT,Vanuatu,2017,3585.31798081216
VUT,Vanuatu,2016,3339.83436471043
VUT,Vanuatu,2015,3214.41948587141
VUT,Vanuatu,2014,3378.36411965135
VUT,Vanuatu,2013,3392.56675091682
VUT,Vanuatu,2012,3004.78416664293
VUT,Vanuatu,2011,3163.1861645138
VUT,Vanuatu,2010,2815.18828985779
VUT,Vanuatu,2009,2546.38324565986
VUT,Vanuatu,2008,2603.60883136724
VUT,Vanuatu,2007,2333.70506748914
VUT,Vanuatu,2006,2034.79289624351
VUT,Vanuatu,2005,1873.99142640619
VUT,Vanuatu,2004,1774.31867585894
VUT,Vanuatu,2003,1566.51396790858
VUT,Vanuatu,2002,1340.71537528287
VUT,Vanuatu,2001,1350.18338238522
VUT,Vanuatu,2000,1460.23817692229
VUT,Vanuatu,1999,1472.17751741462
VUT,Vanuatu,1998,1470.97189048658
VUT,Vanuatu,1997,1562.03090670153
VUT,Vanuatu,1996,1529.27573115021
VUT,Vanuatu,1995,1491.78967004617
VUT,Vanuatu,1994,1430.99367776483
VUT,Vanuatu,1993,1257.29387486656
VUT,Vanuatu,1992,1343.68942861831
VUT,Vanuatu,1991,1326.37321256212
VUT,Vanuatu,1990,1140.59020311724
VEN,"Venezuela, RB",2020,1506.04169391285
VEN,"Venezuela, RB",2019,2523.11527549578
VEN,"Venezuela, RB",2018,3421.51341607593
VEN,"Venezuela, RB",2017,3791.63262049576
VEN,"Venezuela, RB",2016,3671.23004093383
VEN,"Venezuela, RB",2015,4096.61989137473
VEN,"Venezuela, RB",2014,7101.15006382986
VEN,"Venezuela, RB",2013,8642.37380007027
VEN,"Venezuela, RB",2012,12582.0125686037
VEN,"Venezuela, RB",2011,10843.9229703167
VEN,"Venezuela, RB",2010,13646.3046622664
VEN,"Venezuela, RB",2009,11596.6021921731
VEN,"Venezuela, RB",2008,11262.4514256759
VEN,"Venezuela, RB",2007,8331.62096991844
VEN,"Venezuela, RB",2006,6739.38065342218
VEN,"Venezuela, RB",2005,5432.4854184654
VEN,"Venezuela, RB",2004,4269.08970872392
VEN,"Venezuela, RB",2003,3229.50557082079
VEN,"Venezuela, RB",2002,3652.09896501865
VEN,"Venezuela, RB",2001,4920.39313600453
VEN,"Venezuela, RB",2000,4776.2816763938
VEN,"Venezuela, RB",1999,4070.90619189484
VEN,"Venezuela, RB",1998,3869.98258848894
VEN,"Venezuela, RB",1997,3710.82688355096
VEN,"Venezuela, RB",1996,3112.825848106
VEN,"Venezuela, RB",1995,3486.98350635919
VEN,"Venezuela, RB",1994,2688.98325145295
VEN,"Venezuela, RB",1993,2824.69144366441
VEN,"Venezuela, RB",1992,2907.30334439434
VEN,"Venezuela, RB",1991,2632.53969814106
VEN,"Venezuela, RB",1990,2451.5523114567
VNM,Viet Nam,2020,3534.03953482647
VNM,Viet Nam,2019,3440.90025375434
VNM,Viet Nam,2018,3222.31003125366
VNM,Viet Nam,2017,2956.10992127753
VNM,Viet Nam,2016,2735.0604380416
VNM,Viet Nam,2015,2577.56885340113
VNM,Viet Nam,2014,2546.38464459903
VNM,Viet Nam,2013,2359.51736472828
VNM,Viet Nam,2012,2185.11767654291
VNM,Viet Nam,2011,1950.92504174913
VNM,Viet Nam,2010,1683.16182443979
VNM,Viet Nam,2009,1226.16976051536
VNM,Viet Nam,2008,1163.83195772873
VNM,Viet Nam,2007,925.640338348717
VNM,Viet Nam,2006,807.756645117054
VNM,Viet Nam,2005,710.746759994861
VNM,Viet Nam,2004,565.452284586212
VNM,Viet Nam,2003,497.117089249256
VNM,Viet Nam,2002,445.132861817313
VNM,Viet Nam,2001,419.205677580901
VNM,Viet Nam,2000,404.029784055118
VNM,Viet Nam,1999,375.994455900496
VNM,Viet Nam,1998,361.350928411167
VNM,Viet Nam,1997,361.643884085566
VNM,Viet Nam,1996,337.051231790277
VNM,Viet Nam,1995,287.802661028593
VNM,Viet Nam,1994,229.857787265757
VNM,Viet Nam,1993,189.418573584332
VNM,Viet Nam,1992,144.549392371677
VNM,Viet Nam,1991,143.715270231936
VNM,Viet Nam,1990,98.7983370311401
VIR,Virgin Islands (U.S.),2020,39787.3741650202
VIR,Virgin Islands (U.S.),2019,38633.5298915336
VIR,Virgin Islands (U.S.),2018,36663.2087550584
VIR,Virgin Islands (U.S.),2017,35365.0693039774
VIR,Virgin Islands (U.S.),2016,35324.9748874586
VIR,Virgin Islands (U.S.),2015,34007.3529411765
VIR,Virgin Islands (U.S.),2014,33045.3643795999
VIR,Virgin Islands (U.S.),2013,34597.9766940328
VIR,Virgin Islands (U.S.),2012,37795.3192590675
VIR,Virgin Islands (U.S.),2011,38997.1373164651
VIR,Virgin Islands (U.S.),2010,39905.1284180994
VIR,Virgin Islands (U.S.),2009,38753.1825393897
VIR,Virgin Islands (U.S.),2008,39152.3750657306
VIR,Virgin Islands (U.S.),2007,44158.5054044325
VIR,Virgin Islands (U.S.),2006,41377.1466009652
VIR,Virgin Islands (U.S.),2005,40828.7460927775
VIR,Virgin Islands (U.S.),2004,35006.3614404514
VIR,Virgin Islands (U.S.),2003,31731.2566241187
VIR,Virgin Islands (U.S.),2002,30062.0225050457
PSE,West Bank and Gaza,2020,3233.56863835858
PSE,West Bank and Gaza,2019,3656.85827137011
PSE,West Bank and Gaza,2018,3562.33094270256
PSE,West Bank and Gaza,2017,3620.36048715937
PSE,West Bank and Gaza,2016,3527.61382413178
PSE,West Bank and Gaza,2015,3272.15432360708
PSE,West Bank and Gaza,2014,3352.11259506043
PSE,West Bank and Gaza,2013,3315.29753909282
PSE,West Bank and Gaza,2012,3067.43872735614
PSE,West Bank and Gaza,2011,2880.79843707909
PSE,West Bank and Gaza,2010,2557.07562356699
PSE,West Bank and Gaza,2009,2191.78178736868
PSE,West Bank and Gaza,2008,2035.20234121766
PSE,West Bank and Gaza,2007,1664.24571669276
PSE,West Bank and Gaza,2006,1570.10439962728
PSE,West Bank and Gaza,2005,1543.70141392774
PSE,West Bank and Gaza,2004,1422.19088643544
PSE,West Bank and Gaza,2003,1257.69857009689
PSE,West Bank and Gaza,2002,1156.21747345769
PSE,West Bank and Gaza,2001,1335.55319529359
PSE,West Bank and Gaza,2000,1476.17185000238
PSE,West Bank and Gaza,1999,1499.49217657019
PSE,West Bank and Gaza,1998,1465.04605685868
PSE,West Bank and Gaza,1997,1389.16497137651
PSE,West Bank and Gaza,1996,1317.46675131385
PSE,West Bank and Gaza,1995,1326.56285737146
PSE,West Bank and Gaza,1994,1201.58154213882
YEM,"Yemen, Rep.",2018,633.887202451545
YEM,"Yemen, Rep.",2017,811.165970405745
YEM,"Yemen, Rep.",2016,975.359417003225
YEM,"Yemen, Rep.",2015,1362.1738120601
YEM,"Yemen, Rep.",2014,1430.16420964026
YEM,"Yemen, Rep.",2013,1378.75002954928
YEM,"Yemen, Rep.",2012,1245.05068272078
YEM,"Yemen, Rep.",2011,1186.47500581215
YEM,"Yemen, Rep.",2010,1155.20305261418
YEM,"Yemen, Rep.",2009,969.243509864478
YEM,"Yemen, Rep.",2008,1071.63583282105
YEM,"Yemen, Rep.",2007,890.305768114988
YEM,"Yemen, Rep.",2006,809.713127624703
YEM,"Yemen, Rep.",2005,734.159908450927
YEM,"Yemen, Rep.",2004,627.632023395762
YEM,"Yemen, Rep.",2003,548.905883049973
YEM,"Yemen, Rep.",2002,513.241486570603
YEM,"Yemen, Rep.",2001,487.141257946318
YEM,"Yemen, Rep.",2000,493.235182634814
YEM,"Yemen, Rep.",1999,401.448141660801
YEM,"Yemen, Rep.",1998,342.73940747773
YEM,"Yemen, Rep.",1997,382.584928722421
YEM,"Yemen, Rep.",1996,375.214994663363
YEM,"Yemen, Rep.",1995,764.414656090937
YEM,"Yemen, Rep.",1994,1735.04419543214
YEM,"Yemen, Rep.",1993,1396.61544419009
YEM,"Yemen, Rep.",1992,1198.13031674085
YEM,"Yemen, Rep.",1991,1016.30223044813
YEM,"Yemen, Rep.",1990,910.422465960748
ZMB,Zambia,2020,951.644316655957
ZMB,Zambia,2019,1258.98619844462
ZMB,Zambia,2018,1463.89997855593
ZMB,Zambia,2017,1483.46577328065
ZMB,Zambia,2016,1239.08527877713
ZMB,Zambia,2015,1295.87788680068
ZMB,Zambia,2014,1707.48573136694
ZMB,Zambia,2013,1820.71854827391
ZMB,Zambia,2012,1710.05061343728
ZMB,Zambia,2011,1624.86817763443
ZMB,Zambia,2010,1451.10616017155
ZMB,Zambia,2009,1136.24168316848
ZMB,Zambia,2008,1375.50211006997
ZMB,Zambia,2007,1118.73162626953
ZMB,Zambia,2006,1051.71714895686
ZMB,Zambia,2005,710.982068171696
ZMB,Zambia,2004,548.685974566277
ZMB,Zambia,2003,446.290104839041
ZMB,Zambia,2002,393.864625518616
ZMB,Zambia,2001,396.548952993504
ZMB,Zambia,2000,359.429500988221
ZMB,Zambia,1999,349.515723095687
ZMB,Zambia,1998,373.084763057408
ZMB,Zambia,1997,465.871942164799
ZMB,Zambia,1996,399.511304742449
ZMB,Zambia,1995,433.312782642118
ZMB,Zambia,1994,426.386598390102
ZMB,Zambia,1993,390.916673784646
ZMB,Zambia,1992,389.254665832226
ZMB,Zambia,1991,423.071256835592
ZMB,Zambia,1990,422.336298804219
ZWE,Zimbabwe,2020,2059.63704025274
ZWE,Zimbabwe,2019,2184.52155388801
ZWE,Zimbabwe,2018,2270.89531874302
ZWE,Zimbabwe,2017,3445.44941020134
ZWE,Zimbabwe,2016,1408.13945253431
ZWE,Zimbabwe,2015,1387.12632595026
ZWE,Zimbabwe,2014,1372.91526173161
ZWE,Zimbabwe,2013,1362.99498323368
ZWE,Zimbabwe,2012,1239.22709745709
ZWE,Zimbabwe,2011,1037.77565157218
ZWE,Zimbabwe,2010,902.010759067388
ZWE,Zimbabwe,2009,735.821693871697
ZWE,Zimbabwe,2008,340.917447588572
ZWE,Zimbabwe,2007,413.521244592925
ZWE,Zimbabwe,2006,431.034994414964
ZWE,Zimbabwe,2005,461.271387547912
ZWE,Zimbabwe,2004,469.719298949304
ZWE,Zimbabwe,2003,468.471932927213
ZWE,Zimbabwe,2002,524.936478570323
ZWE,Zimbabwe,2001,566.388746448872
ZWE,Zimbabwe,2000,562.833757496076
ZWE,Zimbabwe,1999,582.299355588147
ZWE,Zimbabwe,1998,552.448328691252
ZWE,Zimbabwe,1997,750.583100340929
ZWE,Zimbabwe,1996,766.913775859535
ZWE,Zimbabwe,1995,648.315259628165
ZWE,Zimbabwe,1994,634.062003018813
ZWE,Zimbabwe,1993,604.70311652877
ZWE,Zimbabwe,1992,631.149149280088
ZWE,Zimbabwe,1991,830.961354818769
ZWE,Zimbabwe,1990,866.928868406131
