country_code,country,year,life_exp
AFE,Africa Eastern and Southern,2020,63.7664840026943
AFE,Africa Eastern and Southern,2019,63.8572612837043
AFE,Africa Eastern and Southern,2018,63.3306913582336
AFE,Africa Eastern and Southern,2017,62.5912750961501
AFE,Africa Eastern and Southern,2016,62.1679813169199
AFE,Africa Eastern and Southern,2015,61.713030523495
AFE,Africa Eastern and Southern,2014,61.251436015671
AFE,Africa Eastern and Southern,2013,60.895739752772
AFE,Africa Eastern and Southern,2012,60.2495123598467
AFE,Africa Eastern and Southern,2011,59.2000040300701
AFE,Africa Eastern and Southern,2010,58.8272792062821
AFE,Africa Eastern and Southern,2009,58.0955271436463
AFE,Africa Eastern and Southern,2008,57.2401063228798
AFE,Africa Eastern and Southern,2007,56.4843531784534
AFE,Africa Eastern and Southern,2006,55.6935152578453
AFE,Africa Eastern and Southern,2005,54.8076807136336
AFE,Africa Eastern and Southern,2004,54.1929278660434
AFE,Africa Eastern and Southern,2003,53.6783047685822
AFE,Africa Eastern and Southern,2002,53.2067443343026
AFE,Africa Eastern and Southern,2001,52.8755360536287
AFE,Africa Eastern and Southern,2000,52.5573418626777
AFE,Africa Eastern and Southern,1999,51.8070772449868
AFE,Africa Eastern and Southern,1998,51.3179554721368
AFE,Africa Eastern and Southern,1997,51.5708865171429
AFE,Africa Eastern and Southern,1996,51.3531898360738
AFE,Africa Eastern and Southern,1995,51.4820566813357
AFE,Africa Eastern and Southern,1994,50.9665887956464
AFE,Africa Eastern and Southern,1993,51.0737619133776
AFE,Africa Eastern and Southern,1992,50.7159460478921
AFE,Africa Eastern and Southern,1991,50.8732436063946
AFE,Africa Eastern and Southern,1990,51.0963264543047
AFW,Africa Western and Central,2020,57.3577091392887
AFW,Africa Western and Central,2019,57.1428268060515
AFW,Africa Western and Central,2018,57.0307711269764
AFW,Africa Western and Central,2017,56.6207642286762
AFW,Africa Western and Central,2016,56.3875627997136
AFW,Africa Western and Central,2015,56.0339962553159
AFW,Africa Western and Central,2014,55.691576869905
AFW,Africa Western and Central,2013,55.5516641369456
AFW,Africa Western and Central,2012,55.2898561158278
AFW,Africa Western and Central,2011,54.961240165203
AFW,Africa Western and Central,2010,54.6006466175842
AFW,Africa Western and Central,2009,53.8488138665276
AFW,Africa Western and Central,2008,53.9130304683259
AFW,Africa Western and Central,2007,53.4788420646953
AFW,Africa Western and Central,2006,52.9746257663093
AFW,Africa Western and Central,2005,52.5514240106227
AFW,Africa Western and Central,2004,52.1016113772048
AFW,Africa Western and Central,2003,51.5733887376781
AFW,Africa Western and Central,2002,51.1030145641167
AFW,Africa Western and Central,2001,50.6726047685125
AFW,Africa Western and Central,2000,50.292605166594
AFW,Africa Western and Central,1999,49.8182860014824
AFW,Africa Western and Central,1998,49.4472242370545
AFW,Africa Western and Central,1997,49.2137234078319
AFW,Africa Western and Central,1996,49.1062850491581
AFW,Africa Western and Central,1995,49.0214304749407
AFW,Africa Western and Central,1994,48.8530544120911
AFW,Africa Western and Central,1993,48.8480077142504
AFW,Africa Western and Central,1992,48.6813732746275
AFW,Africa Western and Central,1991,48.5234155652036
AFW,Africa Western and Central,1990,48.4511588733605
ARB,Arab World,2020,70.7265588103862
ARB,Arab World,2019,71.8398932674972
ARB,Arab World,2018,71.4312997859137
ARB,Arab World,2017,71.1128560080647
ARB,Arab World,2016,70.8964881164428
ARB,Arab World,2015,70.6580123695192
ARB,Arab World,2014,70.5350666310281
ARB,Arab World,2013,70.1921058451273
ARB,Arab World,2012,69.842316602094
ARB,Arab World,2011,69.3633376859826
ARB,Arab World,2010,69.8073221012027
ARB,Arab World,2009,69.7069035410593
ARB,Arab World,2008,69.2581327561764
ARB,Arab World,2007,68.8792264386993
ARB,Arab World,2006,68.4912652387812
ARB,Arab World,2005,68.0405024136348
ARB,Arab World,2004,67.7331029040443
ARB,Arab World,2003,67.6503349498777
ARB,Arab World,2002,67.5806302791343
ARB,Arab World,2001,67.2406170439926
ARB,Arab World,2000,66.8906998949344
ARB,Arab World,1999,66.5499343902957
ARB,Arab World,1998,66.1935792889826
ARB,Arab World,1997,65.8529924943129
ARB,Arab World,1996,65.5268890989846
ARB,Arab World,1995,65.2025060952802
ARB,Arab World,1994,64.8500832261274
ARB,Arab World,1993,64.6012801061363
ARB,Arab World,1992,63.5755762828725
ARB,Arab World,1991,62.8275066232407
ARB,Arab World,1990,62.7559727299802
CSS,Caribbean small states,2020,71.9394359303317
CSS,Caribbean small states,2019,72.1292604830284
CSS,Caribbean small states,2018,72.2210854022703
CSS,Caribbean small states,2017,72.1731041595093
CSS,Caribbean small states,2016,72.0516361154512
CSS,Caribbean small states,2015,71.8641021665476
CSS,Caribbean small states,2014,71.7739411761824
CSS,Caribbean small states,2013,71.5692506084297
CSS,Caribbean small states,2012,71.4019143290264
CSS,Caribbean small states,2011,71.266093287793
CSS,Caribbean small states,2010,71.0114366987074
CSS,Caribbean small states,2009,70.797737511813
CSS,Caribbean small states,2008,70.5499974705246
CSS,Caribbean small states,2007,70.2937333399206
CSS,Caribbean small states,2006,69.9344232165599
CSS,Caribbean small states,2005,69.6320513314341
CSS,Caribbean small states,2004,69.3609701933726
CSS,Caribbean small states,2003,69.0876488979237
CSS,Caribbean small states,2002,68.8997139018751
CSS,Caribbean small states,2001,68.6619722928042
CSS,Caribbean small states,2000,68.3976758324657
CSS,Caribbean small states,1999,68.2095641265771
CSS,Caribbean small states,1998,67.9849230739004
CSS,Caribbean small states,1997,67.7365433173653
CSS,Caribbean small states,1996,67.6264024288204
CSS,Caribbean small states,1995,67.5555715464801
CSS,Caribbean small states,1994,67.5216611384859
CSS,Caribbean small states,1993,67.4755646816358
CSS,Caribbean small states,1992,67.353289397098
CSS,Caribbean small states,1991,67.2193770605245
CSS,Caribbean small states,1990,67.0451505140017
CEB,Central Europe and the Baltics,2020,76.0162701269145
CEB,Central Europe and the Baltics,2019,77.2659141936307
CEB,Central Europe and the Baltics,2018,76.9764380835075
CEB,Central Europe and the Baltics,2017,76.929788715597
CEB,Central Europe and the Baltics,2016,76.9703062304413
CEB,Central Europe and the Baltics,2015,76.5755119772504
CEB,Central Europe and the Baltics,2014,76.6887696437325
CEB,Central Europe and the Baltics,2013,76.3747350098375
CEB,Central Europe and the Baltics,2012,76.0033944660035
CEB,Central Europe and the Baltics,2011,75.8884748834282
CEB,Central Europe and the Baltics,2010,75.2939657786314
CEB,Central Europe and the Baltics,2009,74.9303639266576
CEB,Central Europe and the Baltics,2008,74.5759526780779
CEB,Central Europe and the Baltics,2007,74.2506487210768
CEB,Central Europe and the Baltics,2006,74.0926027308098
CEB,Central Europe and the Baltics,2005,73.8449951359211
CEB,Central Europe and the Baltics,2004,73.7304349327381
CEB,Central Europe and the Baltics,2003,73.3822527825258
CEB,Central Europe and the Baltics,2002,73.2424154880921
CEB,Central Europe and the Baltics,2001,73.0961481937343
CEB,Central Europe and the Baltics,2000,72.719724722779
CEB,Central Europe and the Baltics,1999,72.1845610740875
CEB,Central Europe and the Baltics,1998,71.8982376759956
CEB,Central Europe and the Baltics,1997,71.5172580696822
CEB,Central Europe and the Baltics,1996,71.3360580189951
CEB,Central Europe and the Baltics,1995,71.0254214282891
CEB,Central Europe and the Baltics,1994,70.8695439447473
CEB,Central Europe and the Baltics,1993,70.8459866151448
CEB,Central Europe and the Baltics,1992,70.7328371314157
CEB,Central Europe and the Baltics,1991,70.5752213034774
CEB,Central Europe and the Baltics,1990,70.6563313372586
EAR,Early-demographic dividend,2020,69.8801308490982
EAR,Early-demographic dividend,2019,70.8424064605001
EAR,Early-demographic dividend,2018,70.5486659921504
EAR,Early-demographic dividend,2017,70.2729949393554
EAR,Early-demographic dividend,2016,69.9484837084835
EAR,Early-demographic dividend,2015,69.6305484421664
EAR,Early-demographic dividend,2014,69.3249758824304
EAR,Early-demographic dividend,2013,68.962837783411
EAR,Early-demographic dividend,2012,68.6094630284121
EAR,Early-demographic dividend,2011,68.2600380693651
EAR,Early-demographic dividend,2010,67.8244434669729
EAR,Early-demographic dividend,2009,67.496408245139
EAR,Early-demographic dividend,2008,67.0218187568003
EAR,Early-demographic dividend,2007,66.7605467353128
EAR,Early-demographic dividend,2006,66.3919300050345
EAR,Early-demographic dividend,2005,65.9797864104925
EAR,Early-demographic dividend,2004,65.5132392756465
EAR,Early-demographic dividend,2003,65.2791550496845
EAR,Early-demographic dividend,2002,64.9680746751559
EAR,Early-demographic dividend,2001,64.55670545203
EAR,Early-demographic dividend,2000,64.2196098284934
EAR,Early-demographic dividend,1999,63.7793798044262
EAR,Early-demographic dividend,1998,63.4369665976201
EAR,Early-demographic dividend,1997,63.0987415789804
EAR,Early-demographic dividend,1996,62.7427843008096
EAR,Early-demographic dividend,1995,62.4045286349908
EAR,Early-demographic dividend,1994,61.9773008421088
EAR,Early-demographic dividend,1993,61.7375698841275
EAR,Early-demographic dividend,1992,61.3966854252467
EAR,Early-demographic dividend,1991,60.9285000051494
EAR,Early-demographic dividend,1990,60.6383261325043
EAS,East Asia & Pacific,2020,76.5433946923267
EAS,East Asia & Pacific,2019,76.5862412994962
EAS,East Asia & Pacific,2018,76.3914229383171
EAS,East Asia & Pacific,2017,76.0789923585537
EAS,East Asia & Pacific,2016,75.9870166732102
EAS,East Asia & Pacific,2015,75.7926010192992
EAS,East Asia & Pacific,2014,75.5644270391791
EAS,East Asia & Pacific,2013,75.3347729864006
EAS,East Asia & Pacific,2012,75.1059726864745
EAS,East Asia & Pacific,2011,74.8252830592191
EAS,East Asia & Pacific,2010,74.6299790050688
EAS,East Asia & Pacific,2009,74.3683471715786
EAS,East Asia & Pacific,2008,73.8481629943997
EAS,East Asia & Pacific,2007,73.8948513504332
EAS,East Asia & Pacific,2006,73.5640440034614
EAS,East Asia & Pacific,2005,73.2984345512681
EAS,East Asia & Pacific,2004,72.812660596894
EAS,East Asia & Pacific,2003,72.7346908938812
EAS,East Asia & Pacific,2002,72.3571058107458
EAS,East Asia & Pacific,2001,72.0413059988773
EAS,East Asia & Pacific,2000,71.7028323240299
EAS,East Asia & Pacific,1999,71.367553266776
EAS,East Asia & Pacific,1998,71.0996369774154
EAS,East Asia & Pacific,1997,70.790128954889
EAS,East Asia & Pacific,1996,70.4333037747705
EAS,East Asia & Pacific,1995,70.0243977782735
EAS,East Asia & Pacific,1994,69.7609957361386
EAS,East Asia & Pacific,1993,69.4645680383496
EAS,East Asia & Pacific,1992,69.0651062725422
EAS,East Asia & Pacific,1991,68.6751933934946
EAS,East Asia & Pacific,1990,68.2825492584448
EAP,East Asia & Pacific (excluding high income),2020,75.6976393295064
EAP,East Asia & Pacific (excluding high income),2019,75.7689690321509
EAP,East Asia & Pacific (excluding high income),2018,75.57828618156
EAP,East Asia & Pacific (excluding high income),2017,75.2396714880306
EAP,East Asia & Pacific (excluding high income),2016,75.1559117663434
EAP,East Asia & Pacific (excluding high income),2015,74.9511243848739
EAP,East Asia & Pacific (excluding high income),2014,74.7194528121745
EAP,East Asia & Pacific (excluding high income),2013,74.4859323786011
EAP,East Asia & Pacific (excluding high income),2012,74.2597872053228
EAP,East Asia & Pacific (excluding high income),2011,73.9857453156401
EAP,East Asia & Pacific (excluding high income),2010,73.7616390609633
EAP,East Asia & Pacific (excluding high income),2009,73.4677878146597
EAP,East Asia & Pacific (excluding high income),2008,72.9241376220933
EAP,East Asia & Pacific (excluding high income),2007,72.9937536648265
EAP,East Asia & Pacific (excluding high income),2006,72.6518704363172
EAP,East Asia & Pacific (excluding high income),2005,72.3983266445825
EAP,East Asia & Pacific (excluding high income),2004,71.8588009229193
EAP,East Asia & Pacific (excluding high income),2003,71.80399562865
EAP,East Asia & Pacific (excluding high income),2002,71.3967499620569
EAP,East Asia & Pacific (excluding high income),2001,71.0740923872156
EAP,East Asia & Pacific (excluding high income),2000,70.7357071585237
EAP,East Asia & Pacific (excluding high income),1999,70.4226591214606
EAP,East Asia & Pacific (excluding high income),1998,70.1277624206179
EAP,East Asia & Pacific (excluding high income),1997,69.7948438007995
EAP,East Asia & Pacific (excluding high income),1996,69.4257385136911
EAP,East Asia & Pacific (excluding high income),1995,69.0308782434899
EAP,East Asia & Pacific (excluding high income),1994,68.7211784784976
EAP,East Asia & Pacific (excluding high income),1993,68.4232238260309
EAP,East Asia & Pacific (excluding high income),1992,68.000610788992
EAP,East Asia & Pacific (excluding high income),1991,67.5660002700394
EAP,East Asia & Pacific (excluding high income),1990,67.1505842545801
TEA,East Asia & Pacific (IDA & IBRD countries),2020,75.7338497054699
TEA,East Asia & Pacific (IDA & IBRD countries),2019,75.8042877234534
TEA,East Asia & Pacific (IDA & IBRD countries),2018,75.6101241544348
TEA,East Asia & Pacific (IDA & IBRD countries),2017,75.2671640185859
TEA,East Asia & Pacific (IDA & IBRD countries),2016,75.1832269955477
TEA,East Asia & Pacific (IDA & IBRD countries),2015,74.9777768374826
TEA,East Asia & Pacific (IDA & IBRD countries),2014,74.7479822020749
TEA,East Asia & Pacific (IDA & IBRD countries),2013,74.5190033698096
TEA,East Asia & Pacific (IDA & IBRD countries),2012,74.2971126258118
TEA,East Asia & Pacific (IDA & IBRD countries),2011,74.0266932049917
TEA,East Asia & Pacific (IDA & IBRD countries),2010,73.8065980873171
TEA,East Asia & Pacific (IDA & IBRD countries),2009,73.5161019563418
TEA,East Asia & Pacific (IDA & IBRD countries),2008,72.9707321912267
TEA,East Asia & Pacific (IDA & IBRD countries),2007,73.0450331089394
TEA,East Asia & Pacific (IDA & IBRD countries),2006,72.698344733116
TEA,East Asia & Pacific (IDA & IBRD countries),2005,72.440234089532
TEA,East Asia & Pacific (IDA & IBRD countries),2004,71.8921244592524
TEA,East Asia & Pacific (IDA & IBRD countries),2003,71.8352733706059
TEA,East Asia & Pacific (IDA & IBRD countries),2002,71.534352902059
TEA,East Asia & Pacific (IDA & IBRD countries),2001,71.2077369930428
TEA,East Asia & Pacific (IDA & IBRD countries),2000,70.8650826611101
TEA,East Asia & Pacific (IDA & IBRD countries),1999,70.5482866109716
TEA,East Asia & Pacific (IDA & IBRD countries),1998,70.2501544733824
TEA,East Asia & Pacific (IDA & IBRD countries),1997,69.9134519791432
TEA,East Asia & Pacific (IDA & IBRD countries),1996,69.5404594603161
TEA,East Asia & Pacific (IDA & IBRD countries),1995,69.1413699380372
TEA,East Asia & Pacific (IDA & IBRD countries),1994,68.6976175849428
TEA,East Asia & Pacific (IDA & IBRD countries),1993,68.3913925018719
TEA,East Asia & Pacific (IDA & IBRD countries),1992,67.9602940182907
TEA,East Asia & Pacific (IDA & IBRD countries),1991,67.5238103908208
TEA,East Asia & Pacific (IDA & IBRD countries),1990,67.1059418173639
EMU,Euro area,2020,81.3366927821764
EMU,Euro area,2019,82.1461011396487
EMU,Euro area,2018,81.8676373939947
EMU,Euro area,2017,81.747020423342
EMU,Euro area,2016,81.7681051866776
EMU,Euro area,2015,81.381552979083
EMU,Euro area,2014,81.7426558325458
EMU,Euro area,2013,81.3323585033306
EMU,Euro area,2012,81.0387114639645
EMU,Euro area,2011,81.0342959599905
EMU,Euro area,2010,80.5463865166925
EMU,Euro area,2009,80.304609573735
EMU,Euro area,2008,80.093489056692
EMU,Euro area,2007,79.8861982263507
EMU,Euro area,2006,79.6483122606306
EMU,Euro area,2005,79.2220583562048
EMU,Euro area,2004,79.0807404551257
EMU,Euro area,2003,78.5041960429858
EMU,Euro area,2002,78.47640957321
EMU,Euro area,2001,78.3814988457687
EMU,Euro area,2000,78.039870197159
EMU,Euro area,1999,77.7845407019916
EMU,Euro area,1998,77.5534412620789
EMU,Euro area,1997,77.3294604812935
EMU,Euro area,1996,76.9903570684
EMU,Euro area,1995,76.7339305428791
EMU,Euro area,1994,76.5828308487304
EMU,Euro area,1993,76.2825527048644
EMU,Euro area,1992,76.1821215982732
EMU,Euro area,1991,75.8510068576846
EMU,Euro area,1990,75.7055750121233
ECS,Europe & Central Asia,2020,77.1754769112247
ECS,Europe & Central Asia,2019,78.3038616280055
ECS,Europe & Central Asia,2018,78.030262884925
ECS,Europe & Central Asia,2017,77.8990078299354
ECS,Europe & Central Asia,2016,77.6812778388278
ECS,Europe & Central Asia,2015,77.3309344089138
ECS,Europe & Central Asia,2014,77.3535744682317
ECS,Europe & Central Asia,2013,77.0324350526049
ECS,Europe & Central Asia,2012,76.6804966624792
ECS,Europe & Central Asia,2011,76.4793686032862
ECS,Europe & Central Asia,2010,75.9953558296811
ECS,Europe & Central Asia,2009,75.6891993778767
ECS,Europe & Central Asia,2008,75.3023142874929
ECS,Europe & Central Asia,2007,75.0086537519123
ECS,Europe & Central Asia,2006,74.6397717965131
ECS,Europe & Central Asia,2005,74.1536447949151
ECS,Europe & Central Asia,2004,73.9880374819429
ECS,Europe & Central Asia,2003,73.5627467942119
ECS,Europe & Central Asia,2002,73.4464115251961
ECS,Europe & Central Asia,2001,73.3558243150228
ECS,Europe & Central Asia,2000,73.1137123890211
ECS,Europe & Central Asia,1999,72.8389666506017
ECS,Europe & Central Asia,1998,72.9146929766169
ECS,Europe & Central Asia,1997,72.6453011952902
ECS,Europe & Central Asia,1996,72.2499242620434
ECS,Europe & Central Asia,1995,71.830263572355
ECS,Europe & Central Asia,1994,71.6871244068541
ECS,Europe & Central Asia,1993,71.5316171824395
ECS,Europe & Central Asia,1992,71.8543270329612
ECS,Europe & Central Asia,1991,72.1536904147041
ECS,Europe & Central Asia,1990,72.1943876550158
ECA,Europe & Central Asia (excluding high income),2020,73.5536868675669
ECA,Europe & Central Asia (excluding high income),2019,74.8158340567546
ECA,Europe & Central Asia (excluding high income),2018,74.5927989243036
ECA,Europe & Central Asia (excluding high income),2017,74.4033539029016
ECA,Europe & Central Asia (excluding high income),2016,74.0313769065099
ECA,Europe & Central Asia (excluding high income),2015,73.755408258866
ECA,Europe & Central Asia (excluding high income),2014,73.4195161256746
ECA,Europe & Central Asia (excluding high income),2013,73.1258294397593
ECA,Europe & Central Asia (excluding high income),2012,72.6735984954506
ECA,Europe & Central Asia (excluding high income),2011,72.1509502224104
ECA,Europe & Central Asia (excluding high income),2010,71.9125911481178
ECA,Europe & Central Asia (excluding high income),2009,71.442292156273
ECA,Europe & Central Asia (excluding high income),2008,70.9743175160426
ECA,Europe & Central Asia (excluding high income),2007,70.5579786921334
ECA,Europe & Central Asia (excluding high income),2006,70.2178659389806
ECA,Europe & Central Asia (excluding high income),2005,69.9595147646973
ECA,Europe & Central Asia (excluding high income),2004,69.7911486482047
ECA,Europe & Central Asia (excluding high income),2003,69.5879019097604
ECA,Europe & Central Asia (excluding high income),2002,69.3187306210866
ECA,Europe & Central Asia (excluding high income),2001,69.0902777061194
ECA,Europe & Central Asia (excluding high income),2000,68.8570531906331
ECA,Europe & Central Asia (excluding high income),1999,68.2027797821178
ECA,Europe & Central Asia (excluding high income),1998,68.3390752647748
ECA,Europe & Central Asia (excluding high income),1997,68.0432457554526
ECA,Europe & Central Asia (excluding high income),1996,67.7208847902853
ECA,Europe & Central Asia (excluding high income),1995,67.4447367389633
ECA,Europe & Central Asia (excluding high income),1994,67.3074919162119
ECA,Europe & Central Asia (excluding high income),1993,67.0592633886878
ECA,Europe & Central Asia (excluding high income),1992,67.2516325508895
ECA,Europe & Central Asia (excluding high income),1991,68.0578562708201
ECA,Europe & Central Asia (excluding high income),1990,68.2078850416034
TEC,Europe & Central Asia (IDA & IBRD countries),2020,73.1492512511888
TEC,Europe & Central Asia (IDA & IBRD countries),2019,74.590946255432
TEC,Europe & Central Asia (IDA & IBRD countries),2018,74.2976622013592
TEC,Europe & Central Asia (IDA & IBRD countries),2017,74.1318681774556
TEC,Europe & Central Asia (IDA & IBRD countries),2016,73.6902109808947
TEC,Europe & Central Asia (IDA & IBRD countries),2015,73.3408132950813
TEC,Europe & Central Asia (IDA & IBRD countries),2014,73.0389491798356
TEC,Europe & Central Asia (IDA & IBRD countries),2013,72.7942035795041
TEC,Europe & Central Asia (IDA & IBRD countries),2012,72.3336150257883
TEC,Europe & Central Asia (IDA & IBRD countries),2011,71.9266644042886
TEC,Europe & Central Asia (IDA & IBRD countries),2010,71.4358973425353
TEC,Europe & Central Asia (IDA & IBRD countries),2009,71.0832338433596
TEC,Europe & Central Asia (IDA & IBRD countries),2008,70.5451641405676
TEC,Europe & Central Asia (IDA & IBRD countries),2007,70.1803431982885
TEC,Europe & Central Asia (IDA & IBRD countries),2006,69.6987479861711
TEC,Europe & Central Asia (IDA & IBRD countries),2005,69.1399718973032
TEC,Europe & Central Asia (IDA & IBRD countries),2004,69.0029078332647
TEC,Europe & Central Asia (IDA & IBRD countries),2003,68.6968166323048
TEC,Europe & Central Asia (IDA & IBRD countries),2002,68.5629095629382
TEC,Europe & Central Asia (IDA & IBRD countries),2001,68.5080250387666
TEC,Europe & Central Asia (IDA & IBRD countries),2000,68.3665797468115
TEC,Europe & Central Asia (IDA & IBRD countries),1999,68.1082557500204
TEC,Europe & Central Asia (IDA & IBRD countries),1998,68.476548332671
TEC,Europe & Central Asia (IDA & IBRD countries),1997,68.1346709972974
TEC,Europe & Central Asia (IDA & IBRD countries),1996,67.6689839886607
TEC,Europe & Central Asia (IDA & IBRD countries),1995,67.1259517928607
TEC,Europe & Central Asia (IDA & IBRD countries),1994,66.967721554268
TEC,Europe & Central Asia (IDA & IBRD countries),1993,66.9975364612732
TEC,Europe & Central Asia (IDA & IBRD countries),1992,67.7190874221605
TEC,Europe & Central Asia (IDA & IBRD countries),1991,68.6301496300886
TEC,Europe & Central Asia (IDA & IBRD countries),1990,68.8738472388555
EUU,European Union,2020,80.4414754678551
EUU,European Union,2019,81.3194524901835
EUU,European Union,2018,81.0303425240609
EUU,European Union,2017,80.9301511681956
EUU,European Union,2016,80.9529785979391
EUU,European Union,2015,80.5707965259
EUU,European Union,2014,80.8760173893061
EUU,European Union,2013,80.4734324600181
EUU,European Union,2012,80.1657773209271
EUU,European Union,2011,80.1439505204153
EUU,European Union,2010,79.6354307923887
EUU,European Union,2009,79.362438680677
EUU,European Union,2008,79.1296281887548
EUU,European Union,2007,78.9060450955774
EUU,European Union,2006,78.6721282949285
EUU,European Union,2005,78.2751410316852
EUU,European Union,2004,78.1178281794517
EUU,European Union,2003,77.5923748441053
EUU,European Union,2002,77.5340746440768
EUU,European Union,2001,77.4256390326754
EUU,European Union,2000,77.0782450771112
EUU,European Union,1999,76.7479622793438
EUU,European Union,1998,76.5133291555952
EUU,European Union,1997,76.2445492728609
EUU,European Union,1996,75.92681219796
EUU,European Union,1995,75.674162689793
EUU,European Union,1994,75.529313881825
EUU,European Union,1993,75.2586919339716
EUU,European Union,1992,75.1320469492226
EUU,European Union,1991,74.8156196057326
EUU,European Union,1990,74.7025399644901
HPC,Heavily indebted poor countries (HIPC),2020,63.0748180653434
HPC,Heavily indebted poor countries (HIPC),2019,63.0919384793173
HPC,Heavily indebted poor countries (HIPC),2018,62.8008051848255
HPC,Heavily indebted poor countries (HIPC),2017,62.3173413995614
HPC,Heavily indebted poor countries (HIPC),2016,62.005914221112
HPC,Heavily indebted poor countries (HIPC),2015,61.5637757860854
HPC,Heavily indebted poor countries (HIPC),2014,61.0420808723887
HPC,Heavily indebted poor countries (HIPC),2013,60.6299359643784
HPC,Heavily indebted poor countries (HIPC),2012,60.0870140052247
HPC,Heavily indebted poor countries (HIPC),2011,59.2312188364054
HPC,Heavily indebted poor countries (HIPC),2010,58.7335452944083
HPC,Heavily indebted poor countries (HIPC),2009,58.2402216249579
HPC,Heavily indebted poor countries (HIPC),2008,57.8565431037631
HPC,Heavily indebted poor countries (HIPC),2007,57.2467051523111
HPC,Heavily indebted poor countries (HIPC),2006,56.574273244383
HPC,Heavily indebted poor countries (HIPC),2005,55.7774195124879
HPC,Heavily indebted poor countries (HIPC),2004,55.1510876118445
HPC,Heavily indebted poor countries (HIPC),2003,54.6072034004947
HPC,Heavily indebted poor countries (HIPC),2002,54.0571476517769
HPC,Heavily indebted poor countries (HIPC),2001,53.534081588322
HPC,Heavily indebted poor countries (HIPC),2000,53.0016053702188
HPC,Heavily indebted poor countries (HIPC),1999,52.1639761075431
HPC,Heavily indebted poor countries (HIPC),1998,51.6840105029194
HPC,Heavily indebted poor countries (HIPC),1997,51.5918802906055
HPC,Heavily indebted poor countries (HIPC),1996,51.2584097766217
HPC,Heavily indebted poor countries (HIPC),1995,51.1149172636864
HPC,Heavily indebted poor countries (HIPC),1994,50.3138026476569
HPC,Heavily indebted poor countries (HIPC),1993,50.5309158141043
HPC,Heavily indebted poor countries (HIPC),1992,49.8824379377131
HPC,Heavily indebted poor countries (HIPC),1991,49.6362117885946
HPC,Heavily indebted poor countries (HIPC),1990,49.6690119146523
IBD,IBRD only,2020,73.2951356970762
IBD,IBRD only,2019,74.031271888226
IBD,IBRD only,2018,73.794943952938
IBD,IBRD only,2017,73.4857607809887
IBD,IBRD only,2016,73.2592309044272
IBD,IBRD only,2015,73.0328490236398
IBD,IBRD only,2014,72.7509651570745
IBD,IBRD only,2013,72.4633474422255
IBD,IBRD only,2012,72.1636704451454
IBD,IBRD only,2011,71.8270333930904
IBD,IBRD only,2010,71.5021795019761
IBD,IBRD only,2009,71.1602132108325
IBD,IBRD only,2008,70.7624457262186
IBD,IBRD only,2007,70.5142450680001
IBD,IBRD only,2006,70.1501236836392
IBD,IBRD only,2005,69.8265165341661
IBD,IBRD only,2004,69.3984001306866
IBD,IBRD only,2003,69.1727555942431
IBD,IBRD only,2002,68.9043764886684
IBD,IBRD only,2001,68.5847135093888
IBD,IBRD only,2000,68.2869649318369
IBD,IBRD only,1999,67.9673264507647
IBD,IBRD only,1998,67.7244400733993
IBD,IBRD only,1997,67.3967409138273
IBD,IBRD only,1996,67.025304422088
IBD,IBRD only,1995,66.6322482807213
IBD,IBRD only,1994,66.2560726849176
IBD,IBRD only,1993,65.9754422728565
IBD,IBRD only,1992,65.7241729370535
IBD,IBRD only,1991,65.475124648066
IBD,IBRD only,1990,65.1082721278043
IBT,IDA & IBRD total,2020,70.7501213262472
IBT,IDA & IBRD total,2019,71.3952528317139
IBT,IDA & IBRD total,2018,71.1543116878265
IBT,IDA & IBRD total,2017,70.8321134052096
IBT,IDA & IBRD total,2016,70.6151792552285
IBT,IDA & IBRD total,2015,70.3727711035674
IBT,IDA & IBRD total,2014,70.1214372145127
IBT,IDA & IBRD total,2013,69.8695763064636
IBT,IDA & IBRD total,2012,69.574186280902
IBT,IDA & IBRD total,2011,69.2357087629053
IBT,IDA & IBRD total,2010,68.9266614063009
IBT,IDA & IBRD total,2009,68.58797297018
IBT,IDA & IBRD total,2008,68.1843907566277
IBT,IDA & IBRD total,2007,67.9670001124436
IBT,IDA & IBRD total,2006,67.6024062399178
IBT,IDA & IBRD total,2005,67.2256354770038
IBT,IDA & IBRD total,2004,66.8247049419343
IBT,IDA & IBRD total,2003,66.5877558604324
IBT,IDA & IBRD total,2002,66.2945209481454
IBT,IDA & IBRD total,2001,65.9675772813036
IBT,IDA & IBRD total,2000,65.6568764523372
IBT,IDA & IBRD total,1999,65.2881256380568
IBT,IDA & IBRD total,1998,65.0012853792959
IBT,IDA & IBRD total,1997,64.733076637455
IBT,IDA & IBRD total,1996,64.3999778000763
IBT,IDA & IBRD total,1995,64.0778593656998
IBT,IDA & IBRD total,1994,63.7272449294539
IBT,IDA & IBRD total,1993,63.503539368631
IBT,IDA & IBRD total,1992,63.2546777879749
IBT,IDA & IBRD total,1991,62.9918046222159
IBT,IDA & IBRD total,1990,62.7732635893125
IDB,IDA blend,2020,60.8180066140619
IDB,IDA blend,2019,61.3259973798573
IDB,IDA blend,2018,61.0740542759518
IDB,IDA blend,2017,60.818392907263
IDB,IDA blend,2016,60.5761664527178
IDB,IDA blend,2015,60.2944946354402
IDB,IDA blend,2014,60.0998681978251
IDB,IDA blend,2013,59.8685731055257
IDB,IDA blend,2012,59.6305637403653
IDB,IDA blend,2011,59.364406133511
IDB,IDA blend,2010,59.0515129063523
IDB,IDA blend,2009,58.7507843707772
IDB,IDA blend,2008,58.4143046583873
IDB,IDA blend,2007,58.0600906051007
IDB,IDA blend,2006,57.7016203087693
IDB,IDA blend,2005,56.9989286118874
IDB,IDA blend,2004,57.0294559998555
IDB,IDA blend,2003,56.6359126305936
IDB,IDA blend,2002,56.270235525387
IDB,IDA blend,2001,55.889906446422
IDB,IDA blend,2000,55.5992722966425
IDB,IDA blend,1999,55.2249658950202
IDB,IDA blend,1998,54.8967990190859
IDB,IDA blend,1997,54.6534354528845
IDB,IDA blend,1996,54.6170968700042
IDB,IDA blend,1995,54.6459046354829
IDB,IDA blend,1994,54.6642328964788
IDB,IDA blend,1993,54.7603761029954
IDB,IDA blend,1992,54.783650974874
IDB,IDA blend,1991,54.8353887000916
IDB,IDA blend,1990,54.9664973426319
IDX,IDA only,2020,65.4148502167518
IDX,IDA only,2019,65.586275114442
IDX,IDA only,2018,65.1762396022628
IDX,IDA only,2017,64.6129528273956
IDX,IDA only,2016,64.3130750207169
IDX,IDA only,2015,63.8848479810589
IDX,IDA only,2014,63.6108317883765
IDX,IDA only,2013,63.3883167400328
IDX,IDA only,2012,62.962468993378
IDX,IDA only,2011,62.4359401192322
IDX,IDA only,2010,62.0465381671517
IDX,IDA only,2009,61.5371473230212
IDX,IDA only,2008,60.9000867842919
IDX,IDA only,2007,60.7328901331075
IDX,IDA only,2006,60.1817423826443
IDX,IDA only,2005,59.5374266334029
IDX,IDA only,2004,58.8719775064056
IDX,IDA only,2003,58.4895588317437
IDX,IDA only,2002,57.9268624074352
IDX,IDA only,2001,57.4095843162393
IDX,IDA only,2000,56.843202730123
IDX,IDA only,1999,56.0373584575258
IDX,IDA only,1998,55.3572541945218
IDX,IDA only,1997,55.2295575204067
IDX,IDA only,1996,54.7768088557122
IDX,IDA only,1995,54.4910697745614
IDX,IDA only,1994,53.9155574209372
IDX,IDA only,1993,53.6786742663188
IDX,IDA only,1992,53.1242446068874
IDX,IDA only,1991,52.4540767724865
IDX,IDA only,1990,52.8102291496244
IDA,IDA total,2020,63.8036707405637
IDA,IDA total,2019,64.0900291161311
IDA,IDA total,2018,63.732426814433
IDA,IDA total,2017,63.2751134869149
IDA,IDA total,2016,62.9933197277529
IDA,IDA total,2015,62.614846093746
IDA,IDA total,2014,62.3681207907556
IDA,IDA total,2013,62.1423584064168
IDA,IDA total,2012,61.7836144097129
IDA,IDA total,2011,61.3496821632737
IDA,IDA total,2010,60.9887312592622
IDA,IDA total,2009,60.5550916523175
IDA,IDA total,2008,60.02592521814
IDA,IDA total,2007,59.7951639068012
IDA,IDA total,2006,59.3132154681105
IDA,IDA total,2005,58.6492614977887
IDA,IDA total,2004,58.2280770979486
IDA,IDA total,2003,57.8426411102076
IDA,IDA total,2002,57.3489936510874
IDA,IDA total,2001,56.8798581050815
IDA,IDA total,2000,56.4104989348264
IDA,IDA total,1999,55.7552309366891
IDA,IDA total,1998,55.1975204310767
IDA,IDA total,1997,55.0299568553402
IDA,IDA total,1996,54.7215406221136
IDA,IDA total,1995,54.5445932787595
IDA,IDA total,1994,54.174153356852
IDA,IDA total,1993,54.0521369478466
IDA,IDA total,1992,53.697103081756
IDA,IDA total,1991,53.2748724672428
IDA,IDA total,1990,53.5505329511208
LTE,Late-demographic dividend,2020,76.6935638089228
LTE,Late-demographic dividend,2019,76.9979606258316
LTE,Late-demographic dividend,2018,76.7781489421434
LTE,Late-demographic dividend,2017,76.4174343501022
LTE,Late-demographic dividend,2016,76.2928997245812
LTE,Late-demographic dividend,2015,76.0762328807768
LTE,Late-demographic dividend,2014,75.8239893452747
LTE,Late-demographic dividend,2013,75.5790485316218
LTE,Late-demographic dividend,2012,75.2993648872023
LTE,Late-demographic dividend,2011,74.9999962879426
LTE,Late-demographic dividend,2010,74.7108209347901
LTE,Late-demographic dividend,2009,74.3481601286124
LTE,Late-demographic dividend,2008,73.9252633570755
LTE,Late-demographic dividend,2007,73.7749281005029
LTE,Late-demographic dividend,2006,73.3817363374868
LTE,Late-demographic dividend,2005,73.007214154553
LTE,Late-demographic dividend,2004,72.622308504374
LTE,Late-demographic dividend,2003,72.3420403334068
LTE,Late-demographic dividend,2002,71.9275718160017
LTE,Late-demographic dividend,2001,71.6274933298313
LTE,Late-demographic dividend,2000,71.2853076947069
LTE,Late-demographic dividend,1999,70.9988624371719
LTE,Late-demographic dividend,1998,70.769457575003
LTE,Late-demographic dividend,1997,70.4035763536864
LTE,Late-demographic dividend,1996,69.9942023811355
LTE,Late-demographic dividend,1995,69.5210327599019
LTE,Late-demographic dividend,1994,69.2040561673047
LTE,Late-demographic dividend,1993,68.9612707737103
LTE,Late-demographic dividend,1992,68.770129876965
LTE,Late-demographic dividend,1991,68.5532049716301
LTE,Late-demographic dividend,1990,68.2431140554747
LCN,Latin America & Caribbean,2020,73.1889367787058
LCN,Latin America & Caribbean,2019,75.2042598654921
LCN,Latin America & Caribbean,2018,75.052717198381
LCN,Latin America & Caribbean,2017,74.8318087892113
LCN,Latin America & Caribbean,2016,74.6774848833781
LCN,Latin America & Caribbean,2015,74.7432221893097
LCN,Latin America & Caribbean,2014,74.5608348669826
LCN,Latin America & Caribbean,2013,74.3809772735109
LCN,Latin America & Caribbean,2012,74.1643943654901
LCN,Latin America & Caribbean,2011,73.9248923022491
LCN,Latin America & Caribbean,2010,73.4093227755616
LCN,Latin America & Caribbean,2009,73.4422623291815
LCN,Latin America & Caribbean,2008,73.2561404095911
LCN,Latin America & Caribbean,2007,73.0593298775944
LCN,Latin America & Caribbean,2006,72.8332266680253
LCN,Latin America & Caribbean,2005,72.5638143751286
LCN,Latin America & Caribbean,2004,72.203823196463
LCN,Latin America & Caribbean,2003,71.878308455923
LCN,Latin America & Caribbean,2002,71.5629004971875
LCN,Latin America & Caribbean,2001,71.1505464911298
LCN,Latin America & Caribbean,2000,70.8691414957334
LCN,Latin America & Caribbean,1999,70.5489161767663
LCN,Latin America & Caribbean,1998,70.1597429021998
LCN,Latin America & Caribbean,1997,69.9622221194511
LCN,Latin America & Caribbean,1996,69.5658524577749
LCN,Latin America & Caribbean,1995,69.1860038199173
LCN,Latin America & Caribbean,1994,68.8002934223806
LCN,Latin America & Caribbean,1993,68.4262943768375
LCN,Latin America & Caribbean,1992,68.0909397835243
LCN,Latin America & Caribbean,1991,67.8238040154633
LCN,Latin America & Caribbean,1990,67.5066051855487
LAC,Latin America & Caribbean (excluding high income),2020,72.8521491389008
LAC,Latin America & Caribbean (excluding high income),2019,74.9415412899456
LAC,Latin America & Caribbean (excluding high income),2018,74.7784467692697
LAC,Latin America & Caribbean (excluding high income),2017,74.5563362550727
LAC,Latin America & Caribbean (excluding high income),2016,74.3981617062286
LAC,Latin America & Caribbean (excluding high income),2015,74.4738475625624
LAC,Latin America & Caribbean (excluding high income),2014,74.2961500729974
LAC,Latin America & Caribbean (excluding high income),2013,74.1119744203538
LAC,Latin America & Caribbean (excluding high income),2012,73.9046419624981
LAC,Latin America & Caribbean (excluding high income),2011,73.6572563740251
LAC,Latin America & Caribbean (excluding high income),2010,73.1176199242098
LAC,Latin America & Caribbean (excluding high income),2009,73.1637293630776
LAC,Latin America & Caribbean (excluding high income),2008,72.9784448770196
LAC,Latin America & Caribbean (excluding high income),2007,72.7789303182258
LAC,Latin America & Caribbean (excluding high income),2006,72.547009904381
LAC,Latin America & Caribbean (excluding high income),2005,72.2728732661841
LAC,Latin America & Caribbean (excluding high income),2004,71.9021929729155
LAC,Latin America & Caribbean (excluding high income),2003,71.5736738142404
LAC,Latin America & Caribbean (excluding high income),2002,71.2447484060795
LAC,Latin America & Caribbean (excluding high income),2001,70.8246679458028
LAC,Latin America & Caribbean (excluding high income),2000,70.5498986335483
LAC,Latin America & Caribbean (excluding high income),1999,70.2307319473221
LAC,Latin America & Caribbean (excluding high income),1998,69.8402897313292
LAC,Latin America & Caribbean (excluding high income),1997,69.6500555644035
LAC,Latin America & Caribbean (excluding high income),1996,69.2452481011101
LAC,Latin America & Caribbean (excluding high income),1995,68.8547351944501
LAC,Latin America & Caribbean (excluding high income),1994,68.4557287986117
LAC,Latin America & Caribbean (excluding high income),1993,68.0688162529843
LAC,Latin America & Caribbean (excluding high income),1992,67.7211583963268
LAC,Latin America & Caribbean (excluding high income),1991,67.4425298510588
LAC,Latin America & Caribbean (excluding high income),1990,67.1289430678739
TLA,Latin America & the Caribbean (IDA & IBRD countries),2020,73.0747493617473
TLA,Latin America & the Caribbean (IDA & IBRD countries),2019,75.1319711493442
TLA,Latin America & the Caribbean (IDA & IBRD countries),2018,74.9760978010797
TLA,Latin America & the Caribbean (IDA & IBRD countries),2017,74.7614101353626
TLA,Latin America & the Caribbean (IDA & IBRD countries),2016,74.5894794269073
TLA,Latin America & the Caribbean (IDA & IBRD countries),2015,74.6505904118153
TLA,Latin America & the Caribbean (IDA & IBRD countries),2014,74.4642031483392
TLA,Latin America & the Caribbean (IDA & IBRD countries),2013,74.2726524054357
TLA,Latin America & the Caribbean (IDA & IBRD countries),2012,74.0531427389642
TLA,Latin America & the Caribbean (IDA & IBRD countries),2011,73.8112572375492
TLA,Latin America & the Caribbean (IDA & IBRD countries),2010,73.2840381673624
TLA,Latin America & the Caribbean (IDA & IBRD countries),2009,73.3248238756312
TLA,Latin America & the Caribbean (IDA & IBRD countries),2008,73.133810817189
TLA,Latin America & the Caribbean (IDA & IBRD countries),2007,72.9337716205704
TLA,Latin America & the Caribbean (IDA & IBRD countries),2006,72.7029489273067
TLA,Latin America & the Caribbean (IDA & IBRD countries),2005,72.4275917225936
TLA,Latin America & the Caribbean (IDA & IBRD countries),2004,72.0585594152496
TLA,Latin America & the Caribbean (IDA & IBRD countries),2003,71.7199407794109
TLA,Latin America & the Caribbean (IDA & IBRD countries),2002,71.4081069056409
TLA,Latin America & the Caribbean (IDA & IBRD countries),2001,70.9952366364032
TLA,Latin America & the Caribbean (IDA & IBRD countries),2000,70.7184102333167
TLA,Latin America & the Caribbean (IDA & IBRD countries),1999,70.394156669931
TLA,Latin America & the Caribbean (IDA & IBRD countries),1998,70.0034671535312
TLA,Latin America & the Caribbean (IDA & IBRD countries),1997,69.8050183106203
TLA,Latin America & the Caribbean (IDA & IBRD countries),1996,69.4079548533645
TLA,Latin America & the Caribbean (IDA & IBRD countries),1995,69.025435617002
TLA,Latin America & the Caribbean (IDA & IBRD countries),1994,68.6306176493055
TLA,Latin America & the Caribbean (IDA & IBRD countries),1993,68.2498924640737
TLA,Latin America & the Caribbean (IDA & IBRD countries),1992,67.9012759219107
TLA,Latin America & the Caribbean (IDA & IBRD countries),1991,67.6211130708918
TLA,Latin America & the Caribbean (IDA & IBRD countries),1990,67.2980432149088
LDC,Least developed countries: UN classification,2020,64.8355012784588
LDC,Least developed countries: UN classification,2019,64.9756210416769
LDC,Least developed countries: UN classification,2018,64.6054293900193
LDC,Least developed countries: UN classification,2017,64.0368817418845
LDC,Least developed countries: UN classification,2016,63.726492423797
LDC,Least developed countries: UN classification,2015,63.3074864756394
LDC,Least developed countries: UN classification,2014,62.9617174792618
LDC,Least developed countries: UN classification,2013,62.7257554327064
LDC,Least developed countries: UN classification,2012,62.2276732048151
LDC,Least developed countries: UN classification,2011,61.5023936634084
LDC,Least developed countries: UN classification,2010,61.0428031511838
LDC,Least developed countries: UN classification,2009,60.5743561841469
LDC,Least developed countries: UN classification,2008,59.8135647530126
LDC,Least developed countries: UN classification,2007,59.6139962487597
LDC,Least developed countries: UN classification,2006,59.0169336288555
LDC,Least developed countries: UN classification,2005,58.3100149055359
LDC,Least developed countries: UN classification,2004,57.71121787803
LDC,Least developed countries: UN classification,2003,57.1743521785809
LDC,Least developed countries: UN classification,2002,56.5350287539977
LDC,Least developed countries: UN classification,2001,55.9858159581879
LDC,Least developed countries: UN classification,2000,55.4013109927151
LDC,Least developed countries: UN classification,1999,54.5658060244129
LDC,Least developed countries: UN classification,1998,53.8866015400869
LDC,Least developed countries: UN classification,1997,53.7265997211895
LDC,Least developed countries: UN classification,1996,53.2493842562998
LDC,Least developed countries: UN classification,1995,52.9419123237299
LDC,Least developed countries: UN classification,1994,52.2582548878349
LDC,Least developed countries: UN classification,1993,52.0067399641488
LDC,Least developed countries: UN classification,1992,51.392128629461
LDC,Least developed countries: UN classification,1991,50.667726306693
LDC,Least developed countries: UN classification,1990,51.0390684144602
LMY,Low & middle income,2020,70.6688288777218
LMY,Low & middle income,2019,71.2751936184695
LMY,Low & middle income,2018,71.0377085637557
LMY,Low & middle income,2017,70.7083294342373
LMY,Low & middle income,2016,70.5023449377455
LMY,Low & middle income,2015,70.2660277698023
LMY,Low & middle income,2014,70.0129747334528
LMY,Low & middle income,2013,69.7578943672838
LMY,Low & middle income,2012,69.4672754810116
LMY,Low & middle income,2011,69.1237816714452
LMY,Low & middle income,2010,68.829079801859
LMY,Low & middle income,2009,68.4826507476362
LMY,Low & middle income,2008,68.0858529818689
LMY,Low & middle income,2007,67.8705140876484
LMY,Low & middle income,2006,67.5165744610236
LMY,Low & middle income,2005,67.1609764802491
LMY,Low & middle income,2004,66.7485375374222
LMY,Low & middle income,2003,66.5206935734983
LMY,Low & middle income,2002,66.1730202625342
LMY,Low & middle income,2001,65.8252012990643
LMY,Low & middle income,2000,65.5026469068866
LMY,Low & middle income,1999,65.1111115143984
LMY,Low & middle income,1998,64.7822702330644
LMY,Low & middle income,1997,64.5183036945212
LMY,Low & middle income,1996,64.1959173550739
LMY,Low & middle income,1995,63.8949503200479
LMY,Low & middle income,1994,63.5836495158323
LMY,Low & middle income,1993,63.3332931145742
LMY,Low & middle income,1992,63.0071838099885
LMY,Low & middle income,1991,62.6720786703707
LMY,Low & middle income,1990,62.4191718397035
MEA,"Middle East, North Africa, Afghanistan & Pakistan",2020,69.9110789555644
MEA,"Middle East, North Africa, Afghanistan & Pakistan",2019,71.2438695042576
MEA,"Middle East, North Africa, Afghanistan & Pakistan",2018,70.9403213532696
MEA,"Middle East, North Africa, Afghanistan & Pakistan",2017,70.7096592741194
MEA,"Middle East, North Africa, Afghanistan & Pakistan",2016,70.4288635225293
MEA,"Middle East, North Africa, Afghanistan & Pakistan",2015,70.1510409297575
MEA,"Middle East, North Africa, Afghanistan & Pakistan",2014,69.9897867130321
MEA,"Middle East, North Africa, Afghanistan & Pakistan",2013,69.708340253746
MEA,"Middle East, North Africa, Afghanistan & Pakistan",2012,69.4551250054337
MEA,"Middle East, North Africa, Afghanistan & Pakistan",2011,69.3940300698411
MEA,"Middle East, North Africa, Afghanistan & Pakistan",2010,69.2105446964534
MEA,"Middle East, North Africa, Afghanistan & Pakistan",2009,68.9987213130448
MEA,"Middle East, North Africa, Afghanistan & Pakistan",2008,68.7041650814368
MEA,"Middle East, North Africa, Afghanistan & Pakistan",2007,68.346588319376
MEA,"Middle East, North Africa, Afghanistan & Pakistan",2006,68.0590796974229
MEA,"Middle East, North Africa, Afghanistan & Pakistan",2005,67.529947021124
MEA,"Middle East, North Africa, Afghanistan & Pakistan",2004,67.5318434649335
MEA,"Middle East, North Africa, Afghanistan & Pakistan",2003,67.083794061249
MEA,"Middle East, North Africa, Afghanistan & Pakistan",2002,66.9641479857025
MEA,"Middle East, North Africa, Afghanistan & Pakistan",2001,66.597196122581
MEA,"Middle East, North Africa, Afghanistan & Pakistan",2000,66.2225138150545
MEA,"Middle East, North Africa, Afghanistan & Pakistan",1999,65.8481545626508
MEA,"Middle East, North Africa, Afghanistan & Pakistan",1998,65.3905262967863
MEA,"Middle East, North Africa, Afghanistan & Pakistan",1997,65.0220554619783
MEA,"Middle East, North Africa, Afghanistan & Pakistan",1996,64.7646967701053
MEA,"Middle East, North Africa, Afghanistan & Pakistan",1995,64.4488985183879
MEA,"Middle East, North Africa, Afghanistan & Pakistan",1994,64.1689718038005
MEA,"Middle East, North Africa, Afghanistan & Pakistan",1993,64.0085648294676
MEA,"Middle East, North Africa, Afghanistan & Pakistan",1992,63.6456887458733
MEA,"Middle East, North Africa, Afghanistan & Pakistan",1991,63.1853756813512
MEA,"Middle East, North Africa, Afghanistan & Pakistan",1990,62.4064340378254
MNA,"Middle East, North Africa, Afghanistan & Pakistan (excluding high income)",2020,69.050634286622
MNA,"Middle East, North Africa, Afghanistan & Pakistan (excluding high income)",2019,70.417484585256
MNA,"Middle East, North Africa, Afghanistan & Pakistan (excluding high income)",2018,70.0733668958653
MNA,"Middle East, North Africa, Afghanistan & Pakistan (excluding high income)",2017,69.8141316373328
MNA,"Middle East, North Africa, Afghanistan & Pakistan (excluding high income)",2016,69.5328376363007
MNA,"Middle East, North Africa, Afghanistan & Pakistan (excluding high income)",2015,69.2873263613117
MNA,"Middle East, North Africa, Afghanistan & Pakistan (excluding high income)",2014,69.1715558421355
MNA,"Middle East, North Africa, Afghanistan & Pakistan (excluding high income)",2013,68.9136300385634
MNA,"Middle East, North Africa, Afghanistan & Pakistan (excluding high income)",2012,68.6913310388784
MNA,"Middle East, North Africa, Afghanistan & Pakistan (excluding high income)",2011,68.6624095113408
MNA,"Middle East, North Africa, Afghanistan & Pakistan (excluding high income)",2010,68.4912505131132
MNA,"Middle East, North Africa, Afghanistan & Pakistan (excluding high income)",2009,68.2744546682628
MNA,"Middle East, North Africa, Afghanistan & Pakistan (excluding high income)",2008,67.9910660173055
MNA,"Middle East, North Africa, Afghanistan & Pakistan (excluding high income)",2007,67.6503603993861
MNA,"Middle East, North Africa, Afghanistan & Pakistan (excluding high income)",2006,67.3815240346302
MNA,"Middle East, North Africa, Afghanistan & Pakistan (excluding high income)",2005,66.853402612801
MNA,"Middle East, North Africa, Afghanistan & Pakistan (excluding high income)",2004,66.8873537609515
MNA,"Middle East, North Africa, Afghanistan & Pakistan (excluding high income)",2003,66.4455527298438
MNA,"Middle East, North Africa, Afghanistan & Pakistan (excluding high income)",2002,66.3529323677295
MNA,"Middle East, North Africa, Afghanistan & Pakistan (excluding high income)",2001,65.9952073676464
MNA,"Middle East, North Africa, Afghanistan & Pakistan (excluding high income)",2000,65.6368471519478
MNA,"Middle East, North Africa, Afghanistan & Pakistan (excluding high income)",1999,65.2748261800046
MNA,"Middle East, North Africa, Afghanistan & Pakistan (excluding high income)",1998,64.8233679087773
MNA,"Middle East, North Africa, Afghanistan & Pakistan (excluding high income)",1997,64.4598684308186
MNA,"Middle East, North Africa, Afghanistan & Pakistan (excluding high income)",1996,64.2095358044498
MNA,"Middle East, North Africa, Afghanistan & Pakistan (excluding high income)",1995,63.9040214770717
MNA,"Middle East, North Africa, Afghanistan & Pakistan (excluding high income)",1994,63.6262493800491
MNA,"Middle East, North Africa, Afghanistan & Pakistan (excluding high income)",1993,63.4769595101973
MNA,"Middle East, North Africa, Afghanistan & Pakistan (excluding high income)",1992,63.120272467422
MNA,"Middle East, North Africa, Afghanistan & Pakistan (excluding high income)",1991,62.6673249254626
MNA,"Middle East, North Africa, Afghanistan & Pakistan (excluding high income)",1990,61.86242007335
TMN,"Middle East, North Africa, Afghanistan & Pakistan (IDA & IBRD)",2020,69.0090964026373
TMN,"Middle East, North Africa, Afghanistan & Pakistan (IDA & IBRD)",2019,70.3800917806817
TMN,"Middle East, North Africa, Afghanistan & Pakistan (IDA & IBRD)",2018,70.0368444388331
TMN,"Middle East, North Africa, Afghanistan & Pakistan (IDA & IBRD)",2017,69.7772409464567
TMN,"Middle East, North Africa, Afghanistan & Pakistan (IDA & IBRD)",2016,69.4961826399098
TMN,"Middle East, North Africa, Afghanistan & Pakistan (IDA & IBRD)",2015,69.2515348606398
TMN,"Middle East, North Africa, Afghanistan & Pakistan (IDA & IBRD)",2014,69.147274936726
TMN,"Middle East, North Africa, Afghanistan & Pakistan (IDA & IBRD)",2013,68.8786484698568
TMN,"Middle East, North Africa, Afghanistan & Pakistan (IDA & IBRD)",2012,68.6578262057094
TMN,"Middle East, North Africa, Afghanistan & Pakistan (IDA & IBRD)",2011,68.6299635824863
TMN,"Middle East, North Africa, Afghanistan & Pakistan (IDA & IBRD)",2010,68.4594967501144
TMN,"Middle East, North Africa, Afghanistan & Pakistan (IDA & IBRD)",2009,68.2479599816693
TMN,"Middle East, North Africa, Afghanistan & Pakistan (IDA & IBRD)",2008,67.9635063066435
TMN,"Middle East, North Africa, Afghanistan & Pakistan (IDA & IBRD)",2007,67.6216572647968
TMN,"Middle East, North Africa, Afghanistan & Pakistan (IDA & IBRD)",2006,67.3526959987589
TMN,"Middle East, North Africa, Afghanistan & Pakistan (IDA & IBRD)",2005,66.8201250398649
TMN,"Middle East, North Africa, Afghanistan & Pakistan (IDA & IBRD)",2004,66.8602521893277
TMN,"Middle East, North Africa, Afghanistan & Pakistan (IDA & IBRD)",2003,66.4165076290855
TMN,"Middle East, North Africa, Afghanistan & Pakistan (IDA & IBRD)",2002,66.3239554028688
TMN,"Middle East, North Africa, Afghanistan & Pakistan (IDA & IBRD)",2001,65.9712698137957
TMN,"Middle East, North Africa, Afghanistan & Pakistan (IDA & IBRD)",2000,65.6072409047927
TMN,"Middle East, North Africa, Afghanistan & Pakistan (IDA & IBRD)",1999,65.2399180377491
TMN,"Middle East, North Africa, Afghanistan & Pakistan (IDA & IBRD)",1998,64.7871175627443
TMN,"Middle East, North Africa, Afghanistan & Pakistan (IDA & IBRD)",1997,64.4229011265335
TMN,"Middle East, North Africa, Afghanistan & Pakistan (IDA & IBRD)",1996,64.1739479085054
TMN,"Middle East, North Africa, Afghanistan & Pakistan (IDA & IBRD)",1995,63.8697421757794
TMN,"Middle East, North Africa, Afghanistan & Pakistan (IDA & IBRD)",1994,63.5925284748733
TMN,"Middle East, North Africa, Afghanistan & Pakistan (IDA & IBRD)",1993,63.4463230673086
TMN,"Middle East, North Africa, Afghanistan & Pakistan (IDA & IBRD)",1992,63.089753921278
TMN,"Middle East, North Africa, Afghanistan & Pakistan (IDA & IBRD)",1991,62.6362276004953
TMN,"Middle East, North Africa, Afghanistan & Pakistan (IDA & IBRD)",1990,61.8297161964841
MIC,Middle income,2020,71.5113174647439
MIC,Middle income,2019,72.1773912892027
MIC,Middle income,2018,71.9484629361219
MIC,Middle income,2017,71.6459926445355
MIC,Middle income,2016,71.4300275716491
MIC,Middle income,2015,71.2016487222758
MIC,Middle income,2014,70.9352424200034
MIC,Middle income,2013,70.653650805728
MIC,Middle income,2012,70.3714424713366
MIC,Middle income,2011,70.0433399389519
MIC,Middle income,2010,69.7152724941539
MIC,Middle income,2009,69.3980951064878
MIC,Middle income,2008,68.9800130190862
MIC,Middle income,2007,68.7885219423492
MIC,Middle income,2006,68.4498049465259
MIC,Middle income,2005,68.1199928300658
MIC,Middle income,2004,67.7057737444581
MIC,Middle income,2003,67.4882937058145
MIC,Middle income,2002,67.1873346010373
MIC,Middle income,2001,66.8362757800678
MIC,Middle income,2000,66.5190293920721
MIC,Middle income,1999,66.1615874056695
MIC,Middle income,1998,65.8551230524083
MIC,Middle income,1997,65.5489037913222
MIC,Middle income,1996,65.2233859720393
MIC,Middle income,1995,64.8969792755709
MIC,Middle income,1994,64.5577806796851
MIC,Middle income,1993,64.2799227224791
MIC,Middle income,1992,63.9760231984236
MIC,Middle income,1991,63.620787235505
MIC,Middle income,1990,63.339720868789
NAC,North America,2020,77.4492825889982
NAC,North America,2019,79.1328897249464
NAC,North America,2018,78.960276789842
NAC,North America,2017,78.868288279967
NAC,North America,2016,78.8800103845064
NAC,North America,2015,79.0036254654542
NAC,North America,2014,79.135655352291
NAC,North America,2013,79.0411295925553
NAC,North America,2012,79.0322253270364
NAC,North America,2011,78.9234323511493
NAC,North America,2010,78.8169547045614
NAC,North America,2009,78.6547128363776
NAC,North America,2008,78.3038592516027
NAC,North America,2007,78.2395331531403
NAC,North America,2006,77.9690402937581
NAC,North America,2005,77.7462382909607
NAC,North America,2004,77.7343375427686
NAC,North America,2003,77.3002796759891
NAC,North America,2002,77.1919358768587
NAC,North America,2001,77.0883485337654
NAC,North America,2000,76.8850332429286
NAC,North America,1999,76.8047860395782
NAC,North America,1998,76.7819490135195
NAC,North America,1997,76.6253579363396
NAC,North America,1996,76.2440970663799
NAC,North America,1995,75.8554630666128
NAC,North America,1994,75.8429823471392
NAC,North America,1993,75.6464787218972
NAC,North America,1992,75.837971168818
NAC,North America,1991,75.5878135699287
NAC,North America,1990,75.4361985040414
OED,OECD members,2020,78.9578582698334
OED,OECD members,2019,80.2449221878264
OED,OECD members,2018,80.0273651713987
OED,OECD members,2017,79.9309175598336
OED,OECD members,2016,79.8914217482034
OED,OECD members,2015,79.7619467978058
OED,OECD members,2014,79.876650819389
OED,OECD members,2013,79.6249265687692
OED,OECD members,2012,79.429885982955
OED,OECD members,2011,79.2685938676768
OED,OECD members,2010,79.0473008520596
OED,OECD members,2009,78.8670589595977
OED,OECD members,2008,78.6146332445559
OED,OECD members,2007,78.4729454763552
OED,OECD members,2006,78.2501352258837
OED,OECD members,2005,77.953987145508
OED,OECD members,2004,77.8261405899935
OED,OECD members,2003,77.4260355491099
OED,OECD members,2002,77.2833606924084
OED,OECD members,2001,77.1207466135963
OED,OECD members,2000,76.8195165967813
OED,OECD members,1999,76.4944403452378
OED,OECD members,1998,76.3849265675108
OED,OECD members,1997,76.179185888832
OED,OECD members,1996,75.8475207335284
OED,OECD members,1995,75.4722903820899
OED,OECD members,1994,75.3716055852652
OED,OECD members,1993,75.0829574190709
OED,OECD members,1992,74.9803149628922
OED,OECD members,1991,74.7215702802414
OED,OECD members,1990,74.538567072286
OSS,Other small states,2020,72.5097097789427
OSS,Other small states,2019,72.6570116424877
OSS,Other small states,2018,72.4217850423792
OSS,Other small states,2017,72.1178742995091
OSS,Other small states,2016,71.7707341897413
OSS,Other small states,2015,71.4757935597765
OSS,Other small states,2014,71.0941610047193
OSS,Other small states,2013,70.8040790092001
OSS,Other small states,2012,70.3920318149408
OSS,Other small states,2011,69.9373436903887
OSS,Other small states,2010,69.566524844548
OSS,Other small states,2009,69.0687004196222
OSS,Other small states,2008,68.5798272966725
OSS,Other small states,2007,68.1699901591828
OSS,Other small states,2006,67.8310957913256
OSS,Other small states,2005,67.5574840535073
OSS,Other small states,2004,67.2249688020829
OSS,Other small states,2003,67.0073081269231
OSS,Other small states,2002,66.8105993387088
OSS,Other small states,2001,66.6129499326785
OSS,Other small states,2000,66.4385365444731
OSS,Other small states,1999,65.1053065248799
OSS,Other small states,1998,65.0252157448601
OSS,Other small states,1997,65.1946385702487
OSS,Other small states,1996,65.1970463137825
OSS,Other small states,1995,64.8449297144334
OSS,Other small states,1994,64.7556285715004
OSS,Other small states,1993,64.9694843018552
OSS,Other small states,1992,64.9885654346304
OSS,Other small states,1991,65.0261916750851
OSS,Other small states,1990,65.0247123780379
PSS,Pacific island small states,2020,68.3568108792759
PSS,Pacific island small states,2019,68.6421578303985
PSS,Pacific island small states,2018,68.5825887890247
PSS,Pacific island small states,2017,68.519287500513
PSS,Pacific island small states,2016,68.2856508563666
PSS,Pacific island small states,2015,68.1166096033138
PSS,Pacific island small states,2014,68.0376132124002
PSS,Pacific island small states,2013,68.0054625635404
PSS,Pacific island small states,2012,67.6660532253593
PSS,Pacific island small states,2011,68.0222810195532
PSS,Pacific island small states,2010,67.9059171883101
PSS,Pacific island small states,2009,67.4527929020498
PSS,Pacific island small states,2008,67.5747311016589
PSS,Pacific island small states,2007,67.3668379536838
PSS,Pacific island small states,2006,67.3577049121232
PSS,Pacific island small states,2005,67.2332794133166
PSS,Pacific island small states,2004,67.1038169577792
PSS,Pacific island small states,2003,66.9599297545214
PSS,Pacific island small states,2002,66.7584824574172
PSS,Pacific island small states,2001,67.0167243338519
PSS,Pacific island small states,2000,66.8914832838297
PSS,Pacific island small states,1999,66.999001761912
PSS,Pacific island small states,1998,66.8765066591632
PSS,Pacific island small states,1997,66.6807208082094
PSS,Pacific island small states,1996,66.5580295814554
PSS,Pacific island small states,1995,66.3962764207464
PSS,Pacific island small states,1994,66.2175038703264
PSS,Pacific island small states,1993,65.9809205557246
PSS,Pacific island small states,1992,65.8184307733139
PSS,Pacific island small states,1991,65.712646615018
PSS,Pacific island small states,1990,65.4079695743484
PST,Post-demographic dividend,2020,80.0657027820539
PST,Post-demographic dividend,2019,80.9699107710013
PST,Post-demographic dividend,2018,80.7434751770259
PST,Post-demographic dividend,2017,80.6648214527058
PST,Post-demographic dividend,2016,80.611199448631
PST,Post-demographic dividend,2015,80.4400588000625
PST,Post-demographic dividend,2014,80.5389847887351
PST,Post-demographic dividend,2013,80.2734408942833
PST,Post-demographic dividend,2012,80.088710974095
PST,Post-demographic dividend,2011,79.9443824717695
PST,Post-demographic dividend,2010,79.6785405516336
PST,Post-demographic dividend,2009,79.4684041481196
PST,Post-demographic dividend,2008,79.1456240590947
PST,Post-demographic dividend,2007,78.9805173339684
PST,Post-demographic dividend,2006,78.7291498117515
PST,Post-demographic dividend,2005,78.410884260835
PST,Post-demographic dividend,2004,78.3070690267902
PST,Post-demographic dividend,2003,77.8873480039422
PST,Post-demographic dividend,2002,77.771842585777
PST,Post-demographic dividend,2001,77.6340698596268
PST,Post-demographic dividend,2000,77.3513756471438
PST,Post-demographic dividend,1999,77.092735203919
PST,Post-demographic dividend,1998,76.9698452316562
PST,Post-demographic dividend,1997,76.7755552244692
PST,Post-demographic dividend,1996,76.4365491203333
PST,Post-demographic dividend,1995,76.0734629753437
PST,Post-demographic dividend,1994,76.0312406656581
PST,Post-demographic dividend,1993,75.7231520791668
PST,Post-demographic dividend,1992,75.7166150305185
PST,Post-demographic dividend,1991,75.6090759076253
PST,Post-demographic dividend,1990,75.473991731623
PRE,Pre-demographic dividend,2020,60.5007902438254
PRE,Pre-demographic dividend,2019,60.5564155644205
PRE,Pre-demographic dividend,2018,60.207194494983
PRE,Pre-demographic dividend,2017,59.5398409028105
PRE,Pre-demographic dividend,2016,59.2361026971089
PRE,Pre-demographic dividend,2015,58.9361548123525
PRE,Pre-demographic dividend,2014,58.608641358086
PRE,Pre-demographic dividend,2013,58.4505165351906
PRE,Pre-demographic dividend,2012,58.015496924455
PRE,Pre-demographic dividend,2011,57.3117928365729
PRE,Pre-demographic dividend,2010,57.1220509386403
PRE,Pre-demographic dividend,2009,56.509207413095
PRE,Pre-demographic dividend,2008,56.1355264401913
PRE,Pre-demographic dividend,2007,55.550345439484
PRE,Pre-demographic dividend,2006,54.9712541124866
PRE,Pre-demographic dividend,2005,54.3650816168261
PRE,Pre-demographic dividend,2004,53.7989567605991
PRE,Pre-demographic dividend,2003,53.2927125516406
PRE,Pre-demographic dividend,2002,52.7410145652031
PRE,Pre-demographic dividend,2001,52.2506407628639
PRE,Pre-demographic dividend,2000,51.7498417942543
PRE,Pre-demographic dividend,1999,51.0367885399355
PRE,Pre-demographic dividend,1998,50.3270896350795
PRE,Pre-demographic dividend,1997,50.4023801410372
PRE,Pre-demographic dividend,1996,50.1537039884381
PRE,Pre-demographic dividend,1995,50.1295103227986
PRE,Pre-demographic dividend,1994,50.0145764665431
PRE,Pre-demographic dividend,1993,49.5774347403617
PRE,Pre-demographic dividend,1992,49.0227917779228
PRE,Pre-demographic dividend,1991,48.8470953126042
PRE,Pre-demographic dividend,1990,48.9307310197861
SST,Small states,2020,71.8255552822673
SST,Small states,2019,72.0009607335469
SST,Small states,2018,71.8640735615265
SST,Small states,2017,71.6518752446228
SST,Small states,2016,71.3735507555474
SST,Small states,2015,71.1218770493238
SST,Small states,2014,70.850031877117
SST,Small states,2013,70.6156980246326
SST,Small states,2012,70.2725959153837
SST,Small states,2011,70.0014375655617
SST,Small states,2010,69.6933118913694
SST,Small states,2009,69.2706797451225
SST,Small states,2008,68.9208192339965
SST,Small states,2007,68.5761118394504
SST,Small states,2006,68.2773677005452
SST,Small states,2005,68.0184220231352
SST,Small states,2004,67.7344645790668
SST,Small states,2003,67.5137796957376
SST,Small states,2002,67.320533039585
SST,Small states,2001,67.1751397089871
SST,Small states,2000,66.9881018420458
SST,Small states,1999,66.1245021369021
SST,Small states,1998,65.9979318054306
SST,Small states,1997,66.018781748514
SST,Small states,1996,65.9790280185203
SST,Small states,1995,65.7224503098331
SST,Small states,1994,65.6344676001216
SST,Small states,1993,65.7266880347173
SST,Small states,1992,65.6862994591054
SST,Small states,1991,65.6629094328245
SST,Small states,1990,65.585573984719
SAS,South Asia,2020,70.3622206982499
SAS,South Asia,2019,70.9975623145981
SAS,South Asia,2018,70.6523573971364
SAS,South Asia,2017,70.2904723380061
SAS,South Asia,2016,69.9184707063298
SAS,South Asia,2015,69.5110334122263
SAS,South Asia,2014,69.1208563538772
SAS,South Asia,2013,68.6853288301062
SAS,South Asia,2012,68.2629615309516
SAS,South Asia,2011,67.8108394834024
SAS,South Asia,2010,67.3525068406787
SAS,South Asia,2009,66.84109704634
SAS,South Asia,2008,66.4314116387286
SAS,South Asia,2007,65.9890229742237
SAS,South Asia,2006,65.5691020177667
SAS,South Asia,2005,65.131596636791
SAS,South Asia,2004,64.5911610689622
SAS,South Asia,2003,64.2408303344517
SAS,South Asia,2002,63.7751981046195
SAS,South Asia,2001,63.2621106390743
SAS,South Asia,2000,62.8036305165364
SAS,South Asia,1999,62.2946275399582
SAS,South Asia,1998,61.8215419198501
SAS,South Asia,1997,61.3682134088457
SAS,South Asia,1996,60.9188482954283
SAS,South Asia,1995,60.4870544448028
SAS,South Asia,1994,60.0784359785787
SAS,South Asia,1993,59.6399172274896
SAS,South Asia,1992,59.2393230868812
SAS,South Asia,1991,58.5496193401874
SAS,South Asia,1990,58.406615379707
TSA,South Asia (IDA & IBRD),2020,70.3622206982499
TSA,South Asia (IDA & IBRD),2019,70.9975623145981
TSA,South Asia (IDA & IBRD),2018,70.6523573971364
TSA,South Asia (IDA & IBRD),2017,70.2904723380061
TSA,South Asia (IDA & IBRD),2016,69.9184707063298
TSA,South Asia (IDA & IBRD),2015,69.5110334122263
TSA,South Asia (IDA & IBRD),2014,69.1208563538772
TSA,South Asia (IDA & IBRD),2013,68.6853288301062
TSA,South Asia (IDA & IBRD),2012,68.2629615309516
TSA,South Asia (IDA & IBRD),2011,67.8108394834024
TSA,South Asia (IDA & IBRD),2010,67.3525068406787
TSA,South Asia (IDA & IBRD),2009,66.84109704634
TSA,South Asia (IDA & IBRD),2008,66.4314116387286
TSA,South Asia (IDA & IBRD),2007,65.9890229742236
TSA,South Asia (IDA & IBRD),2006,65.5691020177667
TSA,South Asia (IDA & IBRD),2005,65.131596636791
TSA,South Asia (IDA & IBRD),2004,64.5911610689622
TSA,South Asia (IDA & IBRD),2003,64.2408303344517
TSA,South Asia (IDA & IBRD),2002,63.7751981046195
TSA,South Asia (IDA & IBRD),2001,63.2621106390743
TSA,South Asia (IDA & IBRD),2000,62.8036305165364
TSA,South Asia (IDA & IBRD),1999,62.2946275399582
TSA,South Asia (IDA & IBRD),1998,61.8215419198501
TSA,South Asia (IDA & IBRD),1997,61.3682134088457
TSA,South Asia (IDA & IBRD),1996,60.9188482954284
TSA,South Asia (IDA & IBRD),1995,60.4870544448028
TSA,South Asia (IDA & IBRD),1994,60.0784359785787
TSA,South Asia (IDA & IBRD),1993,59.6399172274896
TSA,South Asia (IDA & IBRD),1992,59.2393230868812
TSA,South Asia (IDA & IBRD),1991,58.5496193401874
TSA,South Asia (IDA & IBRD),1990,58.406615379707
SSF,Sub-Saharan Africa,2020,61.1676740309985
SSF,Sub-Saharan Africa,2019,61.129417043288
SSF,Sub-Saharan Africa,2018,60.7668941967258
SSF,Sub-Saharan Africa,2017,60.1584852136877
SSF,Sub-Saharan Africa,2016,59.8122443592399
SSF,Sub-Saharan Africa,2015,59.3988936826923
SSF,Sub-Saharan Africa,2014,58.985759679416
SSF,Sub-Saharan Africa,2013,58.7182244214244
SSF,Sub-Saharan Africa,2012,58.2283469511484
SSF,Sub-Saharan Africa,2011,57.4734640185534
SSF,Sub-Saharan Africa,2010,57.107097844285
SSF,Sub-Saharan Africa,2009,56.367784162949
SSF,Sub-Saharan Africa,2008,55.8870079518376
SSF,Sub-Saharan Africa,2007,55.2628174960913
SSF,Sub-Saharan Africa,2006,54.589354695264
SSF,Sub-Saharan Africa,2005,53.8922539208949
SSF,Sub-Saharan Africa,2004,53.3453281368772
SSF,Sub-Saharan Africa,2003,52.8261333445824
SSF,Sub-Saharan Africa,2002,52.3560404373729
SSF,Sub-Saharan Africa,2001,51.9857897497051
SSF,Sub-Saharan Africa,2000,51.6437803457957
SSF,Sub-Saharan Africa,1999,51.0055525880133
SSF,Sub-Saharan Africa,1998,50.5644729043157
SSF,Sub-Saharan Africa,1997,50.6224175104891
SSF,Sub-Saharan Africa,1996,50.4499440601937
SSF,Sub-Saharan Africa,1995,50.4933944156576
SSF,Sub-Saharan Africa,1994,50.1180871731902
SSF,Sub-Saharan Africa,1993,50.1802046800686
SSF,Sub-Saharan Africa,1992,49.8987833289639
SSF,Sub-Saharan Africa,1991,49.93000144535
SSF,Sub-Saharan Africa,1990,50.0338461441483
SSA,Sub-Saharan Africa (excluding high income),2020,61.1663194682411
SSA,Sub-Saharan Africa (excluding high income),2019,61.1283093108513
SSA,Sub-Saharan Africa (excluding high income),2018,60.7658407661798
SSA,Sub-Saharan Africa (excluding high income),2017,60.1572303772595
SSA,Sub-Saharan Africa (excluding high income),2016,59.8109397138943
SSA,Sub-Saharan Africa (excluding high income),2015,59.3975354580919
SSA,Sub-Saharan Africa (excluding high income),2014,58.9844549293868
SSA,Sub-Saharan Africa (excluding high income),2013,58.716889879682
SSA,Sub-Saharan Africa (excluding high income),2012,58.2268465604768
SSA,Sub-Saharan Africa (excluding high income),2011,57.472012962771
SSA,Sub-Saharan Africa (excluding high income),2010,57.1054824459401
SSA,Sub-Saharan Africa (excluding high income),2009,56.3661066129672
SSA,Sub-Saharan Africa (excluding high income),2008,55.8852324866472
SSA,Sub-Saharan Africa (excluding high income),2007,55.2609700981639
SSA,Sub-Saharan Africa (excluding high income),2006,54.5874922955175
SSA,Sub-Saharan Africa (excluding high income),2005,53.8903142647049
SSA,Sub-Saharan Africa (excluding high income),2004,53.3432269082173
SSA,Sub-Saharan Africa (excluding high income),2003,52.8240910544882
SSA,Sub-Saharan Africa (excluding high income),2002,52.3538567888642
SSA,Sub-Saharan Africa (excluding high income),2001,51.9833195606955
SSA,Sub-Saharan Africa (excluding high income),2000,51.6412613573806
SSA,Sub-Saharan Africa (excluding high income),1999,51.002924661408
SSA,Sub-Saharan Africa (excluding high income),1998,50.5618852600868
SSA,Sub-Saharan Africa (excluding high income),1997,50.6198844863416
SSA,Sub-Saharan Africa (excluding high income),1996,50.4473088660328
SSA,Sub-Saharan Africa (excluding high income),1995,50.4906160909731
SSA,Sub-Saharan Africa (excluding high income),1994,50.115452043783
SSA,Sub-Saharan Africa (excluding high income),1993,50.1777388734762
SSA,Sub-Saharan Africa (excluding high income),1992,49.8960403442591
SSA,Sub-Saharan Africa (excluding high income),1991,49.9272665472246
SSA,Sub-Saharan Africa (excluding high income),1990,50.0314347658802
TSS,Sub-Saharan Africa (IDA & IBRD countries),2020,61.1676740309985
TSS,Sub-Saharan Africa (IDA & IBRD countries),2019,61.129417043288
TSS,Sub-Saharan Africa (IDA & IBRD countries),2018,60.7668941967258
TSS,Sub-Saharan Africa (IDA & IBRD countries),2017,60.1584852136877
TSS,Sub-Saharan Africa (IDA & IBRD countries),2016,59.8122443592399
TSS,Sub-Saharan Africa (IDA & IBRD countries),2015,59.3988936826923
TSS,Sub-Saharan Africa (IDA & IBRD countries),2014,58.985759679416
TSS,Sub-Saharan Africa (IDA & IBRD countries),2013,58.7182244214244
TSS,Sub-Saharan Africa (IDA & IBRD countries),2012,58.2283469511484
TSS,Sub-Saharan Africa (IDA & IBRD countries),2011,57.4734640185534
TSS,Sub-Saharan Africa (IDA & IBRD countries),2010,57.107097844285
TSS,Sub-Saharan Africa (IDA & IBRD countries),2009,56.367784162949
TSS,Sub-Saharan Africa (IDA & IBRD countries),2008,55.8870079518376
TSS,Sub-Saharan Africa (IDA & IBRD countries),2007,55.2628174960913
TSS,Sub-Saharan Africa (IDA & IBRD countries),2006,54.589354695264
TSS,Sub-Saharan Africa (IDA & IBRD countries),2005,53.8922539208949
TSS,Sub-Saharan Africa (IDA & IBRD countries),2004,53.3453281368772
TSS,Sub-Saharan Africa (IDA & IBRD countries),2003,52.8261333445824
TSS,Sub-Saharan Africa (IDA & IBRD countries),2002,52.3560404373729
TSS,Sub-Saharan Africa (IDA & IBRD countries),2001,51.9857897497051
TSS,Sub-Saharan Africa (IDA & IBRD countries),2000,51.6437803457957
TSS,Sub-Saharan Africa (IDA & IBRD countries),1999,51.0055525880133
TSS,Sub-Saharan Africa (IDA & IBRD countries),1998,50.5644729043157
TSS,Sub-Saharan Africa (IDA & IBRD countries),1997,50.6224175104891
TSS,Sub-Saharan Africa (IDA & IBRD countries),1996,50.4499440601937
TSS,Sub-Saharan Africa (IDA & IBRD countries),1995,50.4933944156576
TSS,Sub-Saharan Africa (IDA & IBRD countries),1994,50.1180871731901
TSS,Sub-Saharan Africa (IDA & IBRD countries),1993,50.1802046800686
TSS,Sub-Saharan Africa (IDA & IBRD countries),1992,49.8987833289639
TSS,Sub-Saharan Africa (IDA & IBRD countries),1991,49.93000144535
TSS,Sub-Saharan Africa (IDA & IBRD countries),1990,50.0338461441483
WLD,World,2020,72.1832040176208
WLD,World,2019,72.869911203356
WLD,World,2018,72.6442408544831
WLD,World,2017,72.3662967648278
WLD,World,2016,72.1858228976022
WLD,World,2015,71.9656376386893
WLD,World,2014,71.7763867362613
WLD,World,2013,71.5334887297047
WLD,World,2012,71.2645542969028
WLD,World,2011,70.9688028224075
WLD,World,2010,70.6826307784169
WLD,World,2009,70.3803491247646
WLD,World,2008,70.0043236169628
WLD,World,2007,69.8049778312625
WLD,World,2006,69.4690022328376
WLD,World,2005,69.111445965915
WLD,World,2004,68.7710985282211
WLD,World,2003,68.5157832704694
WLD,World,2002,68.2313680755001
WLD,World,2001,67.9451852910729
WLD,World,2000,67.6504778738489
WLD,World,1999,67.3121942863677
WLD,World,1998,67.0666353847454
WLD,World,1997,66.8309307807022
WLD,World,1996,66.5154326237584
WLD,World,1995,66.2008974348323
WLD,World,1994,65.9586214931772
WLD,World,1993,65.742736646679
WLD,World,1992,65.5476873001237
WLD,World,1991,65.3038759534727
WLD,World,1990,65.1085564186251
AFG,Afghanistan,2020,61.454
AFG,Afghanistan,2019,62.941
AFG,Afghanistan,2018,62.443
AFG,Afghanistan,2017,62.406
AFG,Afghanistan,2016,62.646
AFG,Afghanistan,2015,62.27
AFG,Afghanistan,2014,62.26
AFG,Afghanistan,2013,62.188
AFG,Afghanistan,2012,61.735
AFG,Afghanistan,2011,61.25
AFG,Afghanistan,2010,60.702
AFG,Afghanistan,2009,60.248
AFG,Afghanistan,2008,59.708
AFG,Afghanistan,2007,58.956
AFG,Afghanistan,2006,58.553
AFG,Afghanistan,2005,58.247
AFG,Afghanistan,2004,57.81
AFG,Afghanistan,2003,57.171
AFG,Afghanistan,2002,56.225
AFG,Afghanistan,2001,55.511
AFG,Afghanistan,2000,55.005
AFG,Afghanistan,1999,54.532
AFG,Afghanistan,1998,52.487
AFG,Afghanistan,1997,53.212
AFG,Afghanistan,1996,52.83
AFG,Afghanistan,1995,52.103
AFG,Afghanistan,1994,50.969
AFG,Afghanistan,1993,51.021
AFG,Afghanistan,1992,46.569
AFG,Afghanistan,1991,45.521
AFG,Afghanistan,1990,45.118
ALB,Albania,2020,77.824
ALB,Albania,2019,79.467
ALB,Albania,2018,79.238
ALB,Albania,2017,78.9
ALB,Albania,2016,78.643
ALB,Albania,2015,78.358
ALB,Albania,2014,78.029
ALB,Albania,2013,77.995
ALB,Albania,2012,78.084
ALB,Albania,2011,78.303
ALB,Albania,2010,78.414
ALB,Albania,2009,78.509
ALB,Albania,2008,78.248
ALB,Albania,2007,77.691
ALB,Albania,2006,76.994
ALB,Albania,2005,76.427
ALB,Albania,2004,75.951
ALB,Albania,2003,75.557
ALB,Albania,2002,75.299
ALB,Albania,2001,75.083
ALB,Albania,2000,74.826
ALB,Albania,1999,74.568
ALB,Albania,1998,74.357
ALB,Albania,1997,73.383
ALB,Albania,1996,74.113
ALB,Albania,1995,74.022
ALB,Albania,1994,73.837
ALB,Albania,1993,73.638
ALB,Albania,1992,73.303
ALB,Albania,1991,73.001
ALB,Albania,1990,72.71
DZA,Algeria,2020,73.257
DZA,Algeria,2019,75.682
DZA,Algeria,2018,75.555
DZA,Algeria,2017,75.431
DZA,Algeria,2016,75.31
DZA,Algeria,2015,75.159
DZA,Algeria,2014,74.992
DZA,Algeria,2013,74.809
DZA,Algeria,2012,74.609
DZA,Algeria,2011,74.383
DZA,Algeria,2010,74.144
DZA,Algeria,2009,73.871
DZA,Algeria,2008,73.618
DZA,Algeria,2007,73.346
DZA,Algeria,2006,73.116
DZA,Algeria,2005,72.836
DZA,Algeria,2004,72.536
DZA,Algeria,2003,71.906
DZA,Algeria,2002,71.644
DZA,Algeria,2001,71.025
DZA,Algeria,2000,70.576
DZA,Algeria,1999,70.088
DZA,Algeria,1998,69.327
DZA,Algeria,1997,68.859
DZA,Algeria,1996,68.219
DZA,Algeria,1995,67.691
DZA,Algeria,1994,67.284
DZA,Algeria,1993,67.797
DZA,Algeria,1992,67.725
DZA,Algeria,1991,67.692
DZA,Algeria,1990,67.658
ASM,American Samoa,2020,72.672
ASM,American Samoa,2019,72.751
ASM,American Samoa,2018,72.794
ASM,American Samoa,2017,72.801
ASM,American Samoa,2016,72.64
ASM,American Samoa,2015,72.654
ASM,American Samoa,2014,72.687
ASM,American Samoa,2013,72.769
ASM,American Samoa,2012,72.709
ASM,American Samoa,2011,72.662
ASM,American Samoa,2010,72.587
ASM,American Samoa,2009,70.839
ASM,American Samoa,2008,72.43
ASM,American Samoa,2007,72.365
ASM,American Samoa,2006,72.397
ASM,American Samoa,2005,72.382
ASM,American Samoa,2004,72.277
ASM,American Samoa,2003,71.698
ASM,American Samoa,2002,71.755
ASM,American Samoa,2001,71.573
ASM,American Samoa,2000,71.443
ASM,American Samoa,1999,71.484
ASM,American Samoa,1998,71.542
ASM,American Samoa,1997,71.606
ASM,American Samoa,1996,71.576
ASM,American Samoa,1995,71.565
ASM,American Samoa,1994,71.569
ASM,American Samoa,1993,71.54
ASM,American Samoa,1992,71.511
ASM,American Samoa,1991,71.312
ASM,American Samoa,1990,71.107
AND,Andorra,2020,79.418
AND,Andorra,2019,84.098
AND,Andorra,2018,84.242
AND,Andorra,2017,84.359
AND,Andorra,2016,84.489
AND,Andorra,2015,84.532
AND,Andorra,2014,84.485
AND,Andorra,2013,84.406
AND,Andorra,2012,84.334
AND,Andorra,2011,84.296
AND,Andorra,2010,84.197
AND,Andorra,2009,84.1
AND,Andorra,2008,83.855
AND,Andorra,2007,83.632
AND,Andorra,2006,83.374
AND,Andorra,2005,83.086
AND,Andorra,2004,82.815
AND,Andorra,2003,82.718
AND,Andorra,2002,82.448
AND,Andorra,2001,82.162
AND,Andorra,2000,81.863
AND,Andorra,1999,81.55
AND,Andorra,1998,81.28
AND,Andorra,1997,81.145
AND,Andorra,1996,81.009
AND,Andorra,1995,80.804
AND,Andorra,1994,80.587
AND,Andorra,1993,80.186
AND,Andorra,1992,79.794
AND,Andorra,1991,79.346
AND,Andorra,1990,78.961
AGO,Angola,2020,63.116
AGO,Angola,2019,63.051
AGO,Angola,2018,62.622
AGO,Angola,2017,62.122
AGO,Angola,2016,61.619
AGO,Angola,2015,61.042
AGO,Angola,2014,60.396
AGO,Angola,2013,59.705
AGO,Angola,2012,58.916
AGO,Angola,2011,58.093
AGO,Angola,2010,57.242
AGO,Angola,2009,56.225
AGO,Angola,2008,55.281
AGO,Angola,2007,54.2
AGO,Angola,2006,52.965
AGO,Angola,2005,52.13
AGO,Angola,2004,51.123
AGO,Angola,2003,50.218
AGO,Angola,2002,47.874
AGO,Angola,2001,47.032
AGO,Angola,2000,46.501
AGO,Angola,1999,45.808
AGO,Angola,1998,45.452
AGO,Angola,1997,46.688
AGO,Angola,1996,46.418
AGO,Angola,1995,46.139
AGO,Angola,1994,43.567
AGO,Angola,1993,42.19
AGO,Angola,1992,42.267
AGO,Angola,1991,43.812
AGO,Angola,1990,41.854
ATG,Antigua and Barbuda,2020,77.161
ATG,Antigua and Barbuda,2019,77.168
ATG,Antigua and Barbuda,2018,77.132
ATG,Antigua and Barbuda,2017,77.03
ATG,Antigua and Barbuda,2016,76.968
ATG,Antigua and Barbuda,2015,76.892
ATG,Antigua and Barbuda,2014,76.912
ATG,Antigua and Barbuda,2013,77.05
ATG,Antigua and Barbuda,2012,77.1
ATG,Antigua and Barbuda,2011,77.023
ATG,Antigua and Barbuda,2010,76.701
ATG,Antigua and Barbuda,2009,76.386
ATG,Antigua and Barbuda,2008,76.075
ATG,Antigua and Barbuda,2007,75.72
ATG,Antigua and Barbuda,2006,75.506
ATG,Antigua and Barbuda,2005,75.364
ATG,Antigua and Barbuda,2004,75.329
ATG,Antigua and Barbuda,2003,75.313
ATG,Antigua and Barbuda,2002,75.237
ATG,Antigua and Barbuda,2001,75.108
ATG,Antigua and Barbuda,2000,74.819
ATG,Antigua and Barbuda,1999,74.456
ATG,Antigua and Barbuda,1998,74.187
ATG,Antigua and Barbuda,1997,74.045
ATG,Antigua and Barbuda,1996,73.839
ATG,Antigua and Barbuda,1995,73.576
ATG,Antigua and Barbuda,1994,73.493
ATG,Antigua and Barbuda,1993,73.39
ATG,Antigua and Barbuda,1992,73.386
ATG,Antigua and Barbuda,1991,73.472
ATG,Antigua and Barbuda,1990,73.602
ARG,Argentina,2020,75.878
ARG,Argentina,2019,76.847
ARG,Argentina,2018,76.77
ARG,Argentina,2017,76.543
ARG,Argentina,2016,76.105
ARG,Argentina,2015,76.6
ARG,Argentina,2014,76.268
ARG,Argentina,2013,75.829
ARG,Argentina,2012,75.802
ARG,Argentina,2011,76.1
ARG,Argentina,2010,75.68
ARG,Argentina,2009,75.577
ARG,Argentina,2008,75.428
ARG,Argentina,2007,74.783
ARG,Argentina,2006,75.279
ARG,Argentina,2005,75.231
ARG,Argentina,2004,74.871
ARG,Argentina,2003,74.307
ARG,Argentina,2002,74.312
ARG,Argentina,2001,74.154
ARG,Argentina,2000,73.91
ARG,Argentina,1999,73.683
ARG,Argentina,1998,73.412
ARG,Argentina,1997,73.407
ARG,Argentina,1996,73.056
ARG,Argentina,1995,72.864
ARG,Argentina,1994,72.732
ARG,Argentina,1993,72.303
ARG,Argentina,1992,72.096
ARG,Argentina,1991,72.02
ARG,Argentina,1990,71.615
ARM,Armenia,2020,73.3756097560976
ARM,Armenia,2019,76.2219512195122
ARM,Armenia,2018,75.619512195122
ARM,Armenia,2017,75.2170731707317
ARM,Armenia,2016,74.8682926829268
ARM,Armenia,2015,74.8707317073171
ARM,Armenia,2014,74.8731707317073
ARM,Armenia,2013,74.6219512195122
ARM,Armenia,2012,74.119512195122
ARM,Armenia,2011,73.8170731707317
ARM,Armenia,2010,73.1731707317073
ARM,Armenia,2009,73.0731707317073
ARM,Armenia,2008,73.0731707317073
ARM,Armenia,2007,72.8731707317073
ARM,Armenia,2006,72.8243902439025
ARM,Armenia,2005,73.0756097560976
ARM,Armenia,2004,73.0268292682927
ARM,Armenia,2003,72.8268292682927
ARM,Armenia,2002,72.8268292682927
ARM,Armenia,2001,72.9756097560976
ARM,Armenia,2000,72.8804878048781
ARM,Armenia,1999,70.1989512195122
ARM,Armenia,1998,69.7993414634146
ARM,Armenia,1997,69.3938292682927
ARM,Armenia,1996,69.0061219512195
ARM,Armenia,1995,68.628487804878
ARM,Armenia,1994,68.2718048780488
ARM,Armenia,1993,67.9731951219512
ARM,Armenia,1992,67.7185365853659
ARM,Armenia,1991,67.6270487804878
ARM,Armenia,1990,67.5493658536585
ABW,Aruba,2020,75.406
ABW,Aruba,2019,76.019
ABW,Aruba,2018,75.88
ABW,Aruba,2017,75.62
ABW,Aruba,2016,75.54
ABW,Aruba,2015,75.405
ABW,Aruba,2014,75.261
ABW,Aruba,2013,75.072
ABW,Aruba,2012,74.841
ABW,Aruba,2011,74.578
ABW,Aruba,2010,74.297
ABW,Aruba,2009,73.974
ABW,Aruba,2008,73.783
ABW,Aruba,2007,73.642
ABW,Aruba,2006,73.498
ABW,Aruba,2005,73.415
ABW,Aruba,2004,73.223
ABW,Aruba,2003,73.236
ABW,Aruba,2002,73.135
ABW,Aruba,2001,73.044
ABW,Aruba,2000,72.939
ABW,Aruba,1999,72.857
ABW,Aruba,1998,72.94
ABW,Aruba,1997,72.904
ABW,Aruba,1996,72.856
ABW,Aruba,1995,72.832
ABW,Aruba,1994,72.796
ABW,Aruba,1993,72.777
ABW,Aruba,1992,72.717
ABW,Aruba,1991,72.592
ABW,Aruba,1990,72.546
AUS,Australia,2020,83.2
AUS,Australia,2019,82.9
AUS,Australia,2018,82.7487804878049
AUS,Australia,2017,82.5
AUS,Australia,2016,82.4487804878049
AUS,Australia,2015,82.4
AUS,Australia,2014,82.3
AUS,Australia,2013,82.1487804878049
AUS,Australia,2012,82.0463414634146
AUS,Australia,2011,81.8951219512195
AUS,Australia,2010,81.6951219512195
AUS,Australia,2009,81.5439024390244
AUS,Australia,2008,81.3951219512195
AUS,Australia,2007,81.2926829268293
AUS,Australia,2006,81.0414634146342
AUS,Australia,2005,80.8414634146341
AUS,Australia,2004,80.490243902439
AUS,Australia,2003,80.2390243902439
AUS,Australia,2002,79.9365853658537
AUS,Australia,2001,79.6341463414634
AUS,Australia,2000,79.2341463414634
AUS,Australia,1999,78.9317073170732
AUS,Australia,1998,78.6317073170732
AUS,Australia,1997,78.4804878048781
AUS,Australia,1996,78.0780487804878
AUS,Australia,1995,77.8292682926829
AUS,Australia,1994,77.8780487804878
AUS,Australia,1993,77.8780487804878
AUS,Australia,1992,77.3780487804878
AUS,Australia,1991,77.2756097560976
AUS,Australia,1990,76.9946341463415
AUT,Austria,2020,81.1926829268293
AUT,Austria,2019,81.8951219512195
AUT,Austria,2018,81.6926829268293
AUT,Austria,2017,81.6439024390244
AUT,Austria,2016,81.6414634146342
AUT,Austria,2015,81.190243902439
AUT,Austria,2014,81.490243902439
AUT,Austria,2013,81.1365853658537
AUT,Austria,2012,80.9365853658537
AUT,Austria,2011,80.9829268292683
AUT,Austria,2010,80.5804878048781
AUT,Austria,2009,80.3317073170732
AUT,Austria,2008,80.4317073170732
AUT,Austria,2007,80.1804878048781
AUT,Austria,2006,79.8804878048781
AUT,Austria,2005,79.3317073170732
AUT,Austria,2004,79.1804878048781
AUT,Austria,2003,78.6317073170732
AUT,Austria,2002,78.6780487804878
AUT,Austria,2001,78.5756097560976
AUT,Austria,2000,78.1268292682927
AUT,Austria,1999,77.8756097560976
AUT,Austria,1998,77.6707317073171
AUT,Austria,1997,77.319512195122
AUT,Austria,1996,76.8707317073171
AUT,Austria,1995,76.6682926829268
AUT,Austria,1994,76.419512195122
AUT,Austria,1993,76.0682926829268
AUT,Austria,1992,75.8170731707317
AUT,Austria,1991,75.6170731707317
AUT,Austria,1990,75.5682926829269
AZE,Azerbaijan,2020,70.312
AZE,Azerbaijan,2019,73.29
AZE,Azerbaijan,2018,73.016
AZE,Azerbaijan,2017,72.694
AZE,Azerbaijan,2016,72.568
AZE,Azerbaijan,2015,72.349
AZE,Azerbaijan,2014,71.93
AZE,Azerbaijan,2013,71.485
AZE,Azerbaijan,2012,71.08
AZE,Azerbaijan,2011,70.565
AZE,Azerbaijan,2010,70.309
AZE,Azerbaijan,2009,69.874
AZE,Azerbaijan,2008,69.355
AZE,Azerbaijan,2007,68.659
AZE,Azerbaijan,2006,68.489
AZE,Azerbaijan,2005,67.71
AZE,Azerbaijan,2004,67.488
AZE,Azerbaijan,2003,67.036
AZE,Azerbaijan,2002,66.769
AZE,Azerbaijan,2001,66.043
AZE,Azerbaijan,2000,65.377
AZE,Azerbaijan,1999,64.733
AZE,Azerbaijan,1998,63.75
AZE,Azerbaijan,1997,62.953
AZE,Azerbaijan,1996,62.66
AZE,Azerbaijan,1995,61.931
AZE,Azerbaijan,1994,60.277
AZE,Azerbaijan,1993,61.426
AZE,Azerbaijan,1992,60.773
AZE,Azerbaijan,1991,62.544
AZE,Azerbaijan,1990,62.75
BHS,"Bahamas, The",2020,72.994
BHS,"Bahamas, The",2019,71.408
BHS,"Bahamas, The",2018,74.062
BHS,"Bahamas, The",2017,74.031
BHS,"Bahamas, The",2016,74.042
BHS,"Bahamas, The",2015,73.805
BHS,"Bahamas, The",2014,74.029
BHS,"Bahamas, The",2013,73.93
BHS,"Bahamas, The",2012,73.707
BHS,"Bahamas, The",2011,73.571
BHS,"Bahamas, The",2010,73.449
BHS,"Bahamas, The",2009,73.455
BHS,"Bahamas, The",2008,73.445
BHS,"Bahamas, The",2007,73.463
BHS,"Bahamas, The",2006,73.456
BHS,"Bahamas, The",2005,73.413
BHS,"Bahamas, The",2004,73.235
BHS,"Bahamas, The",2003,73.213
BHS,"Bahamas, The",2002,73.023
BHS,"Bahamas, The",2001,72.765
BHS,"Bahamas, The",2000,72.481
BHS,"Bahamas, The",1999,72.147
BHS,"Bahamas, The",1998,71.84
BHS,"Bahamas, The",1997,71.597
BHS,"Bahamas, The",1996,71.464
BHS,"Bahamas, The",1995,71.422
BHS,"Bahamas, The",1994,71.429
BHS,"Bahamas, The",1993,71.42
BHS,"Bahamas, The",1992,71.298
BHS,"Bahamas, The",1991,71.183
BHS,"Bahamas, The",1990,70.945
BHR,Bahrain,2020,78.683
BHR,Bahrain,2019,80.471
BHR,Bahrain,2018,80.412
BHR,Bahrain,2017,80.407
BHR,Bahrain,2016,80.407
BHR,Bahrain,2015,80.338
BHR,Bahrain,2014,80.214
BHR,Bahrain,2013,79.998
BHR,Bahrain,2012,79.622
BHR,Bahrain,2011,79.141
BHR,Bahrain,2010,78.593
BHR,Bahrain,2009,78.016
BHR,Bahrain,2008,77.457
BHR,Bahrain,2007,76.952
BHR,Bahrain,2006,76.51
BHR,Bahrain,2005,76.125
BHR,Bahrain,2004,75.787
BHR,Bahrain,2003,75.486
BHR,Bahrain,2002,75.209
BHR,Bahrain,2001,74.942
BHR,Bahrain,2000,74.673
BHR,Bahrain,1999,74.405
BHR,Bahrain,1998,74.138
BHR,Bahrain,1997,73.872
BHR,Bahrain,1996,73.61
BHR,Bahrain,1995,73.361
BHR,Bahrain,1994,73.134
BHR,Bahrain,1993,72.939
BHR,Bahrain,1992,72.785
BHR,Bahrain,1991,72.668
BHR,Bahrain,1990,72.587
BGD,Bangladesh,2020,71.421
BGD,Bangladesh,2019,72.625
BGD,Bangladesh,2018,72.122
BGD,Bangladesh,2017,71.606
BGD,Bangladesh,2016,71.075
BGD,Bangladesh,2015,70.543
BGD,Bangladesh,2014,70.016
BGD,Bangladesh,2013,69.487
BGD,Bangladesh,2012,68.989
BGD,Bangladesh,2011,68.499
BGD,Bangladesh,2010,68.009
BGD,Bangladesh,2009,67.527
BGD,Bangladesh,2008,67.047
BGD,Bangladesh,2007,66.458
BGD,Bangladesh,2006,66.048
BGD,Bangladesh,2005,65.509
BGD,Bangladesh,2004,64.912
BGD,Bangladesh,2003,64.288
BGD,Bangladesh,2002,63.591
BGD,Bangladesh,2001,62.836
BGD,Bangladesh,2000,62.049
BGD,Bangladesh,1999,61.244
BGD,Bangladesh,1998,60.429
BGD,Bangladesh,1997,59.671
BGD,Bangladesh,1996,58.94
BGD,Bangladesh,1995,58.244
BGD,Bangladesh,1994,57.64
BGD,Bangladesh,1993,57.073
BGD,Bangladesh,1992,56.592
BGD,Bangladesh,1991,53.781
BGD,Bangladesh,1990,55.822
BRB,Barbados,2020,76.647
BRB,Barbados,2019,76.495
BRB,Barbados,2018,76.378
BRB,Barbados,2017,76.237
BRB,Barbados,2016,76.168
BRB,Barbados,2015,76.055
BRB,Barbados,2014,75.926
BRB,Barbados,2013,75.816
BRB,Barbados,2012,75.737
BRB,Barbados,2011,75.599
BRB,Barbados,2010,75.488
BRB,Barbados,2009,75.458
BRB,Barbados,2008,75.3
BRB,Barbados,2007,75.263
BRB,Barbados,2006,75.049
BRB,Barbados,2005,74.96
BRB,Barbados,2004,75.15
BRB,Barbados,2003,74.865
BRB,Barbados,2002,74.82
BRB,Barbados,2001,74.707
BRB,Barbados,2000,74.58
BRB,Barbados,1999,74.587
BRB,Barbados,1998,74.465
BRB,Barbados,1997,73.988
BRB,Barbados,1996,74.065
BRB,Barbados,1995,73.88
BRB,Barbados,1994,73.755
BRB,Barbados,1993,73.739
BRB,Barbados,1992,73.61
BRB,Barbados,1991,73.543
BRB,Barbados,1990,73.463
BLR,Belarus,2020,72.1385609756098
BLR,Belarus,2019,74.2268292682927
BLR,Belarus,2018,74.1756097560976
BLR,Belarus,2017,74.1292682926829
BLR,Belarus,2016,73.8268292682927
BLR,Belarus,2015,73.6243902439025
BLR,Belarus,2014,72.9707317073171
BLR,Belarus,2013,72.4707317073171
BLR,Belarus,2012,71.9658536585366
BLR,Belarus,2011,70.5536585365854
BLR,Belarus,2010,70.4048780487805
BLR,Belarus,2009,70.4073170731707
BLR,Belarus,2008,70.4560975609756
BLR,Belarus,2007,70.2073170731707
BLR,Belarus,2006,69.4048780487805
BLR,Belarus,2005,68.8512195121951
BLR,Belarus,2004,68.9560975609756
BLR,Belarus,2003,68.5536585365854
BLR,Belarus,2002,68.0560975609756
BLR,Belarus,2001,68.5073170731707
BLR,Belarus,2000,68.9121951219512
BLR,Belarus,1999,67.9073170731707
BLR,Belarus,1998,68.4073170731707
BLR,Belarus,1997,68.4609756097561
BLR,Belarus,1996,68.5121951219512
BLR,Belarus,1995,68.4609756097561
BLR,Belarus,1994,68.7682926829268
BLR,Belarus,1993,68.9707317073171
BLR,Belarus,1992,70.0219512195122
BLR,Belarus,1991,70.3780487804878
BLR,Belarus,1990,70.8365853658537
BEL,Belgium,2020,80.6951219512195
BEL,Belgium,2019,81.9951219512195
BEL,Belgium,2018,81.5951219512195
BEL,Belgium,2017,81.4926829268293
BEL,Belgium,2016,81.4390243902439
BEL,Belgium,2015,80.9926829268293
BEL,Belgium,2014,81.2878048780488
BEL,Belgium,2013,80.5878048780488
BEL,Belgium,2012,80.3853658536585
BEL,Belgium,2011,80.5853658536585
BEL,Belgium,2010,80.1829268292683
BEL,Belgium,2009,80.0341463414634
BEL,Belgium,2008,79.6804878048781
BEL,Belgium,2007,79.7829268292683
BEL,Belgium,2006,79.380487804878
BEL,Belgium,2005,78.9804878048781
BEL,Belgium,2004,78.8780487804878
BEL,Belgium,2003,78.1292682926829
BEL,Belgium,2002,78.0756097560976
BEL,Belgium,2001,77.9731707317073
BEL,Belgium,2000,77.7219512195122
BEL,Belgium,1999,77.619512195122
BEL,Belgium,1998,77.4731707317073
BEL,Belgium,1997,77.3707317073171
BEL,Belgium,1996,77.1873170731707
BEL,Belgium,1995,76.8407317073171
BEL,Belgium,1994,76.6917073170732
BEL,Belgium,1993,76.3453658536585
BEL,Belgium,1992,76.3512195121951
BEL,Belgium,1991,76.1921951219512
BEL,Belgium,1990,76.0519512195122
BLZ,Belize,2020,71.58
BLZ,Belize,2019,72.577
BLZ,Belize,2018,72.322
BLZ,Belize,2017,72.062
BLZ,Belize,2016,71.843
BLZ,Belize,2015,71.647
BLZ,Belize,2014,71.437
BLZ,Belize,2013,71.276
BLZ,Belize,2012,71.134
BLZ,Belize,2011,70.975
BLZ,Belize,2010,70.875
BLZ,Belize,2009,70.806
BLZ,Belize,2008,70.665
BLZ,Belize,2007,70.652
BLZ,Belize,2006,70.535
BLZ,Belize,2005,70.335
BLZ,Belize,2004,70.152
BLZ,Belize,2003,69.819
BLZ,Belize,2002,69.528
BLZ,Belize,2001,68.944
BLZ,Belize,2000,68.911
BLZ,Belize,1999,68.976
BLZ,Belize,1998,68.906
BLZ,Belize,1997,69.183
BLZ,Belize,1996,69.363
BLZ,Belize,1995,69.484
BLZ,Belize,1994,69.585
BLZ,Belize,1993,69.595
BLZ,Belize,1992,69.601
BLZ,Belize,1991,69.645
BLZ,Belize,1990,69.569
BEN,Benin,2020,60.154
BEN,Benin,2019,59.888
BEN,Benin,2018,59.71
BEN,Benin,2017,59.528
BEN,Benin,2016,59.283
BEN,Benin,2015,59.123
BEN,Benin,2014,59.008
BEN,Benin,2013,58.863
BEN,Benin,2012,58.559
BEN,Benin,2011,58.462
BEN,Benin,2010,58.387
BEN,Benin,2009,58.258
BEN,Benin,2008,58.099
BEN,Benin,2007,58.249
BEN,Benin,2006,57.966
BEN,Benin,2005,57.738
BEN,Benin,2004,57.346
BEN,Benin,2003,57.092
BEN,Benin,2002,56.851
BEN,Benin,2001,56.654
BEN,Benin,2000,56.594
BEN,Benin,1999,56.336
BEN,Benin,1998,56.154
BEN,Benin,1997,55.986
BEN,Benin,1996,55.648
BEN,Benin,1995,55.366
BEN,Benin,1994,54.988
BEN,Benin,1993,54.612
BEN,Benin,1992,54.137
BEN,Benin,1991,53.441
BEN,Benin,1990,53.02
BMU,Bermuda,2020,81.456
BMU,Bermuda,2019,81.251
BMU,Bermuda,2018,80.986
BMU,Bermuda,2017,80.686
BMU,Bermuda,2016,80.476
BMU,Bermuda,2015,80.338
BMU,Bermuda,2014,80.199
BMU,Bermuda,2013,80.016
BMU,Bermuda,2012,79.847
BMU,Bermuda,2011,79.651
BMU,Bermuda,2010,79.414
BMU,Bermuda,2009,79.229
BMU,Bermuda,2008,79.101
BMU,Bermuda,2007,79.006
BMU,Bermuda,2006,78.87
BMU,Bermuda,2005,78.874
BMU,Bermuda,2004,78.898
BMU,Bermuda,2003,78.715
BMU,Bermuda,2002,78.841
BMU,Bermuda,2001,78.637
BMU,Bermuda,2000,78.251
BMU,Bermuda,1999,77.854
BMU,Bermuda,1998,77.389
BMU,Bermuda,1997,76.972
BMU,Bermuda,1996,76.52
BMU,Bermuda,1995,75.92
BMU,Bermuda,1994,75.276
BMU,Bermuda,1993,74.766
BMU,Bermuda,1992,74.446
BMU,Bermuda,1991,74.204
BMU,Bermuda,1990,73.952
BTN,Bhutan,2020,72.253
BTN,Bhutan,2019,72.005
BTN,Bhutan,2018,71.711
BTN,Bhutan,2017,71.413
BTN,Bhutan,2016,71.119
BTN,Bhutan,2015,70.797
BTN,Bhutan,2014,70.504
BTN,Bhutan,2013,70.161
BTN,Bhutan,2012,69.759
BTN,Bhutan,2011,69.28
BTN,Bhutan,2010,68.765
BTN,Bhutan,2009,68.156
BTN,Bhutan,2008,67.733
BTN,Bhutan,2007,67.152
BTN,Bhutan,2006,66.499
BTN,Bhutan,2005,65.875
BTN,Bhutan,2004,65.29
BTN,Bhutan,2003,64.662
BTN,Bhutan,2002,63.984
BTN,Bhutan,2001,63.323
BTN,Bhutan,2000,61.842
BTN,Bhutan,1999,62.032
BTN,Bhutan,1998,61.322
BTN,Bhutan,1997,60.639
BTN,Bhutan,1996,59.982
BTN,Bhutan,1995,59.277
BTN,Bhutan,1994,58.395
BTN,Bhutan,1993,57.906
BTN,Bhutan,1992,57.208
BTN,Bhutan,1991,56.451
BTN,Bhutan,1990,55.811
BOL,Bolivia,2020,62.906
BOL,Bolivia,2019,67.82
BOL,Bolivia,2018,67.699
BOL,Bolivia,2017,67.536
BOL,Bolivia,2016,67.392
BOL,Bolivia,2015,67.205
BOL,Bolivia,2014,66.97
BOL,Bolivia,2013,66.777
BOL,Bolivia,2012,66.586
BOL,Bolivia,2011,66.282
BOL,Bolivia,2010,66.003
BOL,Bolivia,2009,65.656
BOL,Bolivia,2008,65.299
BOL,Bolivia,2007,64.939
BOL,Bolivia,2006,64.529
BOL,Bolivia,2005,64.182
BOL,Bolivia,2004,63.819
BOL,Bolivia,2003,63.455
BOL,Bolivia,2002,63.068
BOL,Bolivia,2001,62.538
BOL,Bolivia,2000,62.057
BOL,Bolivia,1999,61.655
BOL,Bolivia,1998,61.227
BOL,Bolivia,1997,60.745
BOL,Bolivia,1996,60.287
BOL,Bolivia,1995,59.787
BOL,Bolivia,1994,59.282
BOL,Bolivia,1993,58.66
BOL,Bolivia,1992,57.923
BOL,Bolivia,1991,57.439
BOL,Bolivia,1990,56.797
BIH,Bosnia and Herzegovina,2020,76.04
BIH,Bosnia and Herzegovina,2019,77.394
BIH,Bosnia and Herzegovina,2018,77.942
BIH,Bosnia and Herzegovina,2017,77.385
BIH,Bosnia and Herzegovina,2016,77.124
BIH,Bosnia and Herzegovina,2015,77.073
BIH,Bosnia and Herzegovina,2014,77.089
BIH,Bosnia and Herzegovina,2013,77.129
BIH,Bosnia and Herzegovina,2012,77.037
BIH,Bosnia and Herzegovina,2011,76.963
BIH,Bosnia and Herzegovina,2010,76.827
BIH,Bosnia and Herzegovina,2009,76.701
BIH,Bosnia and Herzegovina,2008,76.3
BIH,Bosnia and Herzegovina,2007,76.162
BIH,Bosnia and Herzegovina,2006,76.028
BIH,Bosnia and Herzegovina,2005,76.424
BIH,Bosnia and Herzegovina,2004,76.489
BIH,Bosnia and Herzegovina,2003,76.449
BIH,Bosnia and Herzegovina,2002,75.994
BIH,Bosnia and Herzegovina,2001,75.573
BIH,Bosnia and Herzegovina,2000,75.292
BIH,Bosnia and Herzegovina,1999,74.946
BIH,Bosnia and Herzegovina,1998,74.472
BIH,Bosnia and Herzegovina,1997,73.895
BIH,Bosnia and Herzegovina,1996,73.454
BIH,Bosnia and Herzegovina,1995,70.188
BIH,Bosnia and Herzegovina,1994,66.603
BIH,Bosnia and Herzegovina,1993,50.894
BIH,Bosnia and Herzegovina,1992,51.967
BIH,Bosnia and Herzegovina,1991,71.813
BIH,Bosnia and Herzegovina,1990,71.509
BWA,Botswana,2020,67.643
BWA,Botswana,2019,67.167
BWA,Botswana,2018,66.371
BWA,Botswana,2017,65.42
BWA,Botswana,2016,64.32
BWA,Botswana,2015,63.215
BWA,Botswana,2014,62.167
BWA,Botswana,2013,61.217
BWA,Botswana,2012,60.384
BWA,Botswana,2011,59.715
BWA,Botswana,2010,59.137
BWA,Botswana,2009,58.297
BWA,Botswana,2008,57.661
BWA,Botswana,2007,56.735
BWA,Botswana,2006,55.112
BWA,Botswana,2005,54.386
BWA,Botswana,2004,53.573
BWA,Botswana,2003,52.851
BWA,Botswana,2002,52.373
BWA,Botswana,2001,52.21
BWA,Botswana,2000,52.263
BWA,Botswana,1999,52.499
BWA,Botswana,1998,52.968
BWA,Botswana,1997,53.594
BWA,Botswana,1996,54.284
BWA,Botswana,1995,54.713
BWA,Botswana,1994,55.97
BWA,Botswana,1993,57.316
BWA,Botswana,1992,58.19
BWA,Botswana,1991,58.911
BWA,Botswana,1990,60.104
BRA,Brazil,2020,74.506
BRA,Brazil,2019,75.809
BRA,Brazil,2018,75.633
BRA,Brazil,2017,75.383
BRA,Brazil,2016,75.081
BRA,Brazil,2015,75.106
BRA,Brazil,2014,74.823
BRA,Brazil,2013,74.609
BRA,Brazil,2012,74.335
BRA,Brazil,2011,74.047
BRA,Brazil,2010,73.779
BRA,Brazil,2009,73.457
BRA,Brazil,2008,73.111
BRA,Brazil,2007,72.73
BRA,Brazil,2006,72.296
BRA,Brazil,2005,71.832
BRA,Brazil,2004,71.361
BRA,Brazil,2003,70.884
BRA,Brazil,2002,70.396
BRA,Brazil,2001,69.98
BRA,Brazil,2000,69.584
BRA,Brazil,1999,69.211
BRA,Brazil,1998,68.848
BRA,Brazil,1997,68.505
BRA,Brazil,1996,68.108
BRA,Brazil,1995,67.701
BRA,Brazil,1994,67.293
BRA,Brazil,1993,66.892
BRA,Brazil,1992,66.539
BRA,Brazil,1991,66.203
BRA,Brazil,1990,65.862
VGB,British Virgin Islands,2020,76.894
VGB,British Virgin Islands,2019,76.845
VGB,British Virgin Islands,2018,76.728
VGB,British Virgin Islands,2017,75.67
VGB,British Virgin Islands,2016,76.624
VGB,British Virgin Islands,2015,76.558
VGB,British Virgin Islands,2014,76.527
VGB,British Virgin Islands,2013,76.472
VGB,British Virgin Islands,2012,76.433
VGB,British Virgin Islands,2011,76.363
VGB,British Virgin Islands,2010,76.289
VGB,British Virgin Islands,2009,76.205
VGB,British Virgin Islands,2008,76.07
VGB,British Virgin Islands,2007,75.893
VGB,British Virgin Islands,2006,75.745
VGB,British Virgin Islands,2005,75.569
VGB,British Virgin Islands,2004,75.404
VGB,British Virgin Islands,2003,75.183
VGB,British Virgin Islands,2002,74.971
VGB,British Virgin Islands,2001,74.831
VGB,British Virgin Islands,2000,74.753
VGB,British Virgin Islands,1999,74.652
VGB,British Virgin Islands,1998,74.569
VGB,British Virgin Islands,1997,74.469
VGB,British Virgin Islands,1996,74.341
VGB,British Virgin Islands,1995,74.089
VGB,British Virgin Islands,1994,73.794
VGB,British Virgin Islands,1993,73.431
VGB,British Virgin Islands,1992,73.109
VGB,British Virgin Islands,1991,72.75
VGB,British Virgin Islands,1990,72.392
BRN,Brunei Darussalam,2020,75.114
BRN,Brunei Darussalam,2019,75.049
BRN,Brunei Darussalam,2018,74.992
BRN,Brunei Darussalam,2017,74.943
BRN,Brunei Darussalam,2016,74.905
BRN,Brunei Darussalam,2015,74.88
BRN,Brunei Darussalam,2014,74.862
BRN,Brunei Darussalam,2013,74.854
BRN,Brunei Darussalam,2012,74.843
BRN,Brunei Darussalam,2011,74.835
BRN,Brunei Darussalam,2010,74.82
BRN,Brunei Darussalam,2009,74.814
BRN,Brunei Darussalam,2008,74.814
BRN,Brunei Darussalam,2007,74.793
BRN,Brunei Darussalam,2006,74.753
BRN,Brunei Darussalam,2005,74.683
BRN,Brunei Darussalam,2004,74.603
BRN,Brunei Darussalam,2003,74.509
BRN,Brunei Darussalam,2002,74.365
BRN,Brunei Darussalam,2001,74.209
BRN,Brunei Darussalam,2000,74.017
BRN,Brunei Darussalam,1999,73.806
BRN,Brunei Darussalam,1998,73.584
BRN,Brunei Darussalam,1997,73.326
BRN,Brunei Darussalam,1996,73.079
BRN,Brunei Darussalam,1995,72.838
BRN,Brunei Darussalam,1994,72.571
BRN,Brunei Darussalam,1993,72.333
BRN,Brunei Darussalam,1992,72.09
BRN,Brunei Darussalam,1991,71.858
BRN,Brunei Darussalam,1990,71.629
BGR,Bulgaria,2020,73.3560975609756
BGR,Bulgaria,2019,75.1121951219512
BGR,Bulgaria,2018,74.9634146341464
BGR,Bulgaria,2017,74.8146341463415
BGR,Bulgaria,2016,74.8121951219512
BGR,Bulgaria,2015,74.6146341463415
BGR,Bulgaria,2014,74.4658536585366
BGR,Bulgaria,2013,74.8609756097561
BGR,Bulgaria,2012,74.3146341463415
BGR,Bulgaria,2011,74.1634146341463
BGR,Bulgaria,2010,73.5121951219512
BGR,Bulgaria,2009,73.4121951219512
BGR,Bulgaria,2008,72.9634146341463
BGR,Bulgaria,2007,72.6634146341463
BGR,Bulgaria,2006,72.6121951219512
BGR,Bulgaria,2005,72.5609756097561
BGR,Bulgaria,2004,72.5634146341463
BGR,Bulgaria,2003,72.0658536585366
BGR,Bulgaria,2002,71.8658536585366
BGR,Bulgaria,2001,71.7682926829268
BGR,Bulgaria,2000,71.6634146341463
BGR,Bulgaria,1999,71.4121951219512
BGR,Bulgaria,1998,71.0609756097561
BGR,Bulgaria,1997,70.3512195121951
BGR,Bulgaria,1996,70.8973170731707
BGR,Bulgaria,1995,71.0534146341463
BGR,Bulgaria,1994,71.2087804878049
BGR,Bulgaria,1993,71.3468292682927
BGR,Bulgaria,1992,71.4943902439024
BGR,Bulgaria,1991,71.5609756097561
BGR,Bulgaria,1990,71.6414634146342
BFA,Burkina Faso,2020,60.454
BFA,Burkina Faso,2019,60.184
BFA,Burkina Faso,2018,59.972
BFA,Burkina Faso,2017,59.578
BFA,Burkina Faso,2016,59.173
BFA,Burkina Faso,2015,58.778
BFA,Burkina Faso,2014,58.331
BFA,Burkina Faso,2013,57.903
BFA,Burkina Faso,2012,57.457
BFA,Burkina Faso,2011,57.001
BFA,Burkina Faso,2010,56.343
BFA,Burkina Faso,2009,55.791
BFA,Burkina Faso,2008,55.199
BFA,Burkina Faso,2007,54.377
BFA,Burkina Faso,2006,53.784
BFA,Burkina Faso,2005,53.271
BFA,Burkina Faso,2004,52.6
BFA,Burkina Faso,2003,51.959
BFA,Burkina Faso,2002,51.447
BFA,Burkina Faso,2001,51.188
BFA,Burkina Faso,2000,50.808
BFA,Burkina Faso,1999,50.463
BFA,Burkina Faso,1998,50.163
BFA,Burkina Faso,1997,49.56
BFA,Burkina Faso,1996,49.693
BFA,Burkina Faso,1995,49.554
BFA,Burkina Faso,1994,49.469
BFA,Burkina Faso,1993,49.412
BFA,Burkina Faso,1992,49.378
BFA,Burkina Faso,1991,49.33
BFA,Burkina Faso,1990,49.315
BDI,Burundi,2020,62.569
BDI,Burundi,2019,62.18
BDI,Burundi,2018,61.806
BDI,Burundi,2017,61.345
BDI,Burundi,2016,60.789
BDI,Burundi,2015,60.107
BDI,Burundi,2014,59.764
BDI,Burundi,2013,59.179
BDI,Burundi,2012,58.501
BDI,Burundi,2011,57.804
BDI,Burundi,2010,57.088
BDI,Burundi,2009,56.422
BDI,Burundi,2008,55.581
BDI,Burundi,2007,54.832
BDI,Burundi,2006,53.962
BDI,Burundi,2005,53.053
BDI,Burundi,2004,52.217
BDI,Burundi,2003,50.997
BDI,Burundi,2002,49.924
BDI,Burundi,2001,48.509
BDI,Burundi,2000,47.617
BDI,Burundi,1999,47.627
BDI,Burundi,1998,46.678
BDI,Burundi,1997,45.721
BDI,Burundi,1996,44.807
BDI,Burundi,1995,44.589
BDI,Burundi,1994,44.515
BDI,Burundi,1993,37.221
BDI,Burundi,1992,44.469
BDI,Burundi,1991,44.66
BDI,Burundi,1990,45.184
CPV,Cabo Verde,2020,73.818
CPV,Cabo Verde,2019,75.449
CPV,Cabo Verde,2018,74.84
CPV,Cabo Verde,2017,74.71
CPV,Cabo Verde,2016,74.35
CPV,Cabo Verde,2015,74.096
CPV,Cabo Verde,2014,73.788
CPV,Cabo Verde,2013,73.481
CPV,Cabo Verde,2012,73.315
CPV,Cabo Verde,2011,72.913
CPV,Cabo Verde,2010,72.507
CPV,Cabo Verde,2009,72.142
CPV,Cabo Verde,2008,71.888
CPV,Cabo Verde,2007,71.487
CPV,Cabo Verde,2006,71.341
CPV,Cabo Verde,2005,70.936
CPV,Cabo Verde,2004,70.499
CPV,Cabo Verde,2003,70.006
CPV,Cabo Verde,2002,69.447
CPV,Cabo Verde,2001,68.707
CPV,Cabo Verde,2000,68.117
CPV,Cabo Verde,1999,67.409
CPV,Cabo Verde,1998,66.714
CPV,Cabo Verde,1997,66.082
CPV,Cabo Verde,1996,65.521
CPV,Cabo Verde,1995,63.691
CPV,Cabo Verde,1994,64.648
CPV,Cabo Verde,1993,64.458
CPV,Cabo Verde,1992,64.253
CPV,Cabo Verde,1991,64.066
CPV,Cabo Verde,1990,63.869
KHM,Cambodia,2020,70.059
KHM,Cambodia,2019,70.127
KHM,Cambodia,2018,69.993
KHM,Cambodia,2017,69.842
KHM,Cambodia,2016,69.635
KHM,Cambodia,2015,69.398
KHM,Cambodia,2014,69.117
KHM,Cambodia,2013,68.755
KHM,Cambodia,2012,68.371
KHM,Cambodia,2011,67.869
KHM,Cambodia,2010,67.311
KHM,Cambodia,2009,66.747
KHM,Cambodia,2008,66.147
KHM,Cambodia,2007,65.549
KHM,Cambodia,2006,64.886
KHM,Cambodia,2005,64.113
KHM,Cambodia,2004,63.256
KHM,Cambodia,2003,62.345
KHM,Cambodia,2002,61.395
KHM,Cambodia,2001,60.457
KHM,Cambodia,2000,59.491
KHM,Cambodia,1999,58.611
KHM,Cambodia,1998,57.859
KHM,Cambodia,1997,57.266
KHM,Cambodia,1996,56.832
KHM,Cambodia,1995,56.562
KHM,Cambodia,1994,56.221
KHM,Cambodia,1993,56.036
KHM,Cambodia,1992,55.747
KHM,Cambodia,1991,55.582
KHM,Cambodia,1990,55.205
CMR,Cameroon,2020,61.674
CMR,Cameroon,2019,61.695
CMR,Cameroon,2018,61.189
CMR,Cameroon,2017,60.817
CMR,Cameroon,2016,60.293
CMR,Cameroon,2015,59.687
CMR,Cameroon,2014,59.13
CMR,Cameroon,2013,58.73
CMR,Cameroon,2012,58.17
CMR,Cameroon,2011,57.482
CMR,Cameroon,2010,56.965
CMR,Cameroon,2009,56.486
CMR,Cameroon,2008,56.116
CMR,Cameroon,2007,55.71
CMR,Cameroon,2006,55.301
CMR,Cameroon,2005,54.904
CMR,Cameroon,2004,54.578
CMR,Cameroon,2003,54.253
CMR,Cameroon,2002,53.922
CMR,Cameroon,2001,53.598
CMR,Cameroon,2000,53.338
CMR,Cameroon,1999,53.166
CMR,Cameroon,1998,53.043
CMR,Cameroon,1997,53.105
CMR,Cameroon,1996,53.2
CMR,Cameroon,1995,53.347
CMR,Cameroon,1994,53.537
CMR,Cameroon,1993,53.872
CMR,Cameroon,1992,54.053
CMR,Cameroon,1991,54.168
CMR,Cameroon,1990,54.348
CAN,Canada,2020,81.53
CAN,Canada,2019,82.1585365853659
CAN,Canada,2018,81.8036585365854
CAN,Canada,2017,81.8078048780488
CAN,Canada,2016,81.94
CAN,Canada,2015,81.8258536585366
CAN,Canada,2014,81.7843902439025
CAN,Canada,2013,81.7448780487805
CAN,Canada,2012,81.6636585365854
CAN,Canada,2011,81.4826829268293
CAN,Canada,2010,81.3221951219512
CAN,Canada,2009,81.0660975609756
CAN,Canada,2008,80.7246341463415
CAN,Canada,2007,80.5436585365854
CAN,Canada,2006,80.5436585365854
CAN,Canada,2005,80.1126829268293
CAN,Canada,2004,79.9921951219512
CAN,Canada,2003,79.7151219512195
CAN,Canada,2002,79.5307317073171
CAN,Canada,2001,79.3980487804878
CAN,Canada,2000,79.1668292682927
CAN,Canada,1999,78.8390243902439
CAN,Canada,1998,78.6236585365854
CAN,Canada,1997,78.4124390243903
CAN,Canada,1996,78.220243902439
CAN,Canada,1995,77.9773170731707
CAN,Canada,1994,77.8717073170732
CAN,Canada,1993,77.7048780487805
CAN,Canada,1992,77.8380487804878
CAN,Canada,1991,77.5934146341464
CAN,Canada,1990,77.4365853658537
CYM,Cayman Islands,2020,79.23
CYM,Cayman Islands,2019,79.052
CYM,Cayman Islands,2018,78.835
CYM,Cayman Islands,2017,78.615
CYM,Cayman Islands,2016,78.367
CYM,Cayman Islands,2015,78.119
CYM,Cayman Islands,2014,77.865
CYM,Cayman Islands,2013,77.652
CYM,Cayman Islands,2012,77.121
CYM,Cayman Islands,2011,76.562
CYM,Cayman Islands,2010,76.069
CYM,Cayman Islands,2009,75.671
CYM,Cayman Islands,2008,75.386
CYM,Cayman Islands,2007,75.152
CYM,Cayman Islands,2006,75.0
CYM,Cayman Islands,2005,74.863
CYM,Cayman Islands,2004,74.596
CYM,Cayman Islands,2003,74.639
CYM,Cayman Islands,2002,74.609
CYM,Cayman Islands,2001,74.529
CYM,Cayman Islands,2000,74.378
CYM,Cayman Islands,1999,74.232
CYM,Cayman Islands,1998,74.08
CYM,Cayman Islands,1997,73.904
CYM,Cayman Islands,1996,73.74
CYM,Cayman Islands,1995,73.597
CYM,Cayman Islands,1994,73.42
CYM,Cayman Islands,1993,73.25
CYM,Cayman Islands,1992,73.088
CYM,Cayman Islands,1991,72.911
CYM,Cayman Islands,1990,72.744
CAF,Central African Republic,2020,50.596
CAF,Central African Republic,2019,31.53
CAF,Central African Republic,2018,52.297
CAF,Central African Republic,2017,45.231
CAF,Central African Republic,2016,50.999
CAF,Central African Republic,2015,51.934
CAF,Central African Republic,2014,40.265
CAF,Central African Republic,2013,49.487
CAF,Central African Republic,2012,51.336
CAF,Central African Republic,2011,50.107
CAF,Central African Republic,2010,46.871
CAF,Central African Republic,2009,14.665
CAF,Central African Republic,2008,49.873
CAF,Central African Republic,2007,49.327
CAF,Central African Republic,2006,48.687
CAF,Central African Republic,2005,48.207
CAF,Central African Republic,2004,47.696
CAF,Central African Republic,2003,47.306
CAF,Central African Republic,2002,46.84
CAF,Central African Republic,2001,46.734
CAF,Central African Republic,2000,46.609
CAF,Central African Republic,1999,46.91
CAF,Central African Republic,1998,47.089
CAF,Central African Republic,1997,47.284
CAF,Central African Republic,1996,47.7
CAF,Central African Republic,1995,48.109
CAF,Central African Republic,1994,48.509
CAF,Central African Republic,1993,48.899
CAF,Central African Republic,1992,49.213
CAF,Central African Republic,1991,49.575
CAF,Central African Republic,1990,49.854
TCD,Chad,2020,53.082
TCD,Chad,2019,52.993
TCD,Chad,2018,52.447
TCD,Chad,2017,51.875
TCD,Chad,2016,51.603
TCD,Chad,2015,51.32
TCD,Chad,2014,51.141
TCD,Chad,2013,51.051
TCD,Chad,2012,50.765
TCD,Chad,2011,50.426
TCD,Chad,2010,50.107
TCD,Chad,2009,49.828
TCD,Chad,2008,49.503
TCD,Chad,2007,49.21
TCD,Chad,2006,48.747
TCD,Chad,2005,48.86
TCD,Chad,2004,48.687
TCD,Chad,2003,48.609
TCD,Chad,2002,48.36
TCD,Chad,2001,48.306
TCD,Chad,2000,47.937
TCD,Chad,1999,47.934
TCD,Chad,1998,47.802
TCD,Chad,1997,47.762
TCD,Chad,1996,47.551
TCD,Chad,1995,47.453
TCD,Chad,1994,47.08
TCD,Chad,1993,47.002
TCD,Chad,1992,46.777
TCD,Chad,1991,46.596
TCD,Chad,1990,45.074
CHI,Channel Islands,2020,80.9
CHI,Channel Islands,2019,81.2
CHI,Channel Islands,2018,81.1
CHI,Channel Islands,2017,81.0
CHI,Channel Islands,2016,81.2
CHI,Channel Islands,2015,81.4
CHI,Channel Islands,2014,81.6
CHI,Channel Islands,2013,81.5
CHI,Channel Islands,2012,81.3
CHI,Channel Islands,2011,81.4
CHI,Channel Islands,2010,81.2
CHI,Channel Islands,2009,81.0
CHI,Channel Islands,2008,80.8
CHI,Channel Islands,2007,80.6
CHI,Channel Islands,2006,80.4
CHI,Channel Islands,2005,80.1
CHI,Channel Islands,2004,79.8
CHI,Channel Islands,2003,79.4
CHI,Channel Islands,2002,79.1
CHI,Channel Islands,2001,79.0
CHI,Channel Islands,2000,78.8
CHI,Channel Islands,1999,79.1
CHI,Channel Islands,1998,78.5
CHI,Channel Islands,1997,78.2
CHI,Channel Islands,1996,77.8
CHI,Channel Islands,1995,77.7
CHI,Channel Islands,1994,77.0
CHI,Channel Islands,1993,76.8
CHI,Channel Islands,1992,77.1
CHI,Channel Islands,1991,76.5
CHI,Channel Islands,1990,76.3
CHL,Chile,2020,79.349
CHL,Chile,2019,80.324
CHL,Chile,2018,80.559
CHL,Chile,2017,80.61
CHL,Chile,2016,80.295
CHL,Chile,2015,80.008
CHL,Chile,2014,79.714
CHL,Chile,2013,79.551
CHL,Chile,2012,79.221
CHL,Chile,2011,79.236
CHL,Chile,2010,79.095
CHL,Chile,2009,78.89
CHL,Chile,2008,78.752
CHL,Chile,2007,78.652
CHL,Chile,2006,78.533
CHL,Chile,2005,78.459
CHL,Chile,2004,78.276
CHL,Chile,2003,77.884
CHL,Chile,2002,77.84
CHL,Chile,2001,77.58
CHL,Chile,2000,77.128
CHL,Chile,1999,76.738
CHL,Chile,1998,76.324
CHL,Chile,1997,75.826
CHL,Chile,1996,75.555
CHL,Chile,1995,75.298
CHL,Chile,1994,74.973
CHL,Chile,1993,74.679
CHL,Chile,1992,74.367
CHL,Chile,1991,74.082
CHL,Chile,1990,73.675
CHN,China,2020,78.019
CHN,China,2019,77.94
CHN,China,2018,77.709
CHN,China,2017,77.235
CHN,China,2016,77.214
CHN,China,2015,76.975
CHN,China,2014,76.714
CHN,China,2013,76.452
CHN,China,2012,76.2
CHN,China,2011,75.889
CHN,China,2010,75.668
CHN,China,2009,75.317
CHN,China,2008,74.833
CHN,China,2007,74.789
CHN,China,2006,74.404
CHN,China,2005,74.085
CHN,China,2004,73.727
CHN,China,2003,73.385
CHN,China,2002,73.034
CHN,China,2001,72.675
CHN,China,2000,72.288
CHN,China,1999,71.952
CHN,China,1998,71.601
CHN,China,1997,71.227
CHN,China,1996,70.823
CHN,China,1995,70.363
CHN,China,1994,69.835
CHN,China,1993,69.492
CHN,China,1992,69.059
CHN,China,1991,68.61
CHN,China,1990,68.155
COL,Colombia,2020,74.757
COL,Colombia,2019,76.793
COL,Colombia,2018,76.579
COL,Colombia,2017,76.418
COL,Colombia,2016,76.228
COL,Colombia,2015,76.067
COL,Colombia,2014,75.95
COL,Colombia,2013,75.834
COL,Colombia,2012,75.611
COL,Colombia,2011,75.18
COL,Colombia,2010,74.876
COL,Colombia,2009,74.531
COL,Colombia,2008,74.206
COL,Colombia,2007,73.751
COL,Colombia,2006,73.497
COL,Colombia,2005,73.156
COL,Colombia,2004,72.76
COL,Colombia,2003,72.309
COL,Colombia,2002,71.537
COL,Colombia,2001,71.185
COL,Colombia,2000,70.905
COL,Colombia,1999,70.913
COL,Colombia,1998,70.924
COL,Colombia,1997,70.632
COL,Colombia,1996,70.209
COL,Colombia,1995,69.81
COL,Colombia,1994,69.422
COL,Colombia,1993,69.083
COL,Colombia,1992,68.764
COL,Colombia,1991,68.772
COL,Colombia,1990,68.701
COM,Comoros,2020,65.756
COM,Comoros,2019,65.662
COM,Comoros,2018,65.401
COM,Comoros,2017,65.127
COM,Comoros,2016,64.792
COM,Comoros,2015,64.473
COM,Comoros,2014,64.143
COM,Comoros,2013,63.839
COM,Comoros,2012,63.463
COM,Comoros,2011,63.105
COM,Comoros,2010,62.747
COM,Comoros,2009,62.302
COM,Comoros,2008,61.955
COM,Comoros,2007,61.475
COM,Comoros,2006,61.229
COM,Comoros,2005,60.883
COM,Comoros,2004,60.557
COM,Comoros,2003,60.24
COM,Comoros,2002,59.723
COM,Comoros,2001,59.587
COM,Comoros,2000,58.941
COM,Comoros,1999,58.853
COM,Comoros,1998,58.301
COM,Comoros,1997,58.228
COM,Comoros,1996,58.151
COM,Comoros,1995,57.83
COM,Comoros,1994,57.458
COM,Comoros,1993,57.026
COM,Comoros,1992,56.576
COM,Comoros,1991,56.104
COM,Comoros,1990,55.62
COD,"Congo, Dem. Rep.",2020,60.428
COD,"Congo, Dem. Rep.",2019,60.242
COD,"Congo, Dem. Rep.",2018,59.926
COD,"Congo, Dem. Rep.",2017,59.495
COD,"Congo, Dem. Rep.",2016,59.081
COD,"Congo, Dem. Rep.",2015,58.658
COD,"Congo, Dem. Rep.",2014,58.236
COD,"Congo, Dem. Rep.",2013,57.795
COD,"Congo, Dem. Rep.",2012,57.35
COD,"Congo, Dem. Rep.",2011,56.911
COD,"Congo, Dem. Rep.",2010,56.411
COD,"Congo, Dem. Rep.",2009,55.798
COD,"Congo, Dem. Rep.",2008,55.388
COD,"Congo, Dem. Rep.",2007,54.954
COD,"Congo, Dem. Rep.",2006,54.498
COD,"Congo, Dem. Rep.",2005,54.001
COD,"Congo, Dem. Rep.",2004,53.534
COD,"Congo, Dem. Rep.",2003,52.952
COD,"Congo, Dem. Rep.",2002,52.371
COD,"Congo, Dem. Rep.",2001,52.205
COD,"Congo, Dem. Rep.",2000,51.887
COD,"Congo, Dem. Rep.",1999,50.089
COD,"Congo, Dem. Rep.",1998,49.664
COD,"Congo, Dem. Rep.",1997,50.461
COD,"Congo, Dem. Rep.",1996,49.376
COD,"Congo, Dem. Rep.",1995,50.381
COD,"Congo, Dem. Rep.",1994,49.88
COD,"Congo, Dem. Rep.",1993,49.621
COD,"Congo, Dem. Rep.",1992,49.323
COD,"Congo, Dem. Rep.",1991,48.944
COD,"Congo, Dem. Rep.",1990,48.538
COG,"Congo, Rep.",2020,64.391
COG,"Congo, Rep.",2019,63.152
COG,"Congo, Rep.",2018,64.472
COG,"Congo, Rep.",2017,64.203
COG,"Congo, Rep.",2016,63.911
COG,"Congo, Rep.",2015,63.662
COG,"Congo, Rep.",2014,63.349
COG,"Congo, Rep.",2013,62.969
COG,"Congo, Rep.",2012,62.662
COG,"Congo, Rep.",2011,62.286
COG,"Congo, Rep.",2010,61.731
COG,"Congo, Rep.",2009,61.215
COG,"Congo, Rep.",2008,60.79
COG,"Congo, Rep.",2007,60.05
COG,"Congo, Rep.",2006,59.474
COG,"Congo, Rep.",2005,58.73
COG,"Congo, Rep.",2004,57.957
COG,"Congo, Rep.",2003,57.131
COG,"Congo, Rep.",2002,56.414
COG,"Congo, Rep.",2001,55.885
COG,"Congo, Rep.",2000,55.371
COG,"Congo, Rep.",1999,54.427
COG,"Congo, Rep.",1998,52.551
COG,"Congo, Rep.",1997,48.575
COG,"Congo, Rep.",1996,55.24
COG,"Congo, Rep.",1995,55.474
COG,"Congo, Rep.",1994,55.641
COG,"Congo, Rep.",1993,56.041
COG,"Congo, Rep.",1992,56.483
COG,"Congo, Rep.",1991,56.764
COG,"Congo, Rep.",1990,57.07
CRI,Costa Rica,2020,79.725
CRI,Costa Rica,2019,80.296
CRI,Costa Rica,2018,80.09
CRI,Costa Rica,2017,79.994
CRI,Costa Rica,2016,79.988
CRI,Costa Rica,2015,80.407
CRI,Costa Rica,2014,80.231
CRI,Costa Rica,2013,80.189
CRI,Costa Rica,2012,79.925
CRI,Costa Rica,2011,79.624
CRI,Costa Rica,2010,79.354
CRI,Costa Rica,2009,79.372
CRI,Costa Rica,2008,79.18
CRI,Costa Rica,2007,79.098
CRI,Costa Rica,2006,79.049
CRI,Costa Rica,2005,78.877
CRI,Costa Rica,2004,78.512
CRI,Costa Rica,2003,78.214
CRI,Costa Rica,2002,77.939
CRI,Costa Rica,2001,77.609
CRI,Costa Rica,2000,77.317
CRI,Costa Rica,1999,77.058
CRI,Costa Rica,1998,76.869
CRI,Costa Rica,1997,76.603
CRI,Costa Rica,1996,76.428
CRI,Costa Rica,1995,76.44
CRI,Costa Rica,1994,76.329
CRI,Costa Rica,1993,76.315
CRI,Costa Rica,1992,76.385
CRI,Costa Rica,1991,76.237
CRI,Costa Rica,1990,76.094
CIV,Cote d'Ivoire,2020,60.14
CIV,Cote d'Ivoire,2019,60.274
CIV,Cote d'Ivoire,2018,59.795
CIV,Cote d'Ivoire,2017,59.315
CIV,Cote d'Ivoire,2016,58.814
CIV,Cote d'Ivoire,2015,58.281
CIV,Cote d'Ivoire,2014,57.772
CIV,Cote d'Ivoire,2013,57.057
CIV,Cote d'Ivoire,2012,56.57
CIV,Cote d'Ivoire,2011,55.972
CIV,Cote d'Ivoire,2010,55.282
CIV,Cote d'Ivoire,2009,54.744
CIV,Cote d'Ivoire,2008,54.179
CIV,Cote d'Ivoire,2007,53.452
CIV,Cote d'Ivoire,2006,52.885
CIV,Cote d'Ivoire,2005,52.432
CIV,Cote d'Ivoire,2004,51.939
CIV,Cote d'Ivoire,2003,51.443
CIV,Cote d'Ivoire,2002,51.544
CIV,Cote d'Ivoire,2001,51.428
CIV,Cote d'Ivoire,2000,51.393
CIV,Cote d'Ivoire,1999,51.273
CIV,Cote d'Ivoire,1998,51.22
CIV,Cote d'Ivoire,1997,51.498
CIV,Cote d'Ivoire,1996,51.596
CIV,Cote d'Ivoire,1995,51.713
CIV,Cote d'Ivoire,1994,52.005
CIV,Cote d'Ivoire,1993,52.247
CIV,Cote d'Ivoire,1992,52.429
CIV,Cote d'Ivoire,1991,52.621
CIV,Cote d'Ivoire,1990,52.796
HRV,Croatia,2020,77.5243902439024
HRV,Croatia,2019,78.2243902439024
HRV,Croatia,2018,77.919512195122
HRV,Croatia,2017,77.7268292682927
HRV,Croatia,2016,77.9219512195122
HRV,Croatia,2015,77.2756097560976
HRV,Croatia,2014,77.7243902439024
HRV,Croatia,2013,77.5707317073171
HRV,Croatia,2012,77.1682926829268
HRV,Croatia,2011,76.7756097560976
HRV,Croatia,2010,76.4756097560976
HRV,Croatia,2009,76.1682926829268
HRV,Croatia,2008,75.9121951219512
HRV,Croatia,2007,75.7056097560976
HRV,Croatia,2006,75.8368292682927
HRV,Croatia,2005,75.2446341463415
HRV,Croatia,2004,75.520243902439
HRV,Croatia,2003,74.6139024390244
HRV,Croatia,2002,74.7173170731707
HRV,Croatia,2001,74.5129268292683
HRV,Croatia,2000,72.8078048780488
HRV,Croatia,1999,72.6419512195122
HRV,Croatia,1998,72.3170731707317
HRV,Croatia,1997,72.4951219512195
HRV,Croatia,1996,72.3653658536585
HRV,Croatia,1995,72.0843902439024
HRV,Croatia,1994,71.8034146341463
HRV,Croatia,1993,71.5224390243903
HRV,Croatia,1992,71.2414634146342
HRV,Croatia,1991,72.1853658536586
HRV,Croatia,1990,72.1704878048781
CUB,Cuba,2020,77.407
CUB,Cuba,2019,77.413
CUB,Cuba,2018,77.426
CUB,Cuba,2017,77.3
CUB,Cuba,2016,77.571
CUB,Cuba,2015,77.745
CUB,Cuba,2014,77.825
CUB,Cuba,2013,78.028
CUB,Cuba,2012,78.162
CUB,Cuba,2011,78.051
CUB,Cuba,2010,77.876
CUB,Cuba,2009,77.584
CUB,Cuba,2008,77.589
CUB,Cuba,2007,77.55
CUB,Cuba,2006,77.406
CUB,Cuba,2005,77.54
CUB,Cuba,2004,77.326
CUB,Cuba,2003,77.405
CUB,Cuba,2002,76.766
CUB,Cuba,2001,76.429
CUB,Cuba,2000,75.922
CUB,Cuba,1999,75.719
CUB,Cuba,1998,75.412
CUB,Cuba,1997,75.064
CUB,Cuba,1996,74.69
CUB,Cuba,1995,74.346
CUB,Cuba,1994,74.092
CUB,Cuba,1993,73.874
CUB,Cuba,1992,73.846
CUB,Cuba,1991,73.757
CUB,Cuba,1990,73.823
CUW,Curacao,2020,76.501
CUW,Curacao,2019,76.492
CUW,Curacao,2018,76.493
CUW,Curacao,2017,76.423
CUW,Curacao,2016,76.322
CUW,Curacao,2015,76.482
CUW,Curacao,2014,76.384
CUW,Curacao,2013,76.239
CUW,Curacao,2012,75.96
CUW,Curacao,2011,75.576
CUW,Curacao,2010,75.117
CUW,Curacao,2009,74.485
CUW,Curacao,2008,74.314
CUW,Curacao,2007,74.137
CUW,Curacao,2006,73.978
CUW,Curacao,2005,73.873
CUW,Curacao,2004,73.735
CUW,Curacao,2003,73.603
CUW,Curacao,2002,73.472
CUW,Curacao,2001,73.36
CUW,Curacao,2000,73.283
CUW,Curacao,1999,73.174
CUW,Curacao,1998,73.084
CUW,Curacao,1997,73.035
CUW,Curacao,1996,72.945
CUW,Curacao,1995,72.831
CUW,Curacao,1994,72.791
CUW,Curacao,1993,72.703
CUW,Curacao,1992,72.65
CUW,Curacao,1991,72.536
CUW,Curacao,1990,72.439
CYP,Cyprus,2020,81.23
CYP,Cyprus,2019,81.454
CYP,Cyprus,2018,81.556
CYP,Cyprus,2017,81.543
CYP,Cyprus,2016,81.534
CYP,Cyprus,2015,81.464
CYP,Cyprus,2014,81.337
CYP,Cyprus,2013,81.317
CYP,Cyprus,2012,81.128
CYP,Cyprus,2011,80.855
CYP,Cyprus,2010,80.632
CYP,Cyprus,2009,80.375
CYP,Cyprus,2008,79.906
CYP,Cyprus,2007,79.798
CYP,Cyprus,2006,79.456
CYP,Cyprus,2005,79.198
CYP,Cyprus,2004,79.007
CYP,Cyprus,2003,78.908
CYP,Cyprus,2002,78.758
CYP,Cyprus,2001,78.185
CYP,Cyprus,2000,77.9
CYP,Cyprus,1999,77.572
CYP,Cyprus,1998,77.164
CYP,Cyprus,1997,77.119
CYP,Cyprus,1996,76.88
CYP,Cyprus,1995,76.583
CYP,Cyprus,1994,76.383
CYP,Cyprus,1993,76.294
CYP,Cyprus,1992,76.291
CYP,Cyprus,1991,76.246
CYP,Cyprus,1990,76.044
CZE,Czechia,2020,78.2268292682927
CZE,Czechia,2019,79.2292682926829
CZE,Czechia,2018,79.0292682926829
CZE,Czechia,2017,78.9780487804878
CZE,Czechia,2016,79.0268292682927
CZE,Czechia,2015,78.5780487804878
CZE,Czechia,2014,78.8243902439024
CZE,Czechia,2013,78.1756097560976
CZE,Czechia,2012,78.0756097560976
CZE,Czechia,2011,77.8731707317073
CZE,Czechia,2010,77.4243902439025
CZE,Czechia,2009,77.0780487804878
CZE,Czechia,2008,76.9756097560976
CZE,Czechia,2007,76.7243902439025
CZE,Czechia,2006,76.5243902439024
CZE,Czechia,2005,75.9243902439025
CZE,Czechia,2004,75.7219512195122
CZE,Czechia,2003,75.1707317073171
CZE,Czechia,2002,75.2219512195122
CZE,Czechia,2001,75.1731707317073
CZE,Czechia,2000,74.9682926829268
CZE,Czechia,1999,74.6682926829268
CZE,Czechia,1998,74.5146341463415
CZE,Czechia,1997,73.8248780487805
CZE,Czechia,1996,73.7146341463415
CZE,Czechia,1995,73.0748780487805
CZE,Czechia,1994,72.9726829268293
CZE,Czechia,1993,72.7678048780488
CZE,Czechia,1992,72.2717073170732
CZE,Czechia,1991,71.8982926829268
CZE,Czechia,1990,71.3839024390244
DNK,Denmark,2020,81.6024390243903
DNK,Denmark,2019,81.4512195121951
DNK,Denmark,2018,80.9536585365854
DNK,Denmark,2017,81.1024390243903
DNK,Denmark,2016,80.8536585365854
DNK,Denmark,2015,80.7024390243902
DNK,Denmark,2014,80.7
DNK,Denmark,2013,80.3
DNK,Denmark,2012,80.0512195121951
DNK,Denmark,2011,79.8
DNK,Denmark,2010,79.1
DNK,Denmark,2009,78.5975609756098
DNK,Denmark,2008,78.4463414634146
DNK,Denmark,2007,78.1951219512195
DNK,Denmark,2006,78.0951219512195
DNK,Denmark,2005,77.8439024390244
DNK,Denmark,2004,77.4926829268293
DNK,Denmark,2003,77.1439024390244
DNK,Denmark,2002,76.8951219512195
DNK,Denmark,2001,76.7926829268293
DNK,Denmark,2000,76.5926829268293
DNK,Denmark,1999,76.3414634146341
DNK,Denmark,1998,76.1390243902439
DNK,Denmark,1997,75.9451219512195
DNK,Denmark,1996,75.5914634146342
DNK,Denmark,1995,75.2126829268293
DNK,Denmark,1994,75.3751219512195
DNK,Denmark,1993,75.1168292682927
DNK,Denmark,1992,75.1941463414634
DNK,Denmark,1991,75.1578048780488
DNK,Denmark,1990,74.8053658536585
DJI,Djibouti,2020,64.2
DJI,Djibouti,2019,64.381
DJI,Djibouti,2018,64.105
DJI,Djibouti,2017,63.71
DJI,Djibouti,2016,63.335
DJI,Djibouti,2015,62.833
DJI,Djibouti,2014,62.427
DJI,Djibouti,2013,62.116
DJI,Djibouti,2012,61.719
DJI,Djibouti,2011,61.337
DJI,Djibouti,2010,60.743
DJI,Djibouti,2009,60.351
DJI,Djibouti,2008,59.815
DJI,Djibouti,2007,59.362
DJI,Djibouti,2006,58.962
DJI,Djibouti,2005,58.548
DJI,Djibouti,2004,58.103
DJI,Djibouti,2003,58.041
DJI,Djibouti,2002,57.824
DJI,Djibouti,2001,57.506
DJI,Djibouti,2000,56.734
DJI,Djibouti,1999,56.564
DJI,Djibouti,1998,56.426
DJI,Djibouti,1997,56.207
DJI,Djibouti,1996,56.33
DJI,Djibouti,1995,56.234
DJI,Djibouti,1994,55.592
DJI,Djibouti,1993,55.734
DJI,Djibouti,1992,54.375
DJI,Djibouti,1991,55.194
DJI,Djibouti,1990,55.469
DMA,Dominica,2020,71.269
DMA,Dominica,2019,71.305
DMA,Dominica,2018,71.378
DMA,Dominica,2017,68.62
DMA,Dominica,2016,71.189
DMA,Dominica,2015,69.968
DMA,Dominica,2014,71.189
DMA,Dominica,2013,71.228
DMA,Dominica,2012,71.391
DMA,Dominica,2011,71.517
DMA,Dominica,2010,71.68
DMA,Dominica,2009,71.835
DMA,Dominica,2008,71.945
DMA,Dominica,2007,71.901
DMA,Dominica,2006,72.007
DMA,Dominica,2005,72.016
DMA,Dominica,2004,71.987
DMA,Dominica,2003,71.942
DMA,Dominica,2002,71.927
DMA,Dominica,2001,71.862
DMA,Dominica,2000,71.715
DMA,Dominica,1999,71.527
DMA,Dominica,1998,71.352
DMA,Dominica,1997,71.195
DMA,Dominica,1996,71.039
DMA,Dominica,1995,70.832
DMA,Dominica,1994,70.777
DMA,Dominica,1993,70.612
DMA,Dominica,1992,70.473
DMA,Dominica,1991,70.398
DMA,Dominica,1990,70.471
DOM,Dominican Republic,2020,72.636
DOM,Dominican Republic,2019,73.112
DOM,Dominican Republic,2018,73.555
DOM,Dominican Republic,2017,73.37
DOM,Dominican Republic,2016,72.889
DOM,Dominican Republic,2015,72.982
DOM,Dominican Republic,2014,73.145
DOM,Dominican Republic,2013,73.038
DOM,Dominican Republic,2012,72.817
DOM,Dominican Republic,2011,72.496
DOM,Dominican Republic,2010,72.039
DOM,Dominican Republic,2009,71.587
DOM,Dominican Republic,2008,71.331
DOM,Dominican Republic,2007,71.097
DOM,Dominican Republic,2006,71.054
DOM,Dominican Republic,2005,71.043
DOM,Dominican Republic,2004,70.73
DOM,Dominican Republic,2003,70.856
DOM,Dominican Republic,2002,70.719
DOM,Dominican Republic,2001,70.553
DOM,Dominican Republic,2000,70.365
DOM,Dominican Republic,1999,70.178
DOM,Dominican Republic,1998,69.875
DOM,Dominican Republic,1997,69.809
DOM,Dominican Republic,1996,69.595
DOM,Dominican Republic,1995,69.394
DOM,Dominican Republic,1994,69.16
DOM,Dominican Republic,1993,68.86
DOM,Dominican Republic,1992,68.525
DOM,Dominican Republic,1991,68.154
DOM,Dominican Republic,1990,67.746
ECU,Ecuador,2020,72.004
ECU,Ecuador,2019,77.286
ECU,Ecuador,2018,77.248
ECU,Ecuador,2017,76.22
ECU,Ecuador,2016,76.094
ECU,Ecuador,2015,76.222
ECU,Ecuador,2014,76.141
ECU,Ecuador,2013,75.832
ECU,Ecuador,2012,75.486
ECU,Ecuador,2011,75.179
ECU,Ecuador,2010,75.188
ECU,Ecuador,2009,74.901
ECU,Ecuador,2008,74.709
ECU,Ecuador,2007,74.226
ECU,Ecuador,2006,74.01
ECU,Ecuador,2005,73.909
ECU,Ecuador,2004,73.868
ECU,Ecuador,2003,73.632
ECU,Ecuador,2002,73.164
ECU,Ecuador,2001,72.571
ECU,Ecuador,2000,72.09
ECU,Ecuador,1999,71.92
ECU,Ecuador,1998,71.949
ECU,Ecuador,1997,72.007
ECU,Ecuador,1996,71.82
ECU,Ecuador,1995,71.349
ECU,Ecuador,1994,70.876
ECU,Ecuador,1993,70.07
ECU,Ecuador,1992,69.468
ECU,Ecuador,1991,69.04
ECU,Ecuador,1990,68.445
EGY,"Egypt, Arab Rep.",2020,69.79
EGY,"Egypt, Arab Rep.",2019,71.213
EGY,"Egypt, Arab Rep.",2018,70.974
EGY,"Egypt, Arab Rep.",2017,70.709
EGY,"Egypt, Arab Rep.",2016,70.437
EGY,"Egypt, Arab Rep.",2015,70.135
EGY,"Egypt, Arab Rep.",2014,69.911
EGY,"Egypt, Arab Rep.",2013,69.632
EGY,"Egypt, Arab Rep.",2012,69.464
EGY,"Egypt, Arab Rep.",2011,69.232
EGY,"Egypt, Arab Rep.",2010,69.078
EGY,"Egypt, Arab Rep.",2009,68.915
EGY,"Egypt, Arab Rep.",2008,68.761
EGY,"Egypt, Arab Rep.",2007,68.627
EGY,"Egypt, Arab Rep.",2006,68.493
EGY,"Egypt, Arab Rep.",2005,68.355
EGY,"Egypt, Arab Rep.",2004,68.211
EGY,"Egypt, Arab Rep.",2003,68.045
EGY,"Egypt, Arab Rep.",2002,67.846
EGY,"Egypt, Arab Rep.",2001,67.612
EGY,"Egypt, Arab Rep.",2000,67.332
EGY,"Egypt, Arab Rep.",1999,67.01
EGY,"Egypt, Arab Rep.",1998,66.635
EGY,"Egypt, Arab Rep.",1997,66.207
EGY,"Egypt, Arab Rep.",1996,65.733
EGY,"Egypt, Arab Rep.",1995,65.214
EGY,"Egypt, Arab Rep.",1994,64.663
EGY,"Egypt, Arab Rep.",1993,64.147
EGY,"Egypt, Arab Rep.",1992,63.585
EGY,"Egypt, Arab Rep.",1991,63.059
EGY,"Egypt, Arab Rep.",1990,62.513
SLV,El Salvador,2020,70.244
SLV,El Salvador,2019,71.725
SLV,El Salvador,2018,71.384
SLV,El Salvador,2017,71.007
SLV,El Salvador,2016,70.908
SLV,El Salvador,2015,70.952
SLV,El Salvador,2014,71.144
SLV,El Salvador,2013,71.225
SLV,El Salvador,2012,71.42
SLV,El Salvador,2011,71.192
SLV,El Salvador,2010,70.909
SLV,El Salvador,2009,70.359
SLV,El Salvador,2008,70.138
SLV,El Salvador,2007,69.82
SLV,El Salvador,2006,69.612
SLV,El Salvador,2005,69.336
SLV,El Salvador,2004,69.295
SLV,El Salvador,2003,68.792
SLV,El Salvador,2002,68.526
SLV,El Salvador,2001,67.965
SLV,El Salvador,2000,67.711
SLV,El Salvador,1999,67.285
SLV,El Salvador,1998,66.655
SLV,El Salvador,1997,66.248
SLV,El Salvador,1996,65.48
SLV,El Salvador,1995,64.903
SLV,El Salvador,1994,64.47
SLV,El Salvador,1993,63.998
SLV,El Salvador,1992,62.944
SLV,El Salvador,1991,62.542
SLV,El Salvador,1990,61.981
GNQ,Equatorial Guinea,2020,62.141
GNQ,Equatorial Guinea,2019,62.297
GNQ,Equatorial Guinea,2018,61.915
GNQ,Equatorial Guinea,2017,61.481
GNQ,Equatorial Guinea,2016,61.081
GNQ,Equatorial Guinea,2015,60.635
GNQ,Equatorial Guinea,2014,60.228
GNQ,Equatorial Guinea,2013,59.784
GNQ,Equatorial Guinea,2012,59.301
GNQ,Equatorial Guinea,2011,58.827
GNQ,Equatorial Guinea,2010,58.344
GNQ,Equatorial Guinea,2009,57.881
GNQ,Equatorial Guinea,2008,57.384
GNQ,Equatorial Guinea,2007,56.857
GNQ,Equatorial Guinea,2006,56.354
GNQ,Equatorial Guinea,2005,55.766
GNQ,Equatorial Guinea,2004,55.307
GNQ,Equatorial Guinea,2003,54.791
GNQ,Equatorial Guinea,2002,54.324
GNQ,Equatorial Guinea,2001,53.827
GNQ,Equatorial Guinea,2000,53.395
GNQ,Equatorial Guinea,1999,53.001
GNQ,Equatorial Guinea,1998,52.646
GNQ,Equatorial Guinea,1997,52.365
GNQ,Equatorial Guinea,1996,52.123
GNQ,Equatorial Guinea,1995,51.926
GNQ,Equatorial Guinea,1994,51.785
GNQ,Equatorial Guinea,1993,51.671
GNQ,Equatorial Guinea,1992,51.579
GNQ,Equatorial Guinea,1991,51.497
GNQ,Equatorial Guinea,1990,51.397
ERI,Eritrea,2020,66.98
ERI,Eritrea,2019,67.306
ERI,Eritrea,2018,66.979
ERI,Eritrea,2017,66.612
ERI,Eritrea,2016,66.242
ERI,Eritrea,2015,65.909
ERI,Eritrea,2014,65.517
ERI,Eritrea,2013,65.005
ERI,Eritrea,2012,64.697
ERI,Eritrea,2011,64.231
ERI,Eritrea,2010,63.665
ERI,Eritrea,2009,63.203
ERI,Eritrea,2008,62.422
ERI,Eritrea,2007,61.998
ERI,Eritrea,2006,61.457
ERI,Eritrea,2005,60.628
ERI,Eritrea,2004,60.063
ERI,Eritrea,2003,59.455
ERI,Eritrea,2002,58.941
ERI,Eritrea,2001,58.359
ERI,Eritrea,2000,56.285
ERI,Eritrea,1999,44.506
ERI,Eritrea,1998,49.997
ERI,Eritrea,1997,56.155
ERI,Eritrea,1996,55.498
ERI,Eritrea,1995,54.822
ERI,Eritrea,1994,54.027
ERI,Eritrea,1993,53.189
ERI,Eritrea,1992,52.436
ERI,Eritrea,1991,50.516
ERI,Eritrea,1990,49.733
EST,Estonia,2020,78.5951219512195
EST,Estonia,2019,78.6463414634147
EST,Estonia,2018,78.2439024390244
EST,Estonia,2017,78.0926829268293
EST,Estonia,2016,77.6414634146342
EST,Estonia,2015,77.590243902439
EST,Estonia,2014,77.0341463414634
EST,Estonia,2013,77.1414634146341
EST,Estonia,2012,76.3268292682927
EST,Estonia,2011,76.2292682926829
EST,Estonia,2010,75.4292682926829
EST,Estonia,2009,74.8243902439024
EST,Estonia,2008,73.7707317073171
EST,Estonia,2007,72.8146341463415
EST,Estonia,2006,72.6914634146341
EST,Estonia,2005,72.5682926829268
EST,Estonia,2004,71.909756097561
EST,Estonia,2003,71.3170731707317
EST,Estonia,2002,70.9048780487805
EST,Estonia,2001,70.2585365853659
EST,Estonia,2000,70.4170731707317
EST,Estonia,1999,70.0634146341463
EST,Estonia,1998,69.3585365853659
EST,Estonia,1997,69.809756097561
EST,Estonia,1996,69.6121951219512
EST,Estonia,1995,67.5439024390244
EST,Estonia,1994,66.5
EST,Estonia,1993,67.909756097561
EST,Estonia,1992,68.8634146341464
EST,Estonia,1991,69.3731707317073
EST,Estonia,1990,69.4756097560976
SWZ,Eswatini,2020,59.862
SWZ,Eswatini,2019,59.85
SWZ,Eswatini,2018,58.707
SWZ,Eswatini,2017,57.574
SWZ,Eswatini,2016,56.228
SWZ,Eswatini,2015,54.941
SWZ,Eswatini,2014,53.491
SWZ,Eswatini,2013,52.11
SWZ,Eswatini,2012,50.714
SWZ,Eswatini,2011,49.057
SWZ,Eswatini,2010,48.331
SWZ,Eswatini,2009,46.913
SWZ,Eswatini,2008,45.853
SWZ,Eswatini,2007,45.16
SWZ,Eswatini,2006,44.563
SWZ,Eswatini,2005,43.958
SWZ,Eswatini,2004,43.906
SWZ,Eswatini,2003,44.632
SWZ,Eswatini,2002,45.38
SWZ,Eswatini,2001,46.344
SWZ,Eswatini,2000,47.627
SWZ,Eswatini,1999,48.808
SWZ,Eswatini,1998,50.066
SWZ,Eswatini,1997,51.699
SWZ,Eswatini,1996,53.296
SWZ,Eswatini,1995,55.08
SWZ,Eswatini,1994,56.643
SWZ,Eswatini,1993,58.092
SWZ,Eswatini,1992,59.284
SWZ,Eswatini,1991,60.392
SWZ,Eswatini,1990,61.167
ETH,Ethiopia,2020,65.969
ETH,Ethiopia,2019,65.741
ETH,Ethiopia,2018,65.257
ETH,Ethiopia,2017,64.766
ETH,Ethiopia,2016,64.162
ETH,Ethiopia,2015,63.592
ETH,Ethiopia,2014,62.927
ETH,Ethiopia,2013,62.161
ETH,Ethiopia,2012,61.443
ETH,Ethiopia,2011,60.595
ETH,Ethiopia,2010,59.709
ETH,Ethiopia,2009,58.715
ETH,Ethiopia,2008,57.733
ETH,Ethiopia,2007,56.566
ETH,Ethiopia,2006,55.402
ETH,Ethiopia,2005,54.364
ETH,Ethiopia,2004,53.735
ETH,Ethiopia,2003,52.877
ETH,Ethiopia,2002,52.085
ETH,Ethiopia,2001,51.428
ETH,Ethiopia,2000,50.88
ETH,Ethiopia,1999,49.486
ETH,Ethiopia,1998,49.785
ETH,Ethiopia,1997,49.21
ETH,Ethiopia,1996,48.697
ETH,Ethiopia,1995,48.156
ETH,Ethiopia,1994,47.926
ETH,Ethiopia,1993,47.676
ETH,Ethiopia,1992,47.279
ETH,Ethiopia,1991,46.657
ETH,Ethiopia,1990,45.117
FRO,Faroe Islands,2020,82.5341926829268
FRO,Faroe Islands,2019,82.3912829268293
FRO,Faroe Islands,2018,82.2486024390244
FRO,Faroe Islands,2017,82.1062926829268
FRO,Faroe Islands,2016,81.962112195122
FRO,Faroe Islands,2015,81.7995975609756
FRO,Faroe Islands,2014,81.5912048780488
FRO,Faroe Islands,2013,81.356643902439
FRO,Faroe Islands,2012,81.1060951219512
FRO,Faroe Islands,2011,80.8518097560976
FRO,Faroe Islands,2010,80.604956097561
FRO,Faroe Islands,2009,80.3695317073171
FRO,Faroe Islands,2008,80.1460804878049
FRO,Faroe Islands,2007,79.9238243902439
FRO,Faroe Islands,2006,79.6898609756098
FRO,Faroe Islands,2005,79.4453463414634
FRO,Faroe Islands,2004,79.2049804878049
FRO,Faroe Islands,2003,78.9848073170732
FRO,Faroe Islands,2002,78.7876585365854
FRO,Faroe Islands,2001,78.6017292682927
FRO,Faroe Islands,2000,78.4119073170732
FRO,Faroe Islands,1999,78.2087731707317
FRO,Faroe Islands,1998,77.9979951219512
FRO,Faroe Islands,1997,77.7854414634146
FRO,Faroe Islands,1996,77.5619634146341
FRO,Faroe Islands,1995,77.3228243902439
FRO,Faroe Islands,1994,77.0694536585366
FRO,Faroe Islands,1993,76.8286975609756
FRO,Faroe Islands,1992,76.5918219512195
FRO,Faroe Islands,1991,76.3555731707317
FRO,Faroe Islands,1990,76.1188024390244
FJI,Fiji,2020,66.924
FJI,Fiji,2019,67.009
FJI,Fiji,2018,66.965
FJI,Fiji,2017,67.06
FJI,Fiji,2016,66.657
FJI,Fiji,2015,66.48
FJI,Fiji,2014,66.581
FJI,Fiji,2013,66.545
FJI,Fiji,2012,65.812
FJI,Fiji,2011,66.88
FJI,Fiji,2010,66.778
FJI,Fiji,2009,66.347
FJI,Fiji,2008,66.32
FJI,Fiji,2007,66.161
FJI,Fiji,2006,66.126
FJI,Fiji,2005,65.983
FJI,Fiji,2004,65.841
FJI,Fiji,2003,65.653
FJI,Fiji,2002,65.492
FJI,Fiji,2001,66.205
FJI,Fiji,2000,66.194
FJI,Fiji,1999,66.728
FJI,Fiji,1998,66.536
FJI,Fiji,1997,66.293
FJI,Fiji,1996,66.202
FJI,Fiji,1995,66.007
FJI,Fiji,1994,65.796
FJI,Fiji,1993,65.51
FJI,Fiji,1992,65.407
FJI,Fiji,1991,65.457
FJI,Fiji,1990,65.056
FIN,Finland,2020,81.9317073170732
FIN,Finland,2019,81.9829268292683
FIN,Finland,2018,81.7341463414634
FIN,Finland,2017,81.6317073170732
FIN,Finland,2016,81.4292682926829
FIN,Finland,2015,81.4804878048781
FIN,Finland,2014,81.1804878048781
FIN,Finland,2013,80.9756097560976
FIN,Finland,2012,80.6268292682927
FIN,Finland,2011,80.4707317073171
FIN,Finland,2010,79.8707317073171
FIN,Finland,2009,79.719512195122
FIN,Finland,2008,79.5682926829268
FIN,Finland,2007,79.2634146341464
FIN,Finland,2006,79.2146341463415
FIN,Finland,2005,78.8170731707317
FIN,Finland,2004,78.7146341463415
FIN,Finland,2003,78.3682926829268
FIN,Finland,2002,78.119512195122
FIN,Finland,2001,77.9658536585366
FIN,Finland,2000,77.4658536585366
FIN,Finland,1999,77.2912195121951
FIN,Finland,1998,77.0907317073171
FIN,Finland,1997,76.8785365853659
FIN,Finland,1996,76.6934146341464
FIN,Finland,1995,76.409512195122
FIN,Finland,1994,76.3956097560976
FIN,Finland,1993,75.7051219512195
FIN,Finland,1992,75.4553658536585
FIN,Finland,1991,75.2275609756098
FIN,Finland,1990,74.8131707317073
FRA,France,2020,82.1756097560976
FRA,France,2019,82.8268292682927
FRA,France,2018,82.6756097560976
FRA,France,2017,82.5756097560976
FRA,France,2016,82.5731707317073
FRA,France,2015,82.3219512195122
FRA,France,2014,82.719512195122
FRA,France,2013,82.219512195122
FRA,France,2012,81.9682926829268
FRA,France,2011,82.1146341463415
FRA,France,2010,81.6634146341463
FRA,France,2009,81.4146341463415
FRA,France,2008,81.2146341463415
FRA,France,2007,81.1121951219512
FRA,France,2006,80.8121951219512
FRA,France,2005,80.1634146341463
FRA,France,2004,80.1634146341463
FRA,France,2003,79.1146341463415
FRA,France,2002,79.2609756097561
FRA,France,2001,79.1585365853659
FRA,France,2000,79.0560975609756
FRA,France,1999,78.7560975609756
FRA,France,1998,78.6048780487805
FRA,France,1997,78.3048780487805
FRA,France,1996,77.9536585365854
FRA,France,1995,77.7512195121951
FRA,France,1994,77.6487804878049
FRA,France,1993,77.3
FRA,France,1992,77.1
FRA,France,1991,76.8487804878049
FRA,France,1990,76.6
PYF,French Polynesia,2020,82.459
PYF,French Polynesia,2019,83.195
PYF,French Polynesia,2018,82.985
PYF,French Polynesia,2017,82.774
PYF,French Polynesia,2016,82.555
PYF,French Polynesia,2015,82.339
PYF,French Polynesia,2014,82.151
PYF,French Polynesia,2013,81.935
PYF,French Polynesia,2012,81.695
PYF,French Polynesia,2011,81.434
PYF,French Polynesia,2010,81.141
PYF,French Polynesia,2009,80.867
PYF,French Polynesia,2008,80.587
PYF,French Polynesia,2007,80.328
PYF,French Polynesia,2006,80.1
PYF,French Polynesia,2005,79.951
PYF,French Polynesia,2004,79.829
PYF,French Polynesia,2003,79.71
PYF,French Polynesia,2002,79.544
PYF,French Polynesia,2001,79.316
PYF,French Polynesia,2000,79.0
PYF,French Polynesia,1999,78.574
PYF,French Polynesia,1998,77.842
PYF,French Polynesia,1997,77.38
PYF,French Polynesia,1996,76.813
PYF,French Polynesia,1995,76.243
PYF,French Polynesia,1994,75.65
PYF,French Polynesia,1993,75.191
PYF,French Polynesia,1992,74.746
PYF,French Polynesia,1991,74.295
PYF,French Polynesia,1990,73.908
GAB,Gabon,2020,67.073
GAB,Gabon,2019,67.337
GAB,Gabon,2018,67.043
GAB,Gabon,2017,66.816
GAB,Gabon,2016,66.583
GAB,Gabon,2015,66.336
GAB,Gabon,2014,66.07
GAB,Gabon,2013,65.751
GAB,Gabon,2012,65.438
GAB,Gabon,2011,65.102
GAB,Gabon,2010,64.715
GAB,Gabon,2009,64.361
GAB,Gabon,2008,64.011
GAB,Gabon,2007,63.619
GAB,Gabon,2006,63.259
GAB,Gabon,2005,62.978
GAB,Gabon,2004,62.694
GAB,Gabon,2003,62.463
GAB,Gabon,2002,62.175
GAB,Gabon,2001,61.982
GAB,Gabon,2000,61.81
GAB,Gabon,1999,61.658
GAB,Gabon,1998,61.506
GAB,Gabon,1997,61.395
GAB,Gabon,1996,61.265
GAB,Gabon,1995,61.27
GAB,Gabon,1994,61.183
GAB,Gabon,1993,61.125
GAB,Gabon,1992,61.013
GAB,Gabon,1991,60.891
GAB,Gabon,1990,60.736
GMB,"Gambia, The",2020,64.418
GMB,"Gambia, The",2019,64.427
GMB,"Gambia, The",2018,64.034
GMB,"Gambia, The",2017,63.708
GMB,"Gambia, The",2016,63.386
GMB,"Gambia, The",2015,62.971
GMB,"Gambia, The",2014,62.576
GMB,"Gambia, The",2013,62.252
GMB,"Gambia, The",2012,61.9
GMB,"Gambia, The",2011,61.561
GMB,"Gambia, The",2010,61.167
GMB,"Gambia, The",2009,60.735
GMB,"Gambia, The",2008,60.473
GMB,"Gambia, The",2007,60.001
GMB,"Gambia, The",2006,59.667
GMB,"Gambia, The",2005,59.11
GMB,"Gambia, The",2004,58.749
GMB,"Gambia, The",2003,58.223
GMB,"Gambia, The",2002,57.736
GMB,"Gambia, The",2001,57.283
GMB,"Gambia, The",2000,56.899
GMB,"Gambia, The",1999,56.466
GMB,"Gambia, The",1998,56.007
GMB,"Gambia, The",1997,55.225
GMB,"Gambia, The",1996,54.849
GMB,"Gambia, The",1995,54.292
GMB,"Gambia, The",1994,53.768
GMB,"Gambia, The",1993,53.15
GMB,"Gambia, The",1992,52.477
GMB,"Gambia, The",1991,51.857
GMB,"Gambia, The",1990,51.278
GEO,Georgia,2020,73.509
GEO,Georgia,2019,74.165
GEO,Georgia,2018,73.985
GEO,Georgia,2017,73.435
GEO,Georgia,2016,73.136
GEO,Georgia,2015,73.241
GEO,Georgia,2014,73.105
GEO,Georgia,2013,73.025
GEO,Georgia,2012,72.672
GEO,Georgia,2011,72.485
GEO,Georgia,2010,71.732
GEO,Georgia,2009,71.058
GEO,Georgia,2008,70.949
GEO,Georgia,2007,70.985
GEO,Georgia,2006,70.983
GEO,Georgia,2005,70.689
GEO,Georgia,2004,71.011
GEO,Georgia,2003,71.377
GEO,Georgia,2002,70.438
GEO,Georgia,2001,70.371
GEO,Georgia,2000,70.091
GEO,Georgia,1999,70.012
GEO,Georgia,1998,69.787
GEO,Georgia,1997,69.683
GEO,Georgia,1996,70.637
GEO,Georgia,1995,69.398
GEO,Georgia,1994,68.669
GEO,Georgia,1993,67.405
GEO,Georgia,1992,67.78
GEO,Georgia,1991,68.202
GEO,Georgia,1990,68.679
DEU,Germany,2020,81.0414634146342
DEU,Germany,2019,81.2926829268293
DEU,Germany,2018,80.8926829268293
DEU,Germany,2017,80.9926829268293
DEU,Germany,2016,80.990243902439
DEU,Germany,2015,80.6414634146341
DEU,Germany,2014,81.090243902439
DEU,Germany,2013,80.490243902439
DEU,Germany,2012,80.5390243902439
DEU,Germany,2011,80.4365853658537
DEU,Germany,2010,79.9878048780488
DEU,Germany,2009,79.8365853658537
DEU,Germany,2008,79.7365853658537
DEU,Germany,2007,79.5341463414634
DEU,Germany,2006,79.1317073170732
DEU,Germany,2005,78.9317073170732
DEU,Germany,2004,78.6804878048781
DEU,Germany,2003,78.3804878048781
DEU,Germany,2002,78.2292682926829
DEU,Germany,2001,78.3292682926829
DEU,Germany,2000,77.9268292682927
DEU,Germany,1999,77.7268292682927
DEU,Germany,1998,77.4756097560976
DEU,Germany,1997,77.0731707317073
DEU,Germany,1996,76.6731707317073
DEU,Germany,1995,76.4219512195122
DEU,Germany,1994,76.2707317073171
DEU,Germany,1993,75.8707317073171
DEU,Germany,1992,75.819512195122
DEU,Germany,1991,75.319512195122
DEU,Germany,1990,75.0856341463415
GHA,Ghana,2020,64.309
GHA,Ghana,2019,64.455
GHA,Ghana,2018,64.138
GHA,Ghana,2017,63.829
GHA,Ghana,2016,63.522
GHA,Ghana,2015,63.175
GHA,Ghana,2014,62.832
GHA,Ghana,2013,62.397
GHA,Ghana,2012,61.995
GHA,Ghana,2011,61.617
GHA,Ghana,2010,61.297
GHA,Ghana,2009,60.928
GHA,Ghana,2008,60.578
GHA,Ghana,2007,60.282
GHA,Ghana,2006,59.975
GHA,Ghana,2005,59.638
GHA,Ghana,2004,59.316
GHA,Ghana,2003,59.014
GHA,Ghana,2002,58.709
GHA,Ghana,2001,58.403
GHA,Ghana,2000,58.139
GHA,Ghana,1999,57.835
GHA,Ghana,1998,57.525
GHA,Ghana,1997,57.241
GHA,Ghana,1996,56.957
GHA,Ghana,1995,56.662
GHA,Ghana,1994,56.234
GHA,Ghana,1993,56.286
GHA,Ghana,1992,56.055
GHA,Ghana,1991,55.722
GHA,Ghana,1990,55.395
GIB,Gibraltar,2020,83.07
GIB,Gibraltar,2019,83.183
GIB,Gibraltar,2018,83.028
GIB,Gibraltar,2017,82.858
GIB,Gibraltar,2016,82.741
GIB,Gibraltar,2015,82.668
GIB,Gibraltar,2014,82.644
GIB,Gibraltar,2013,82.586
GIB,Gibraltar,2012,82.527
GIB,Gibraltar,2011,82.333
GIB,Gibraltar,2010,82.08
GIB,Gibraltar,2009,81.807
GIB,Gibraltar,2008,81.541
GIB,Gibraltar,2007,81.269
GIB,Gibraltar,2006,81.103
GIB,Gibraltar,2005,80.991
GIB,Gibraltar,2004,80.856
GIB,Gibraltar,2003,80.713
GIB,Gibraltar,2002,80.59
GIB,Gibraltar,2001,80.419
GIB,Gibraltar,2000,80.145
GIB,Gibraltar,1999,79.812
GIB,Gibraltar,1998,79.477
GIB,Gibraltar,1997,79.097
GIB,Gibraltar,1996,78.696
GIB,Gibraltar,1995,78.345
GIB,Gibraltar,1994,78.052
GIB,Gibraltar,1993,77.722
GIB,Gibraltar,1992,77.412
GIB,Gibraltar,1991,77.118
GIB,Gibraltar,1990,76.814
GRC,Greece,2020,81.2878048780488
GRC,Greece,2019,81.6390243902439
GRC,Greece,2018,81.7878048780488
GRC,Greece,2017,81.2878048780488
GRC,Greece,2016,81.3878048780488
GRC,Greece,2015,81.0365853658537
GRC,Greece,2014,81.3853658536585
GRC,Greece,2013,81.2853658536585
GRC,Greece,2012,80.6341463414634
GRC,Greece,2011,80.7317073170732
GRC,Greece,2010,80.3878048780488
GRC,Greece,2009,80.1878048780488
GRC,Greece,2008,79.9390243902439
GRC,Greece,2007,79.4390243902439
GRC,Greece,2006,79.4390243902439
GRC,Greece,2005,79.2390243902439
GRC,Greece,2004,79.0390243902439
GRC,Greece,2003,78.8414634146341
GRC,Greece,2002,78.6414634146341
GRC,Greece,2001,78.3878048780488
GRC,Greece,2000,77.8878048780488
GRC,Greece,1999,77.9878048780488
GRC,Greece,1998,77.8390243902439
GRC,Greece,1997,78.1365853658537
GRC,Greece,1996,77.6853658536585
GRC,Greece,1995,77.5853658536585
GRC,Greece,1994,77.6390243902439
GRC,Greece,1993,77.390243902439
GRC,Greece,1992,77.3829268292683
GRC,Greece,1991,77.1365853658537
GRC,Greece,1990,76.9390243902439
GRL,Greenland,2020,71.2858536585366
GRL,Greenland,2019,71.4092682926829
GRL,Greenland,2018,71.3609756097561
GRL,Greenland,2017,71.2563414634146
GRL,Greenland,2016,71.1990243902439
GRL,Greenland,2015,70.909756097561
GRL,Greenland,2014,70.5082926829268
GRL,Greenland,2013,70.2917073170732
GRL,Greenland,2012,69.959512195122
GRL,Greenland,2011,69.6146341463415
GRL,Greenland,2010,69.349756097561
GRL,Greenland,2009,69.0321951219512
GRL,Greenland,2008,68.5660975609756
GRL,Greenland,2007,68.2739024390244
GRL,Greenland,2006,67.8180487804878
GRL,Greenland,2005,67.3051219512195
GRL,Greenland,2004,66.8080487804878
GRL,Greenland,2003,66.1229268292683
GRL,Greenland,2002,65.419512195122
GRL,Greenland,2001,65.0058536585366
GRL,Greenland,2000,64.8034146341463
GRL,Greenland,1999,65.8336585365854
GRL,Greenland,1998,66.1570731707317
GRL,Greenland,1997,65.7980487804878
GRL,Greenland,1996,65.7673170731707
GRL,Greenland,1995,65.6441463414634
GRL,Greenland,1994,65.9009756097561
GRL,Greenland,1993,65.5853658536585
GRL,Greenland,1992,65.1960975609756
GRL,Greenland,1991,65.0317073170732
GRL,Greenland,1990,65.0682926829268
GRD,Grenada,2020,75.019
GRD,Grenada,2019,74.971
GRD,Grenada,2018,74.957
GRD,Grenada,2017,74.977
GRD,Grenada,2016,75.01
GRD,Grenada,2015,75.037
GRD,Grenada,2014,75.045
GRD,Grenada,2013,75.022
GRD,Grenada,2012,74.961
GRD,Grenada,2011,74.861
GRD,Grenada,2010,74.731
GRD,Grenada,2009,74.567
GRD,Grenada,2008,74.374
GRD,Grenada,2007,74.159
GRD,Grenada,2006,73.93
GRD,Grenada,2005,73.7
GRD,Grenada,2004,72.447
GRD,Grenada,2003,73.291
GRD,Grenada,2002,73.142
GRD,Grenada,2001,73.034
GRD,Grenada,2000,72.955
GRD,Grenada,1999,72.873
GRD,Grenada,1998,72.762
GRD,Grenada,1997,72.6
GRD,Grenada,1996,72.373
GRD,Grenada,1995,72.094
GRD,Grenada,1994,71.78
GRD,Grenada,1993,71.45
GRD,Grenada,1992,71.125
GRD,Grenada,1991,70.823
GRD,Grenada,1990,70.546
GUM,Guam,2020,75.529
GUM,Guam,2019,76.645
GUM,Guam,2018,76.561
GUM,Guam,2017,76.463
GUM,Guam,2016,76.449
GUM,Guam,2015,76.444
GUM,Guam,2014,76.423
GUM,Guam,2013,76.361
GUM,Guam,2012,76.237
GUM,Guam,2011,76.153
GUM,Guam,2010,76.095
GUM,Guam,2009,76.141
GUM,Guam,2008,76.233
GUM,Guam,2007,76.397
GUM,Guam,2006,76.477
GUM,Guam,2005,76.427
GUM,Guam,2004,76.114
GUM,Guam,2003,75.885
GUM,Guam,2002,75.506
GUM,Guam,2001,75.195
GUM,Guam,2000,74.894
GUM,Guam,1999,74.789
GUM,Guam,1998,74.753
GUM,Guam,1997,74.7
GUM,Guam,1996,74.638
GUM,Guam,1995,74.511
GUM,Guam,1994,74.344
GUM,Guam,1993,74.004
GUM,Guam,1992,73.632
GUM,Guam,1991,73.518
GUM,Guam,1990,73.455
GTM,Guatemala,2020,69.971
GTM,Guatemala,2019,71.639
GTM,Guatemala,2018,71.496
GTM,Guatemala,2017,71.583
GTM,Guatemala,2016,71.215
GTM,Guatemala,2015,70.915
GTM,Guatemala,2014,70.942
GTM,Guatemala,2013,70.878
GTM,Guatemala,2012,70.722
GTM,Guatemala,2011,70.321
GTM,Guatemala,2010,69.885
GTM,Guatemala,2009,69.676
GTM,Guatemala,2008,69.493
GTM,Guatemala,2007,69.299
GTM,Guatemala,2006,68.79
GTM,Guatemala,2005,68.167
GTM,Guatemala,2004,68.245
GTM,Guatemala,2003,68.204
GTM,Guatemala,2002,67.835
GTM,Guatemala,2001,67.436
GTM,Guatemala,2000,67.102
GTM,Guatemala,1999,66.634
GTM,Guatemala,1998,65.969
GTM,Guatemala,1997,65.249
GTM,Guatemala,1996,64.54
GTM,Guatemala,1995,63.662
GTM,Guatemala,1994,63.026
GTM,Guatemala,1993,62.442
GTM,Guatemala,1992,61.992
GTM,Guatemala,1991,61.926
GTM,Guatemala,1990,61.767
GIN,Guinea,2020,59.35
GIN,Guinea,2019,59.379
GIN,Guinea,2018,59.043
GIN,Guinea,2017,58.715
GIN,Guinea,2016,58.49
GIN,Guinea,2015,57.899
GIN,Guinea,2014,57.581
GIN,Guinea,2013,57.459
GIN,Guinea,2012,57.117
GIN,Guinea,2011,56.778
GIN,Guinea,2010,56.431
GIN,Guinea,2009,56.052
GIN,Guinea,2008,55.703
GIN,Guinea,2007,55.233
GIN,Guinea,2006,54.875
GIN,Guinea,2005,54.422
GIN,Guinea,2004,53.975
GIN,Guinea,2003,53.589
GIN,Guinea,2002,53.2
GIN,Guinea,2001,52.669
GIN,Guinea,2000,52.42
GIN,Guinea,1999,51.987
GIN,Guinea,1998,51.61
GIN,Guinea,1997,51.113
GIN,Guinea,1996,50.546
GIN,Guinea,1995,49.836
GIN,Guinea,1994,49.188
GIN,Guinea,1993,48.819
GIN,Guinea,1992,48.266
GIN,Guinea,1991,47.781
GIN,Guinea,1990,47.252
GNB,Guinea-Bissau,2020,61.343
GNB,Guinea-Bissau,2019,62.161
GNB,Guinea-Bissau,2018,61.652
GNB,Guinea-Bissau,2017,61.148
GNB,Guinea-Bissau,2016,60.619
GNB,Guinea-Bissau,2015,60.071
GNB,Guinea-Bissau,2014,59.476
GNB,Guinea-Bissau,2013,58.879
GNB,Guinea-Bissau,2012,58.27
GNB,Guinea-Bissau,2011,57.663
GNB,Guinea-Bissau,2010,56.999
GNB,Guinea-Bissau,2009,56.297
GNB,Guinea-Bissau,2008,55.3
GNB,Guinea-Bissau,2007,54.87
GNB,Guinea-Bissau,2006,54.089
GNB,Guinea-Bissau,2005,52.949
GNB,Guinea-Bissau,2004,52.8
GNB,Guinea-Bissau,2003,52.186
GNB,Guinea-Bissau,2002,51.608
GNB,Guinea-Bissau,2001,51.054
GNB,Guinea-Bissau,2000,50.565
GNB,Guinea-Bissau,1999,48.492
GNB,Guinea-Bissau,1998,48.123
GNB,Guinea-Bissau,1997,48.033
GNB,Guinea-Bissau,1996,48.772
GNB,Guinea-Bissau,1995,48.531
GNB,Guinea-Bissau,1994,47.775
GNB,Guinea-Bissau,1993,47.84
GNB,Guinea-Bissau,1992,47.518
GNB,Guinea-Bissau,1991,47.201
GNB,Guinea-Bissau,1990,46.89
GUY,Guyana,2020,67.751
GUY,Guyana,2019,69.067
GUY,Guyana,2018,68.829
GUY,Guyana,2017,68.543
GUY,Guyana,2016,68.069
GUY,Guyana,2015,67.719
GUY,Guyana,2014,67.334
GUY,Guyana,2013,66.71
GUY,Guyana,2012,66.443
GUY,Guyana,2011,66.469
GUY,Guyana,2010,66.204
GUY,Guyana,2009,66.03
GUY,Guyana,2008,65.721
GUY,Guyana,2007,65.462
GUY,Guyana,2006,64.848
GUY,Guyana,2005,64.392
GUY,Guyana,2004,64.214
GUY,Guyana,2003,64.117
GUY,Guyana,2002,64.183
GUY,Guyana,2001,64.38
GUY,Guyana,2000,64.075
GUY,Guyana,1999,63.772
GUY,Guyana,1998,63.429
GUY,Guyana,1997,62.879
GUY,Guyana,1996,62.691
GUY,Guyana,1995,62.668
GUY,Guyana,1994,63.007
GUY,Guyana,1993,63.016
GUY,Guyana,1992,62.816
GUY,Guyana,1991,62.463
GUY,Guyana,1990,62.254
HTI,Haiti,2020,63.773
HTI,Haiti,2019,64.328
HTI,Haiti,2018,64.077
HTI,Haiti,2017,63.832
HTI,Haiti,2016,63.325
HTI,Haiti,2015,63.224
HTI,Haiti,2014,62.969
HTI,Haiti,2013,62.624
HTI,Haiti,2012,62.273
HTI,Haiti,2011,61.581
HTI,Haiti,2010,45.577
HTI,Haiti,2009,61.694
HTI,Haiti,2008,61.28
HTI,Haiti,2007,61.09
HTI,Haiti,2006,60.74
HTI,Haiti,2005,60.318
HTI,Haiti,2004,58.517
HTI,Haiti,2003,59.44
HTI,Haiti,2002,59.041
HTI,Haiti,2001,58.591
HTI,Haiti,2000,58.175
HTI,Haiti,1999,57.692
HTI,Haiti,1998,57.137
HTI,Haiti,1997,56.675
HTI,Haiti,1996,56.111
HTI,Haiti,1995,55.582
HTI,Haiti,1994,54.731
HTI,Haiti,1993,54.478
HTI,Haiti,1992,54.041
HTI,Haiti,1991,53.524
HTI,Haiti,1990,53.215
HND,Honduras,2020,70.864
HND,Honduras,2019,72.124
HND,Honduras,2018,72.001
HND,Honduras,2017,71.805
HND,Honduras,2016,71.615
HND,Honduras,2015,71.323
HND,Honduras,2014,71.032
HND,Honduras,2013,70.765
HND,Honduras,2012,70.46
HND,Honduras,2011,70.116
HND,Honduras,2010,69.77
HND,Honduras,2009,69.823
HND,Honduras,2008,69.657
HND,Honduras,2007,69.539
HND,Honduras,2006,69.364
HND,Honduras,2005,69.198
HND,Honduras,2004,69.05
HND,Honduras,2003,68.874
HND,Honduras,2002,68.714
HND,Honduras,2001,68.491
HND,Honduras,2000,68.302
HND,Honduras,1999,68.005
HND,Honduras,1998,62.432
HND,Honduras,1997,67.542
HND,Honduras,1996,67.263
HND,Honduras,1995,66.919
HND,Honduras,1994,66.523
HND,Honduras,1993,66.074
HND,Honduras,1992,65.908
HND,Honduras,1991,65.584
HND,Honduras,1990,65.183
HKG,"Hong Kong SAR, China",2020,85.4963414634146
HKG,"Hong Kong SAR, China",2019,85.1558536585366
HKG,"Hong Kong SAR, China",2018,84.869756097561
HKG,"Hong Kong SAR, China",2017,84.6956097560976
HKG,"Hong Kong SAR, China",2016,84.2114634146342
HKG,"Hong Kong SAR, China",2015,84.2526829268293
HKG,"Hong Kong SAR, China",2014,83.9356097560976
HKG,"Hong Kong SAR, China",2013,83.8312195121951
HKG,"Hong Kong SAR, China",2012,83.450243902439
HKG,"Hong Kong SAR, China",2011,83.4119512195122
HKG,"Hong Kong SAR, China",2010,82.9575609756098
HKG,"Hong Kong SAR, China",2009,82.7751219512195
HKG,"Hong Kong SAR, China",2008,82.3404878048781
HKG,"Hong Kong SAR, China",2007,82.3668292682927
HKG,"Hong Kong SAR, China",2006,82.3848780487805
HKG,"Hong Kong SAR, China",2005,81.6090243902439
HKG,"Hong Kong SAR, China",2004,81.7992682926829
HKG,"Hong Kong SAR, China",2003,81.3434146341464
HKG,"Hong Kong SAR, China",2002,81.4521951219512
HKG,"Hong Kong SAR, China",2001,81.4192682926829
HKG,"Hong Kong SAR, China",2000,80.8731707317073
HKG,"Hong Kong SAR, China",1999,80.3726829268293
HKG,"Hong Kong SAR, China",1998,80.1068292682927
HKG,"Hong Kong SAR, China",1997,80.1121951219512
HKG,"Hong Kong SAR, China",1996,79.6275609756098
HKG,"Hong Kong SAR, China",1995,78.6787804878049
HKG,"Hong Kong SAR, China",1994,78.5436585365854
HKG,"Hong Kong SAR, China",1993,78.0160975609756
HKG,"Hong Kong SAR, China",1992,77.6734146341464
HKG,"Hong Kong SAR, China",1991,77.8729268292683
HKG,"Hong Kong SAR, China",1990,77.3707317073171
HUN,Hungary,2020,75.419512195122
HUN,Hungary,2019,76.3195121951219
HUN,Hungary,2018,76.0658536585366
HUN,Hungary,2017,75.8170731707317
HUN,Hungary,2016,76.0634146341464
HUN,Hungary,2015,75.5682926829269
HUN,Hungary,2014,75.7634146341463
HUN,Hungary,2013,75.5658536585366
HUN,Hungary,2012,75.0634146341463
HUN,Hungary,2011,74.8585365853659
HUN,Hungary,2010,74.2073170731707
HUN,Hungary,2009,73.9048780487805
HUN,Hungary,2008,73.7024390243903
HUN,Hungary,2007,73.1512195121951
HUN,Hungary,2006,73.0975609756098
HUN,Hungary,2005,72.6487804878049
HUN,Hungary,2004,72.6487804878049
HUN,Hungary,2003,72.3
HUN,Hungary,2002,72.3487804878049
HUN,Hungary,2001,72.2487804878049
HUN,Hungary,2000,71.2463414634146
HUN,Hungary,1999,70.6770731707317
HUN,Hungary,1998,70.5578048780488
HUN,Hungary,1997,70.7024390243902
HUN,Hungary,1996,70.3287804878049
HUN,Hungary,1995,69.7917073170732
HUN,Hungary,1994,69.469756097561
HUN,Hungary,1993,69.1012195121951
HUN,Hungary,1992,69.1170731707317
HUN,Hungary,1991,69.3770731707317
HUN,Hungary,1990,69.3156097560976
ISL,Iceland,2020,83.0634146341463
ISL,Iceland,2019,83.1634146341463
ISL,Iceland,2018,82.8609756097561
ISL,Iceland,2017,82.6609756097561
ISL,Iceland,2016,82.2048780487805
ISL,Iceland,2015,82.4682926829268
ISL,Iceland,2014,82.8609756097561
ISL,Iceland,2013,82.0609756097561
ISL,Iceland,2012,82.9170731707317
ISL,Iceland,2011,82.3585365853659
ISL,Iceland,2010,81.8975609756097
ISL,Iceland,2009,81.7512195121951
ISL,Iceland,2008,81.609756097561
ISL,Iceland,2007,81.4536585365854
ISL,Iceland,2006,81.1585365853659
ISL,Iceland,2005,81.5024390243902
ISL,Iceland,2004,80.9975609756098
ISL,Iceland,2003,80.9634146341464
ISL,Iceland,2002,80.5024390243903
ISL,Iceland,2001,80.690243902439
ISL,Iceland,2000,79.6536585365854
ISL,Iceland,1999,79.3512195121951
ISL,Iceland,1998,79.6024390243903
ISL,Iceland,1997,78.8853658536585
ISL,Iceland,1996,78.7778048780488
ISL,Iceland,1995,77.9843902439024
ISL,Iceland,1994,79.2470731707317
ISL,Iceland,1993,78.9346341463415
ISL,Iceland,1992,78.760243902439
ISL,Iceland,1991,77.9919512195122
ISL,Iceland,1990,78.0363414634146
IND,India,2020,70.156
IND,India,2019,70.746
IND,India,2018,70.415
IND,India,2017,70.068
IND,India,2016,69.709
IND,India,2015,69.326
IND,India,2014,68.932
IND,India,2013,68.499
IND,India,2012,68.076
IND,India,2011,67.623
IND,India,2010,67.162
IND,India,2009,66.7
IND,India,2008,66.247
IND,India,2007,65.803
IND,India,2006,65.373
IND,India,2005,64.939
IND,India,2004,64.484
IND,India,2003,64.086
IND,India,2002,63.649
IND,India,2001,63.158
IND,India,2000,62.749
IND,India,1999,62.284
IND,India,1998,61.852
IND,India,1997,61.439
IND,India,1996,61.027
IND,India,1995,60.63
IND,India,1994,60.237
IND,India,1993,59.823
IND,India,1992,59.445
IND,India,1991,59.032
IND,India,1990,58.618
IDN,Indonesia,2020,68.817
IDN,Indonesia,2019,70.349
IDN,Indonesia,2018,70.08
IDN,Indonesia,2017,69.953
IDN,Indonesia,2016,69.733
IDN,Indonesia,2015,69.52
IDN,Indonesia,2014,69.292
IDN,Indonesia,2013,69.064
IDN,Indonesia,2012,68.862
IDN,Indonesia,2011,68.629
IDN,Indonesia,2010,68.364
IDN,Indonesia,2009,68.267
IDN,Indonesia,2008,68.085
IDN,Indonesia,2007,67.914
IDN,Indonesia,2006,67.664
IDN,Indonesia,2005,67.531
IDN,Indonesia,2004,65.521
IDN,Indonesia,2003,67.134
IDN,Indonesia,2002,66.954
IDN,Indonesia,2001,66.583
IDN,Indonesia,2000,66.292
IDN,Indonesia,1999,66.001
IDN,Indonesia,1998,65.942
IDN,Indonesia,1997,65.774
IDN,Indonesia,1996,65.465
IDN,Indonesia,1995,65.263
IDN,Indonesia,1994,65.041
IDN,Indonesia,1993,64.851
IDN,Indonesia,1992,64.182
IDN,Indonesia,1991,63.703
IDN,Indonesia,1990,63.249
IRN,"Iran, Islamic Rep.",2020,74.141
IRN,"Iran, Islamic Rep.",2019,76.855
IRN,"Iran, Islamic Rep.",2018,76.621
IRN,"Iran, Islamic Rep.",2017,76.396
IRN,"Iran, Islamic Rep.",2016,76.155
IRN,"Iran, Islamic Rep.",2015,75.907
IRN,"Iran, Islamic Rep.",2014,75.635
IRN,"Iran, Islamic Rep.",2013,75.349
IRN,"Iran, Islamic Rep.",2012,75.039
IRN,"Iran, Islamic Rep.",2011,74.721
IRN,"Iran, Islamic Rep.",2010,74.39
IRN,"Iran, Islamic Rep.",2009,74.041
IRN,"Iran, Islamic Rep.",2008,73.683
IRN,"Iran, Islamic Rep.",2007,73.299
IRN,"Iran, Islamic Rep.",2006,72.895
IRN,"Iran, Islamic Rep.",2005,72.446
IRN,"Iran, Islamic Rep.",2004,72.04
IRN,"Iran, Islamic Rep.",2003,70.464
IRN,"Iran, Islamic Rep.",2002,71.112
IRN,"Iran, Islamic Rep.",2001,70.619
IRN,"Iran, Islamic Rep.",2000,70.166
IRN,"Iran, Islamic Rep.",1999,69.686
IRN,"Iran, Islamic Rep.",1998,69.214
IRN,"Iran, Islamic Rep.",1997,68.649
IRN,"Iran, Islamic Rep.",1996,68.328
IRN,"Iran, Islamic Rep.",1995,67.904
IRN,"Iran, Islamic Rep.",1994,67.49
IRN,"Iran, Islamic Rep.",1993,67.037
IRN,"Iran, Islamic Rep.",1992,66.653
IRN,"Iran, Islamic Rep.",1991,66.233
IRN,"Iran, Islamic Rep.",1990,64.066
IRQ,Iraq,2020,69.651
IRQ,Iraq,2019,71.245
IRQ,Iraq,2018,71.116
IRQ,Iraq,2017,69.788
IRQ,Iraq,2016,68.683
IRQ,Iraq,2015,69.977
IRQ,Iraq,2014,69.679
IRQ,Iraq,2013,69.047
IRQ,Iraq,2012,68.827
IRQ,Iraq,2011,68.435
IRQ,Iraq,2010,68.092
IRQ,Iraq,2009,67.834
IRQ,Iraq,2008,66.465
IRQ,Iraq,2007,64.428
IRQ,Iraq,2006,64.029
IRQ,Iraq,2005,64.899
IRQ,Iraq,2004,64.634
IRQ,Iraq,2003,64.834
IRQ,Iraq,2002,65.724
IRQ,Iraq,2001,65.292
IRQ,Iraq,2000,64.86
IRQ,Iraq,1999,64.532
IRQ,Iraq,1998,64.405
IRQ,Iraq,1997,64.241
IRQ,Iraq,1996,64.618
IRQ,Iraq,1995,64.761
IRQ,Iraq,1994,65.027
IRQ,Iraq,1993,65.31
IRQ,Iraq,1992,65.344
IRQ,Iraq,1991,61.338
IRQ,Iraq,1990,57.587
IRL,Ireland,2020,82.4560975609756
IRL,Ireland,2019,82.7024390243903
IRL,Ireland,2018,82.2048780487805
IRL,Ireland,2017,82.1560975609756
IRL,Ireland,2016,81.6536585365854
IRL,Ireland,2015,81.4536585365854
IRL,Ireland,2014,81.3487804878049
IRL,Ireland,2013,80.9487804878049
IRL,Ireland,2012,80.8463414634146
IRL,Ireland,2011,80.7463414634146
IRL,Ireland,2010,80.7439024390244
IRL,Ireland,2009,80.190243902439
IRL,Ireland,2008,80.0951219512195
IRL,Ireland,2007,79.6414634146341
IRL,Ireland,2006,79.2414634146342
IRL,Ireland,2005,78.9439024390244
IRL,Ireland,2004,78.5390243902439
IRL,Ireland,2003,78.1390243902439
IRL,Ireland,2002,77.6341463414634
IRL,Ireland,2001,77.1341463414634
IRL,Ireland,2000,76.5365853658537
IRL,Ireland,1999,76.0829268292683
IRL,Ireland,1998,76.1804878048781
IRL,Ireland,1997,75.9853658536585
IRL,Ireland,1996,75.8317073170732
IRL,Ireland,1995,75.4693170731707
IRL,Ireland,1994,75.7866341463415
IRL,Ireland,1993,75.2921951219512
IRL,Ireland,1992,75.4150975609756
IRL,Ireland,1991,75.025
IRL,Ireland,1990,74.8460731707317
IMN,Isle of Man,2020,80.591
IMN,Isle of Man,2019,80.74
IMN,Isle of Man,2018,80.614
IMN,Isle of Man,2017,80.506
IMN,Isle of Man,2016,80.391
IMN,Isle of Man,2015,80.267
IMN,Isle of Man,2014,80.199
IMN,Isle of Man,2013,80.12
IMN,Isle of Man,2012,80.007
IMN,Isle of Man,2011,79.836
IMN,Isle of Man,2010,79.613
IMN,Isle of Man,2009,79.303
IMN,Isle of Man,2008,78.899
IMN,Isle of Man,2007,78.451
IMN,Isle of Man,2006,77.971
IMN,Isle of Man,2005,77.453
IMN,Isle of Man,2004,76.876
IMN,Isle of Man,2003,76.319
IMN,Isle of Man,2002,75.785
IMN,Isle of Man,2001,75.289
IMN,Isle of Man,2000,74.842
IMN,Isle of Man,1999,74.469
IMN,Isle of Man,1998,74.204
IMN,Isle of Man,1997,73.9
IMN,Isle of Man,1996,73.634
IMN,Isle of Man,1995,73.371
IMN,Isle of Man,1994,73.14
IMN,Isle of Man,1993,72.822
IMN,Isle of Man,1992,72.544
IMN,Isle of Man,1991,72.183
IMN,Isle of Man,1990,71.8
ISR,Israel,2020,82.6487804878049
ISR,Israel,2019,82.8048780487805
ISR,Israel,2018,82.8024390243903
ISR,Israel,2017,82.5512195121951
ISR,Israel,2016,82.4073170731707
ISR,Israel,2015,82.0512195121951
ISR,Israel,2014,82.1536585365854
ISR,Israel,2013,82.0560975609756
ISR,Israel,2012,81.7048780487805
ISR,Israel,2011,81.6560975609756
ISR,Israel,2010,81.6024390243903
ISR,Israel,2009,81.4048780487805
ISR,Israel,2008,80.9512195121951
ISR,Israel,2007,80.5048780487805
ISR,Israel,2006,80.5536585365854
ISR,Israel,2005,80.1512195121951
ISR,Israel,2004,80.1463414634146
ISR,Israel,2003,79.6487804878049
ISR,Israel,2002,79.4512195121951
ISR,Israel,2001,79.4073170731707
ISR,Israel,2000,78.9536585365854
ISR,Israel,1999,78.6585365853659
ISR,Israel,1998,78.1487804878049
ISR,Israel,1997,78.0
ISR,Israel,1996,78.1048780487805
ISR,Israel,1995,77.4512195121951
ISR,Israel,1994,77.4024390243903
ISR,Israel,1993,77.1536585365854
ISR,Israel,1992,76.5048780487805
ISR,Israel,1991,76.7585365853659
ISR,Israel,1990,76.6073170731707
ITA,Italy,2020,82.1951219512195
ITA,Italy,2019,83.4975609756098
ITA,Italy,2018,83.3463414634146
ITA,Italy,2017,82.9463414634147
ITA,Italy,2016,83.2439024390244
ITA,Italy,2015,82.5439024390244
ITA,Italy,2014,83.090243902439
ITA,Italy,2013,82.690243902439
ITA,Italy,2012,82.2390243902439
ITA,Italy,2011,82.1878048780488
ITA,Italy,2010,82.0365853658537
ITA,Italy,2009,81.6365853658537
ITA,Italy,2008,81.4853658536585
ITA,Italy,2007,81.4341463414634
ITA,Italy,2006,81.2829268292683
ITA,Italy,2005,80.7829268292683
ITA,Italy,2004,80.7804878048781
ITA,Italy,2003,79.9829268292683
ITA,Italy,2002,80.2292682926829
ITA,Italy,2001,80.1268292682927
ITA,Italy,2000,79.7780487804878
ITA,Italy,1999,79.4243902439024
ITA,Italy,1998,78.9756097560976
ITA,Italy,1997,78.8243902439024
ITA,Italy,1996,78.5219512195122
ITA,Italy,1995,78.1707317073171
ITA,Italy,1994,77.9219512195122
ITA,Italy,1993,77.7219512195122
ITA,Italy,1992,77.419512195122
ITA,Italy,1991,77.0195121951219
ITA,Italy,1990,76.9707317073171
JAM,Jamaica,2020,71.452
JAM,Jamaica,2019,71.532
JAM,Jamaica,2018,71.606
JAM,Jamaica,2017,71.879
JAM,Jamaica,2016,72.052
JAM,Jamaica,2015,72.214
JAM,Jamaica,2014,72.357
JAM,Jamaica,2013,72.435
JAM,Jamaica,2012,72.405
JAM,Jamaica,2011,72.245
JAM,Jamaica,2010,71.979
JAM,Jamaica,2009,71.717
JAM,Jamaica,2008,71.502
JAM,Jamaica,2007,71.405
JAM,Jamaica,2006,71.395
JAM,Jamaica,2005,71.493
JAM,Jamaica,2004,71.542
JAM,Jamaica,2003,71.585
JAM,Jamaica,2002,71.478
JAM,Jamaica,2001,71.287
JAM,Jamaica,2000,71.281
JAM,Jamaica,1999,71.189
JAM,Jamaica,1998,71.17
JAM,Jamaica,1997,71.216
JAM,Jamaica,1996,71.328
JAM,Jamaica,1995,71.488
JAM,Jamaica,1994,71.624
JAM,Jamaica,1993,71.758
JAM,Jamaica,1992,71.816
JAM,Jamaica,1991,71.787
JAM,Jamaica,1990,71.705
JPN,Japan,2020,84.56
JPN,Japan,2019,84.3563414634146
JPN,Japan,2018,84.2109756097561
JPN,Japan,2017,84.099756097561
JPN,Japan,2016,83.9848780487805
JPN,Japan,2015,83.7939024390244
JPN,Japan,2014,83.5878048780488
JPN,Japan,2013,83.3319512195122
JPN,Japan,2012,83.0960975609756
JPN,Japan,2011,82.5912195121951
JPN,Japan,2010,82.8426829268293
JPN,Japan,2009,82.9314634146342
JPN,Japan,2008,82.5875609756098
JPN,Japan,2007,82.5070731707317
JPN,Japan,2006,82.3219512195122
JPN,Japan,2005,81.9551219512195
JPN,Japan,2004,82.030243902439
JPN,Japan,2003,81.76
JPN,Japan,2002,81.6907317073171
JPN,Japan,2001,81.4163414634146
JPN,Japan,2000,81.0760975609756
JPN,Japan,1999,80.4609756097561
JPN,Japan,1998,80.5014634146342
JPN,Japan,1997,80.4241463414634
JPN,Japan,1996,80.219756097561
JPN,Japan,1995,79.5360975609756
JPN,Japan,1994,79.6968292682927
JPN,Japan,1993,79.3036585365854
JPN,Japan,1992,79.080243902439
JPN,Japan,1991,79.0368292682927
JPN,Japan,1990,78.8370731707317
JOR,Jordan,2020,75.583
JOR,Jordan,2019,76.865
JOR,Jordan,2018,76.491
JOR,Jordan,2017,76.071
JOR,Jordan,2016,75.55
JOR,Jordan,2015,75.06
JOR,Jordan,2014,74.606
JOR,Jordan,2013,74.282
JOR,Jordan,2012,74.087
JOR,Jordan,2011,73.929
JOR,Jordan,2010,73.797
JOR,Jordan,2009,73.707
JOR,Jordan,2008,73.563
JOR,Jordan,2007,73.407
JOR,Jordan,2006,73.225
JOR,Jordan,2005,72.977
JOR,Jordan,2004,72.788
JOR,Jordan,2003,72.585
JOR,Jordan,2002,72.359
JOR,Jordan,2001,72.141
JOR,Jordan,2000,71.926
JOR,Jordan,1999,71.737
JOR,Jordan,1998,71.521
JOR,Jordan,1997,71.324
JOR,Jordan,1996,71.105
JOR,Jordan,1995,70.915
JOR,Jordan,1994,70.738
JOR,Jordan,1993,70.568
JOR,Jordan,1992,70.4
JOR,Jordan,1991,70.24
JOR,Jordan,1990,70.094
KAZ,Kazakhstan,2020,71.195
KAZ,Kazakhstan,2019,73.658
KAZ,Kazakhstan,2018,73.369
KAZ,Kazakhstan,2017,72.996
KAZ,Kazakhstan,2016,72.549
KAZ,Kazakhstan,2015,72.024
KAZ,Kazakhstan,2014,71.415
KAZ,Kazakhstan,2013,70.719
KAZ,Kazakhstan,2012,69.939
KAZ,Kazakhstan,2011,69.108
KAZ,Kazakhstan,2010,68.257
KAZ,Kazakhstan,2009,67.46
KAZ,Kazakhstan,2008,66.759
KAZ,Kazakhstan,2007,66.18
KAZ,Kazakhstan,2006,65.722
KAZ,Kazakhstan,2005,65.356
KAZ,Kazakhstan,2004,65.04
KAZ,Kazakhstan,2003,64.753
KAZ,Kazakhstan,2002,64.441
KAZ,Kazakhstan,2001,64.108
KAZ,Kazakhstan,2000,63.793
KAZ,Kazakhstan,1999,63.528
KAZ,Kazakhstan,1998,63.349
KAZ,Kazakhstan,1997,63.318
KAZ,Kazakhstan,1996,63.455
KAZ,Kazakhstan,1995,63.717
KAZ,Kazakhstan,1994,64.108
KAZ,Kazakhstan,1993,64.538
KAZ,Kazakhstan,1992,64.978
KAZ,Kazakhstan,1991,65.379
KAZ,Kazakhstan,1990,65.701
KEN,Kenya,2020,61.596
KEN,Kenya,2019,62.939
KEN,Kenya,2018,62.825
KEN,Kenya,2017,62.725
KEN,Kenya,2016,62.526
KEN,Kenya,2015,62.279
KEN,Kenya,2014,61.99
KEN,Kenya,2013,61.729
KEN,Kenya,2012,61.537
KEN,Kenya,2011,61.283
KEN,Kenya,2010,60.915
KEN,Kenya,2009,60.483
KEN,Kenya,2008,59.955
KEN,Kenya,2007,59.407
KEN,Kenya,2006,59.059
KEN,Kenya,2005,58.51
KEN,Kenya,2004,57.947
KEN,Kenya,2003,57.369
KEN,Kenya,2002,56.759
KEN,Kenya,2001,56.501
KEN,Kenya,2000,56.084
KEN,Kenya,1999,55.866
KEN,Kenya,1998,55.568
KEN,Kenya,1997,55.478
KEN,Kenya,1996,55.575
KEN,Kenya,1995,55.856
KEN,Kenya,1994,56.101
KEN,Kenya,1993,56.668
KEN,Kenya,1992,57.095
KEN,Kenya,1991,57.826
KEN,Kenya,1990,58.334
KIR,Kiribati,2020,65.205
KIR,Kiribati,2019,65.866
KIR,Kiribati,2018,65.807
KIR,Kiribati,2017,65.787
KIR,Kiribati,2016,65.799
KIR,Kiribati,2015,65.831
KIR,Kiribati,2014,65.869
KIR,Kiribati,2013,65.898
KIR,Kiribati,2012,65.908
KIR,Kiribati,2011,65.896
KIR,Kiribati,2010,65.859
KIR,Kiribati,2009,65.808
KIR,Kiribati,2008,65.746
KIR,Kiribati,2007,65.677
KIR,Kiribati,2006,65.601
KIR,Kiribati,2005,65.517
KIR,Kiribati,2004,65.416
KIR,Kiribati,2003,65.287
KIR,Kiribati,2002,65.123
KIR,Kiribati,2001,64.918
KIR,Kiribati,2000,64.674
KIR,Kiribati,1999,64.393
KIR,Kiribati,1998,64.1
KIR,Kiribati,1997,63.797
KIR,Kiribati,1996,63.47
KIR,Kiribati,1995,63.146
KIR,Kiribati,1994,62.797
KIR,Kiribati,1993,62.406
KIR,Kiribati,1992,61.968
KIR,Kiribati,1991,61.502
KIR,Kiribati,1990,61.018
PRK,"Korea, Dem. People's Rep.",2020,72.783
PRK,"Korea, Dem. People's Rep.",2019,72.928
PRK,"Korea, Dem. People's Rep.",2018,73.02
PRK,"Korea, Dem. People's Rep.",2017,73.034
PRK,"Korea, Dem. People's Rep.",2016,72.971
PRK,"Korea, Dem. People's Rep.",2015,72.825
PRK,"Korea, Dem. People's Rep.",2014,72.451
PRK,"Korea, Dem. People's Rep.",2013,71.867
PRK,"Korea, Dem. People's Rep.",2012,71.317
PRK,"Korea, Dem. People's Rep.",2011,70.772
PRK,"Korea, Dem. People's Rep.",2010,70.246
PRK,"Korea, Dem. People's Rep.",2009,69.702
PRK,"Korea, Dem. People's Rep.",2008,69.303
PRK,"Korea, Dem. People's Rep.",2007,69.021
PRK,"Korea, Dem. People's Rep.",2006,69.061
PRK,"Korea, Dem. People's Rep.",2005,69.168
PRK,"Korea, Dem. People's Rep.",2004,69.294
PRK,"Korea, Dem. People's Rep.",2003,69.399
PRK,"Korea, Dem. People's Rep.",2002,60.877
PRK,"Korea, Dem. People's Rep.",2001,60.893
PRK,"Korea, Dem. People's Rep.",2000,60.911
PRK,"Korea, Dem. People's Rep.",1999,60.91
PRK,"Korea, Dem. People's Rep.",1998,60.887
PRK,"Korea, Dem. People's Rep.",1997,60.869
PRK,"Korea, Dem. People's Rep.",1996,60.82
PRK,"Korea, Dem. People's Rep.",1995,60.766
PRK,"Korea, Dem. People's Rep.",1994,70.472
PRK,"Korea, Dem. People's Rep.",1993,70.794
PRK,"Korea, Dem. People's Rep.",1992,71.009
PRK,"Korea, Dem. People's Rep.",1991,70.717
PRK,"Korea, Dem. People's Rep.",1990,70.484
KOR,"Korea, Rep.",2020,83.4268292682927
KOR,"Korea, Rep.",2019,83.2268292682927
KOR,"Korea, Rep.",2018,82.6268292682927
KOR,"Korea, Rep.",2017,82.6268292682927
KOR,"Korea, Rep.",2016,82.2756097560976
KOR,"Korea, Rep.",2015,82.0243902439024
KOR,"Korea, Rep.",2014,81.7219512195122
KOR,"Korea, Rep.",2013,81.2707317073171
KOR,"Korea, Rep.",2012,80.819512195122
KOR,"Korea, Rep.",2011,80.5682926829269
KOR,"Korea, Rep.",2010,80.1170731707317
KOR,"Korea, Rep.",2009,79.9682926829268
KOR,"Korea, Rep.",2008,79.5170731707317
KOR,"Korea, Rep.",2007,79.119512195122
KOR,"Korea, Rep.",2006,78.6682926829268
KOR,"Korea, Rep.",2005,78.1682926829268
KOR,"Korea, Rep.",2004,77.6658536585366
KOR,"Korea, Rep.",2003,77.2146341463415
KOR,"Korea, Rep.",2002,76.7658536585366
KOR,"Korea, Rep.",2001,76.4121951219512
KOR,"Korea, Rep.",2000,75.909756097561
KOR,"Korea, Rep.",1999,75.409756097561
KOR,"Korea, Rep.",1998,75.0048780487805
KOR,"Korea, Rep.",1997,74.6024390243903
KOR,"Korea, Rep.",1996,74.1512195121951
KOR,"Korea, Rep.",1995,73.7
KOR,"Korea, Rep.",1994,73.3975609756098
KOR,"Korea, Rep.",1993,72.9975609756098
KOR,"Korea, Rep.",1992,72.4975609756098
KOR,"Korea, Rep.",1991,72.0463414634146
KOR,"Korea, Rep.",1990,71.5975609756098
XKX,Kosovo,2020,74.212
XKX,Kosovo,2019,77.249
XKX,Kosovo,2018,77.117
XKX,Kosovo,2017,77.105
XKX,Kosovo,2016,76.748
XKX,Kosovo,2015,76.024
XKX,Kosovo,2014,76.179
XKX,Kosovo,2013,76.336
XKX,Kosovo,2012,75.75
XKX,Kosovo,2011,75.323
XKX,Kosovo,2010,74.609
XKX,Kosovo,2009,74.79
XKX,Kosovo,2008,74.711
XKX,Kosovo,2007,74.422
XKX,Kosovo,2006,73.63
XKX,Kosovo,2005,73.437
XKX,Kosovo,2004,73.132
XKX,Kosovo,2003,72.678
XKX,Kosovo,2002,72.227
XKX,Kosovo,2001,71.782
XKX,Kosovo,2000,71.321
XKX,Kosovo,1999,58.265
XKX,Kosovo,1998,68.58
XKX,Kosovo,1997,69.862
XKX,Kosovo,1996,69.359
XKX,Kosovo,1995,68.782
XKX,Kosovo,1994,68.595
XKX,Kosovo,1993,67.945
XKX,Kosovo,1992,67.381
XKX,Kosovo,1991,66.456
XKX,Kosovo,1990,66.508
KWT,Kuwait,2020,78.7609756097561
KWT,Kuwait,2019,81.969756097561
KWT,Kuwait,2018,80.1063658536585
KWT,Kuwait,2017,79.9160731707317
KWT,Kuwait,2016,79.6775853658537
KWT,Kuwait,2015,79.3765609756098
KWT,Kuwait,2014,79.0803414634146
KWT,Kuwait,2013,78.7418048780488
KWT,Kuwait,2012,78.3950243902439
KWT,Kuwait,2011,78.052243902439
KWT,Kuwait,2010,77.7262195121951
KWT,Kuwait,2009,77.4333658536585
KWT,Kuwait,2008,77.1890487804878
KWT,Kuwait,2007,77.0101707317073
KWT,Kuwait,2006,76.8876829268293
KWT,Kuwait,2005,76.8007804878049
KWT,Kuwait,2004,76.7276829268293
KWT,Kuwait,2003,76.6445609756098
KWT,Kuwait,2002,76.5316341463415
KWT,Kuwait,2001,76.3843414634146
KWT,Kuwait,2000,76.2258780487805
KWT,Kuwait,1999,76.0779512195122
KWT,Kuwait,1998,75.9642926829269
KWT,Kuwait,1997,75.9071463414634
KWT,Kuwait,1996,75.9250487804878
KWT,Kuwait,1995,75.979756097561
KWT,Kuwait,1994,76.0328292682927
KWT,Kuwait,1993,76.0514878048781
KWT,Kuwait,1992,76.0023902439025
KWT,Kuwait,1991,73.907243902439
KWT,Kuwait,1990,73.4171463414634
KGZ,Kyrgyz Republic,2020,71.8
KGZ,Kyrgyz Republic,2019,71.6
KGZ,Kyrgyz Republic,2018,71.4
KGZ,Kyrgyz Republic,2017,71.2
KGZ,Kyrgyz Republic,2016,70.9512195121951
KGZ,Kyrgyz Republic,2015,70.6512195121951
KGZ,Kyrgyz Republic,2014,70.4024390243902
KGZ,Kyrgyz Republic,2013,70.2024390243902
KGZ,Kyrgyz Republic,2012,70.0024390243902
KGZ,Kyrgyz Republic,2011,69.6024390243903
KGZ,Kyrgyz Republic,2010,69.3
KGZ,Kyrgyz Republic,2009,69.1024390243903
KGZ,Kyrgyz Republic,2008,68.4512195121951
KGZ,Kyrgyz Republic,2007,67.8951219512195
KGZ,Kyrgyz Republic,2006,67.6951219512195
KGZ,Kyrgyz Republic,2005,67.9560975609756
KGZ,Kyrgyz Republic,2004,68.1536585365854
KGZ,Kyrgyz Republic,2003,68.2560975609756
KGZ,Kyrgyz Republic,2002,68.1560975609756
KGZ,Kyrgyz Republic,2001,68.7073170731707
KGZ,Kyrgyz Republic,2000,68.5585365853659
KGZ,Kyrgyz Republic,1999,68.6560975609756
KGZ,Kyrgyz Republic,1998,67.0512195121951
KGZ,Kyrgyz Republic,1997,66.8926829268293
KGZ,Kyrgyz Republic,1996,66.5439024390244
KGZ,Kyrgyz Republic,1995,65.790243902439
KGZ,Kyrgyz Republic,1994,66.0390243902439
KGZ,Kyrgyz Republic,1993,67.1926829268293
KGZ,Kyrgyz Republic,1992,68.1024390243903
KGZ,Kyrgyz Republic,1991,68.5512195121951
KGZ,Kyrgyz Republic,1990,68.2975609756098
LAO,Lao PDR,2020,68.339
LAO,Lao PDR,2019,67.911
LAO,Lao PDR,2018,67.594
LAO,Lao PDR,2017,67.345
LAO,Lao PDR,2016,67.014
LAO,Lao PDR,2015,66.688
LAO,Lao PDR,2014,66.35
LAO,Lao PDR,2013,65.723
LAO,Lao PDR,2012,65.126
LAO,Lao PDR,2011,64.505
LAO,Lao PDR,2010,63.69
LAO,Lao PDR,2009,63.023
LAO,Lao PDR,2008,62.248
LAO,Lao PDR,2007,61.694
LAO,Lao PDR,2006,61.074
LAO,Lao PDR,2005,60.688
LAO,Lao PDR,2004,60.08
LAO,Lao PDR,2003,59.643
LAO,Lao PDR,2002,59.302
LAO,Lao PDR,2001,58.887
LAO,Lao PDR,2000,58.317
LAO,Lao PDR,1999,57.866
LAO,Lao PDR,1998,57.549
LAO,Lao PDR,1997,57.302
LAO,Lao PDR,1996,56.821
LAO,Lao PDR,1995,56.344
LAO,Lao PDR,1994,55.81
LAO,Lao PDR,1993,55.583
LAO,Lao PDR,1992,55.098
LAO,Lao PDR,1991,54.7
LAO,Lao PDR,1990,54.035
LVA,Latvia,2020,75.1853658536585
LVA,Latvia,2019,75.3878048780488
LVA,Latvia,2018,74.7829268292683
LVA,Latvia,2017,74.6292682926829
LVA,Latvia,2016,74.580487804878
LVA,Latvia,2015,74.4804878048781
LVA,Latvia,2014,74.1243902439024
LVA,Latvia,2013,73.9829268292683
LVA,Latvia,2012,73.7780487804878
LVA,Latvia,2011,73.5756097560976
LVA,Latvia,2010,73.4829268292683
LVA,Latvia,2009,73.0804878048781
LVA,Latvia,2008,72.419512195122
LVA,Latvia,2007,71.019512195122
LVA,Latvia,2006,70.8658536585366
LVA,Latvia,2005,71.3560975609756
LVA,Latvia,2004,72.0268292682927
LVA,Latvia,2003,71.2658536585366
LVA,Latvia,2002,70.9609756097561
LVA,Latvia,2001,70.7609756097561
LVA,Latvia,2000,70.3146341463415
LVA,Latvia,1999,69.7429268292683
LVA,Latvia,1998,69.0121951219512
LVA,Latvia,1997,69.3492682926829
LVA,Latvia,1996,68.7765853658537
LVA,Latvia,1995,66.3912195121951
LVA,Latvia,1994,65.6643902439025
LVA,Latvia,1993,66.7226829268293
LVA,Latvia,1992,68.3960975609756
LVA,Latvia,1991,69.0324390243903
LVA,Latvia,1990,69.2731707317073
LBN,Lebanon,2020,76.299
LBN,Lebanon,2019,78.208
LBN,Lebanon,2018,78.263
LBN,Lebanon,2017,78.192
LBN,Lebanon,2016,78.306
LBN,Lebanon,2015,78.275
LBN,Lebanon,2014,78.148
LBN,Lebanon,2013,78.037
LBN,Lebanon,2012,77.941
LBN,Lebanon,2011,77.768
LBN,Lebanon,2010,77.529
LBN,Lebanon,2009,77.262
LBN,Lebanon,2008,76.956
LBN,Lebanon,2007,76.732
LBN,Lebanon,2006,75.677
LBN,Lebanon,2005,76.074
LBN,Lebanon,2004,75.693
LBN,Lebanon,2003,75.275
LBN,Lebanon,2002,74.836
LBN,Lebanon,2001,74.354
LBN,Lebanon,2000,73.895
LBN,Lebanon,1999,73.513
LBN,Lebanon,1998,73.201
LBN,Lebanon,1997,72.94
LBN,Lebanon,1996,72.614
LBN,Lebanon,1995,72.383
LBN,Lebanon,1994,72.03
LBN,Lebanon,1993,71.559
LBN,Lebanon,1992,71.169
LBN,Lebanon,1991,70.865
LBN,Lebanon,1990,65.479
LSO,Lesotho,2020,55.133
LSO,Lesotho,2019,55.249
LSO,Lesotho,2018,54.638
LSO,Lesotho,2017,53.874
LSO,Lesotho,2016,52.908
LSO,Lesotho,2015,51.83
LSO,Lesotho,2014,50.786
LSO,Lesotho,2013,49.547
LSO,Lesotho,2012,48.235
LSO,Lesotho,2011,46.93
LSO,Lesotho,2010,46.045
LSO,Lesotho,2009,45.055
LSO,Lesotho,2008,44.304
LSO,Lesotho,2007,43.66
LSO,Lesotho,2006,43.182
LSO,Lesotho,2005,43.611
LSO,Lesotho,2004,44.039
LSO,Lesotho,2003,44.921
LSO,Lesotho,2002,45.95
LSO,Lesotho,2001,47.153
LSO,Lesotho,2000,48.783
LSO,Lesotho,1999,50.385
LSO,Lesotho,1998,52.029
LSO,Lesotho,1997,53.733
LSO,Lesotho,1996,55.136
LSO,Lesotho,1995,56.368
LSO,Lesotho,1994,57.288
LSO,Lesotho,1993,58.06
LSO,Lesotho,1992,58.638
LSO,Lesotho,1991,59.061
LSO,Lesotho,1990,59.317
LBR,Liberia,2020,61.267
LBR,Liberia,2019,61.232
LBR,Liberia,2018,60.999
LBR,Liberia,2017,60.777
LBR,Liberia,2016,60.483
LBR,Liberia,2015,59.248
LBR,Liberia,2014,59.21
LBR,Liberia,2013,59.992
LBR,Liberia,2012,59.785
LBR,Liberia,2011,59.486
LBR,Liberia,2010,59.358
LBR,Liberia,2009,59.106
LBR,Liberia,2008,58.675
LBR,Liberia,2007,58.147
LBR,Liberia,2006,57.495
LBR,Liberia,2005,56.765
LBR,Liberia,2004,55.949
LBR,Liberia,2003,53.045
LBR,Liberia,2002,54.061
LBR,Liberia,2001,53.109
LBR,Liberia,2000,51.852
LBR,Liberia,1999,50.412
LBR,Liberia,1998,49.367
LBR,Liberia,1997,48.302
LBR,Liberia,1996,44.945
LBR,Liberia,1995,44.573
LBR,Liberia,1994,42.621
LBR,Liberia,1993,43.022
LBR,Liberia,1992,43.566
LBR,Liberia,1991,43.575
LBR,Liberia,1990,37.644
LBY,Libya,2020,72.388
LBY,Libya,2019,72.941
LBY,Libya,2018,73.151
LBY,Libya,2017,72.721
LBY,Libya,2016,71.799
LBY,Libya,2015,71.644
LBY,Libya,2014,71.3
LBY,Libya,2013,72.339
LBY,Libya,2012,72.188
LBY,Libya,2011,69.95
LBY,Libya,2010,72.196
LBY,Libya,2009,72.071
LBY,Libya,2008,71.936
LBY,Libya,2007,71.788
LBY,Libya,2006,71.632
LBY,Libya,2005,71.439
LBY,Libya,2004,71.21
LBY,Libya,2003,70.996
LBY,Libya,2002,70.788
LBY,Libya,2001,70.653
LBY,Libya,2000,70.542
LBY,Libya,1999,70.601
LBY,Libya,1998,70.657
LBY,Libya,1997,70.72
LBY,Libya,1996,70.736
LBY,Libya,1995,70.641
LBY,Libya,1994,70.472
LBY,Libya,1993,70.247
LBY,Libya,1992,69.974
LBY,Libya,1991,69.635
LBY,Libya,1990,69.312
LIE,Liechtenstein,2020,81.6585365853659
LIE,Liechtenstein,2019,84.1609756097561
LIE,Liechtenstein,2018,83.0414634146342
LIE,Liechtenstein,2017,83.7463414634147
LIE,Liechtenstein,2016,82.2585365853659
LIE,Liechtenstein,2015,82.6560975609756
LIE,Liechtenstein,2014,82.0731707317073
LIE,Liechtenstein,2013,82.2609756097561
LIE,Liechtenstein,2012,82.3829268292683
LIE,Liechtenstein,2011,81.7926829268293
LIE,Liechtenstein,2010,81.8414634146342
LIE,Liechtenstein,2009,81.5
LIE,Liechtenstein,2008,82.6829268292683
LIE,Liechtenstein,2007,81.2951219512195
LIE,Liechtenstein,2006,80.9487804878049
LIE,Liechtenstein,2005,80.6682926829268
LIE,Liechtenstein,2004,81.7707317073171
LIE,Liechtenstein,2003,79.9609756097561
LIE,Liechtenstein,2002,79.6365853658537
LIE,Liechtenstein,2001,79.2756097560976
LIE,Liechtenstein,2000,76.8268292682927
LIE,Liechtenstein,1999,79.109756097561
LIE,Liechtenstein,1998,77.7463414634146
LIE,Liechtenstein,1997,76.0463414634146
LIE,Liechtenstein,1996,76.8365853658537
LIE,Liechtenstein,1995,77.390243902439
LIE,Liechtenstein,1994,78.4219512195122
LIE,Liechtenstein,1993,78.2707073170732
LIE,Liechtenstein,1992,78.4636585365854
LIE,Liechtenstein,1991,78.4712926829268
LIE,Liechtenstein,1990,78.3315365853659
LTU,Lithuania,2020,75.0292682926829
LTU,Lithuania,2019,76.2829268292683
LTU,Lithuania,2018,75.6804878048781
LTU,Lithuania,2017,75.4804878048781
LTU,Lithuania,2016,74.6707317073171
LTU,Lithuania,2015,74.3219512195122
LTU,Lithuania,2014,74.5170731707317
LTU,Lithuania,2013,73.9146341463415
LTU,Lithuania,2012,73.8634146341464
LTU,Lithuania,2011,73.5634146341464
LTU,Lithuania,2010,73.2682926829268
LTU,Lithuania,2009,72.9146341463415
LTU,Lithuania,2008,71.8121951219512
LTU,Lithuania,2007,70.9
LTU,Lithuania,2006,71.0560975609756
LTU,Lithuania,2005,71.2536585365854
LTU,Lithuania,2004,71.9609756097561
LTU,Lithuania,2003,72.0609756097561
LTU,Lithuania,2002,71.7609756097561
LTU,Lithuania,2001,71.6585365853659
LTU,Lithuania,2000,72.0195121951219
LTU,Lithuania,1999,71.5707317073171
LTU,Lithuania,1998,71.219512195122
LTU,Lithuania,1997,70.9090243902439
LTU,Lithuania,1996,70.1080487804878
LTU,Lithuania,1995,69.0063414634147
LTU,Lithuania,1994,68.530243902439
LTU,Lithuania,1993,68.9104878048781
LTU,Lithuania,1992,70.2343902439025
LTU,Lithuania,1991,70.3641463414634
LTU,Lithuania,1990,71.1607317073171
LUX,Luxembourg,2020,82.1439024390244
LUX,Luxembourg,2019,82.6390243902439
LUX,Luxembourg,2018,82.2951219512195
LUX,Luxembourg,2017,82.0951219512195
LUX,Luxembourg,2016,82.6853658536585
LUX,Luxembourg,2015,82.2926829268293
LUX,Luxembourg,2014,82.2292682926829
LUX,Luxembourg,2013,81.8
LUX,Luxembourg,2012,81.3926829268293
LUX,Luxembourg,2011,80.9878048780488
LUX,Luxembourg,2010,80.6317073170732
LUX,Luxembourg,2009,80.6365853658537
LUX,Luxembourg,2008,80.5390243902439
LUX,Luxembourg,2007,79.3829268292683
LUX,Luxembourg,2006,79.2878048780488
LUX,Luxembourg,2005,79.4317073170732
LUX,Luxembourg,2004,79.1219512195122
LUX,Luxembourg,2003,77.7268292682927
LUX,Luxembourg,2002,77.9658536585366
LUX,Luxembourg,2001,77.8243902439025
LUX,Luxembourg,2000,77.8731707317073
LUX,Luxembourg,1999,77.7707317073171
LUX,Luxembourg,1998,77.0170731707317
LUX,Luxembourg,1997,76.880487804878
LUX,Luxembourg,1996,76.519512195122
LUX,Luxembourg,1995,76.5121951219512
LUX,Luxembourg,1994,76.3707317073171
LUX,Luxembourg,1993,75.7121951219512
LUX,Luxembourg,1992,75.7707317073171
LUX,Luxembourg,1991,75.4634146341463
LUX,Luxembourg,1990,74.7754878048781
MAC,"Macao SAR, China",2020,84.1292682926829
MAC,"Macao SAR, China",2019,83.9292682926829
MAC,"Macao SAR, China",2018,83.6780487804878
MAC,"Macao SAR, China",2017,83.5268292682927
MAC,"Macao SAR, China",2016,83.2756097560976
MAC,"Macao SAR, China",2015,83.2243902439024
MAC,"Macao SAR, China",2014,83.0219512195122
MAC,"Macao SAR, China",2013,82.7219512195122
MAC,"Macao SAR, China",2012,82.4707317073171
MAC,"Macao SAR, China",2011,82.4707317073171
MAC,"Macao SAR, China",2010,82.2731707317073
MAC,"Macao SAR, China",2009,82.1756097560976
MAC,"Macao SAR, China",2008,82.0268292682927
MAC,"Macao SAR, China",2007,81.7292682926829
MAC,"Macao SAR, China",2006,81.7292682926829
MAC,"Macao SAR, China",2005,81.3414634146341
MAC,"Macao SAR, China",2004,80.9926829268293
MAC,"Macao SAR, China",2003,81.0439024390244
MAC,"Macao SAR, China",2002,80.9463414634146
MAC,"Macao SAR, China",2001,80.5878048780488
MAC,"Macao SAR, China",2000,80.1829268292683
MAC,"Macao SAR, China",1999,78.9951219512195
MAC,"Macao SAR, China",1998,78.2463414634146
MAC,"Macao SAR, China",1997,77.6463414634146
MAC,"Macao SAR, China",1996,77.5439024390244
MAC,"Macao SAR, China",1995,76.7585365853659
MAC,"Macao SAR, China",1994,77.2664878048781
MAC,"Macao SAR, China",1993,77.3012682926829
MAC,"Macao SAR, China",1992,76.8933170731707
MAC,"Macao SAR, China",1991,76.4601219512195
MAC,"Macao SAR, China",1990,76.3986829268293
MDG,Madagascar,2020,62.706
MDG,Madagascar,2019,63.504
MDG,Madagascar,2018,63.491
MDG,Madagascar,2017,63.433
MDG,Madagascar,2016,63.431
MDG,Madagascar,2015,63.362
MDG,Madagascar,2014,63.261
MDG,Madagascar,2013,63.161
MDG,Madagascar,2012,63.007
MDG,Madagascar,2011,62.86
MDG,Madagascar,2010,62.597
MDG,Madagascar,2009,62.304
MDG,Madagascar,2008,61.992
MDG,Madagascar,2007,61.533
MDG,Madagascar,2006,61.14
MDG,Madagascar,2005,60.664
MDG,Madagascar,2004,60.168
MDG,Madagascar,2003,59.693
MDG,Madagascar,2002,59.17
MDG,Madagascar,2001,58.674
MDG,Madagascar,2000,57.974
MDG,Madagascar,1999,57.434
MDG,Madagascar,1998,56.803
MDG,Madagascar,1997,56.127
MDG,Madagascar,1996,55.477
MDG,Madagascar,1995,54.845
MDG,Madagascar,1994,54.247
MDG,Madagascar,1993,53.733
MDG,Madagascar,1992,52.946
MDG,Madagascar,1991,52.555
MDG,Madagascar,1990,52.14
MWI,Malawi,2020,65.216
MWI,Malawi,2019,64.995
MWI,Malawi,2018,64.464
MWI,Malawi,2017,63.914
MWI,Malawi,2016,63.163
MWI,Malawi,2015,62.324
MWI,Malawi,2014,61.651
MWI,Malawi,2013,60.816
MWI,Malawi,2012,59.87
MWI,Malawi,2011,58.859
MWI,Malawi,2010,57.787
MWI,Malawi,2009,56.714
MWI,Malawi,2008,55.715
MWI,Malawi,2007,54.687
MWI,Malawi,2006,53.652
MWI,Malawi,2005,52.469
MWI,Malawi,2004,51.073
MWI,Malawi,2003,49.601
MWI,Malawi,2002,48.176
MWI,Malawi,2001,47.205
MWI,Malawi,2000,46.17
MWI,Malawi,1999,45.06
MWI,Malawi,1998,44.3
MWI,Malawi,1997,44.2
MWI,Malawi,1996,44.005
MWI,Malawi,1995,43.804
MWI,Malawi,1994,43.8
MWI,Malawi,1993,43.648
MWI,Malawi,1992,43.636
MWI,Malawi,1991,43.54
MWI,Malawi,1990,43.575
MYS,Malaysia,2020,76.057
MYS,Malaysia,2019,75.9
MYS,Malaysia,2018,75.734
MYS,Malaysia,2017,75.542
MYS,Malaysia,2016,75.371
MYS,Malaysia,2015,75.288
MYS,Malaysia,2014,75.345
MYS,Malaysia,2013,75.464
MYS,Malaysia,2012,75.552
MYS,Malaysia,2011,75.488
MYS,Malaysia,2010,75.376
MYS,Malaysia,2009,75.269
MYS,Malaysia,2008,75.151
MYS,Malaysia,2007,74.961
MYS,Malaysia,2006,74.697
MYS,Malaysia,2005,74.37
MYS,Malaysia,2004,74.027
MYS,Malaysia,2003,73.727
MYS,Malaysia,2002,73.469
MYS,Malaysia,2001,73.08
MYS,Malaysia,2000,72.732
MYS,Malaysia,1999,72.428
MYS,Malaysia,1998,72.385
MYS,Malaysia,1997,72.296
MYS,Malaysia,1996,72.119
MYS,Malaysia,1995,71.979
MYS,Malaysia,1994,71.865
MYS,Malaysia,1993,71.721
MYS,Malaysia,1992,71.483
MYS,Malaysia,1991,71.219
MYS,Malaysia,1990,70.952
MDV,Maldives,2020,78.713
MDV,Maldives,2019,79.707
MDV,Maldives,2018,79.433
MDV,Maldives,2017,79.228
MDV,Maldives,2016,78.913
MDV,Maldives,2015,78.607
MDV,Maldives,2014,78.187
MDV,Maldives,2013,77.847
MDV,Maldives,2012,77.512
MDV,Maldives,2011,77.141
MDV,Maldives,2010,76.756
MDV,Maldives,2009,76.371
MDV,Maldives,2008,75.999
MDV,Maldives,2007,75.711
MDV,Maldives,2006,75.256
MDV,Maldives,2005,74.785
MDV,Maldives,2004,73.008
MDV,Maldives,2003,73.263
MDV,Maldives,2002,72.36
MDV,Maldives,2001,71.659
MDV,Maldives,2000,70.892
MDV,Maldives,1999,70.157
MDV,Maldives,1998,69.303
MDV,Maldives,1997,68.517
MDV,Maldives,1996,67.734
MDV,Maldives,1995,66.962
MDV,Maldives,1994,66.197
MDV,Maldives,1993,65.434
MDV,Maldives,1992,64.664
MDV,Maldives,1991,63.911
MDV,Maldives,1990,63.148
MLI,Mali,2020,58.858
MLI,Mali,2019,59.217
MLI,Mali,2018,58.873
MLI,Mali,2017,58.562
MLI,Mali,2016,58.286
MLI,Mali,2015,57.852
MLI,Mali,2014,57.482
MLI,Mali,2013,57.052
MLI,Mali,2012,56.696
MLI,Mali,2011,56.367
MLI,Mali,2010,55.993
MLI,Mali,2009,55.588
MLI,Mali,2008,55.187
MLI,Mali,2007,54.756
MLI,Mali,2006,54.305
MLI,Mali,2005,53.792
MLI,Mali,2004,53.253
MLI,Mali,2003,52.632
MLI,Mali,2002,51.995
MLI,Mali,2001,51.3
MLI,Mali,2000,50.605
MLI,Mali,1999,50.06
MLI,Mali,1998,49.592
MLI,Mali,1997,49.086
MLI,Mali,1996,48.5
MLI,Mali,1995,48.292
MLI,Mali,1994,47.914
MLI,Mali,1993,47.586
MLI,Mali,1992,47.238
MLI,Mali,1991,46.889
MLI,Mali,1990,46.541
MLT,Malta,2020,82.0975609756098
MLT,Malta,2019,82.6585365853659
MLT,Malta,2018,82.2487804878049
MLT,Malta,2017,82.1951219512195
MLT,Malta,2016,82.3536585365854
MLT,Malta,2015,81.7975609756098
MLT,Malta,2014,81.8951219512195
MLT,Malta,2013,81.7463414634146
MLT,Malta,2012,80.7463414634146
MLT,Malta,2011,80.7463414634146
MLT,Malta,2010,81.3975609756098
MLT,Malta,2009,80.2414634146342
MLT,Malta,2008,79.6365853658537
MLT,Malta,2007,79.7926829268293
MLT,Malta,2006,79.4390243902439
MLT,Malta,2005,79.3
MLT,Malta,2004,79.2536585365854
MLT,Malta,2003,78.5463414634146
MLT,Malta,2002,78.7390243902439
MLT,Malta,2001,78.8439024390244
MLT,Malta,2000,78.3487804878049
MLT,Malta,1999,77.5
MLT,Malta,1998,77.5878048780488
MLT,Malta,1997,77.7390243902439
MLT,Malta,1996,77.3414634146342
MLT,Malta,1995,77.290243902439
MLT,Malta,1994,76.8329756097561
MLT,Malta,1993,76.7196097560976
MLT,Malta,1992,76.5651219512195
MLT,Malta,1991,76.3776341463415
MLT,Malta,1990,76.0459268292683
MHL,Marshall Islands,2020,65.387
MHL,Marshall Islands,2019,66.047
MHL,Marshall Islands,2018,65.87
MHL,Marshall Islands,2017,65.673
MHL,Marshall Islands,2016,65.477
MHL,Marshall Islands,2015,65.292
MHL,Marshall Islands,2014,65.11
MHL,Marshall Islands,2013,64.954
MHL,Marshall Islands,2012,64.776
MHL,Marshall Islands,2011,64.641
MHL,Marshall Islands,2010,64.498
MHL,Marshall Islands,2009,64.395
MHL,Marshall Islands,2008,64.3
MHL,Marshall Islands,2007,64.259
MHL,Marshall Islands,2006,64.207
MHL,Marshall Islands,2005,64.112
MHL,Marshall Islands,2004,64.044
MHL,Marshall Islands,2003,63.956
MHL,Marshall Islands,2002,63.848
MHL,Marshall Islands,2001,63.735
MHL,Marshall Islands,2000,63.323
MHL,Marshall Islands,1999,63.421
MHL,Marshall Islands,1998,63.218
MHL,Marshall Islands,1997,63.015
MHL,Marshall Islands,1996,62.765
MHL,Marshall Islands,1995,62.515
MHL,Marshall Islands,1994,62.308
MHL,Marshall Islands,1993,62.085
MHL,Marshall Islands,1992,61.9
MHL,Marshall Islands,1991,61.792
MHL,Marshall Islands,1990,61.756
MRT,Mauritania,2020,66.794
MRT,Mauritania,2019,67.64
MRT,Mauritania,2018,67.419
MRT,Mauritania,2017,67.088
MRT,Mauritania,2016,66.823
MRT,Mauritania,2015,66.498
MRT,Mauritania,2014,66.207
MRT,Mauritania,2013,65.89
MRT,Mauritania,2012,65.808
MRT,Mauritania,2011,65.754
MRT,Mauritania,2010,65.661
MRT,Mauritania,2009,65.485
MRT,Mauritania,2008,65.233
MRT,Mauritania,2007,64.885
MRT,Mauritania,2006,64.493
MRT,Mauritania,2005,63.92
MRT,Mauritania,2004,63.369
MRT,Mauritania,2003,62.805
MRT,Mauritania,2002,62.249
MRT,Mauritania,2001,61.662
MRT,Mauritania,2000,61.044
MRT,Mauritania,1999,60.443
MRT,Mauritania,1998,59.89
MRT,Mauritania,1997,59.417
MRT,Mauritania,1996,58.915
MRT,Mauritania,1995,58.861
MRT,Mauritania,1994,58.763
MRT,Mauritania,1993,58.733
MRT,Mauritania,1992,58.568
MRT,Mauritania,1991,58.291
MRT,Mauritania,1990,58.087
MUS,Mauritius,2020,74.1770731707317
MUS,Mauritius,2019,74.2358536585366
MUS,Mauritius,2018,74.4163414634146
MUS,Mauritius,2017,74.5146341463415
MUS,Mauritius,2016,74.3948780487805
MUS,Mauritius,2015,74.3531707317073
MUS,Mauritius,2014,74.1943902439024
MUS,Mauritius,2013,74.0170731707317
MUS,Mauritius,2012,73.8634146341464
MUS,Mauritius,2011,73.2668292682927
MUS,Mauritius,2010,72.9673170731707
MUS,Mauritius,2009,72.8824390243903
MUS,Mauritius,2008,72.5707317073171
MUS,Mauritius,2007,72.5707317073171
MUS,Mauritius,2006,72.4321951219512
MUS,Mauritius,2005,72.4321951219512
MUS,Mauritius,2004,72.2658536585366
MUS,Mauritius,2003,72.1170731707317
MUS,Mauritius,2002,71.9658536585366
MUS,Mauritius,2001,71.7658536585366
MUS,Mauritius,2000,71.6634146341463
MUS,Mauritius,1999,70.9609756097561
MUS,Mauritius,1998,70.6073170731707
MUS,Mauritius,1997,70.4048780487805
MUS,Mauritius,1996,70.3229268292683
MUS,Mauritius,1995,70.3258536585366
MUS,Mauritius,1994,70.1585365853659
MUS,Mauritius,1993,70.1073170731707
MUS,Mauritius,1992,70.0585365853659
MUS,Mauritius,1991,69.9560975609756
MUS,Mauritius,1990,69.4048780487805
MEX,Mexico,2020,70.449
MEX,Mexico,2019,74.53
MEX,Mexico,2018,74.301
MEX,Mexico,2017,74.261
MEX,Mexico,2016,74.376
MEX,Mexico,2015,74.431
MEX,Mexico,2014,74.404
MEX,Mexico,2013,74.289
MEX,Mexico,2012,74.128
MEX,Mexico,2011,73.921
MEX,Mexico,2010,73.718
MEX,Mexico,2009,73.628
MEX,Mexico,2008,73.695
MEX,Mexico,2007,73.796
MEX,Mexico,2006,73.746
MEX,Mexico,2005,73.627
MEX,Mexico,2004,73.432
MEX,Mexico,2003,73.308
MEX,Mexico,2002,73.106
MEX,Mexico,2001,72.912
MEX,Mexico,2000,72.562
MEX,Mexico,1999,72.203
MEX,Mexico,1998,71.792
MEX,Mexico,1997,71.472
MEX,Mexico,1996,71.088
MEX,Mexico,1995,70.703
MEX,Mexico,1994,70.302
MEX,Mexico,1993,69.961
MEX,Mexico,1992,69.663
MEX,Mexico,1991,69.368
MEX,Mexico,1990,69.034
FSM,"Micronesia, Fed. Sts.",2020,65.878
FSM,"Micronesia, Fed. Sts.",2019,66.196
FSM,"Micronesia, Fed. Sts.",2018,65.943
FSM,"Micronesia, Fed. Sts.",2017,65.761
FSM,"Micronesia, Fed. Sts.",2016,65.576
FSM,"Micronesia, Fed. Sts.",2015,65.306
FSM,"Micronesia, Fed. Sts.",2014,65.294
FSM,"Micronesia, Fed. Sts.",2013,65.179
FSM,"Micronesia, Fed. Sts.",2012,65.08
FSM,"Micronesia, Fed. Sts.",2011,64.969
FSM,"Micronesia, Fed. Sts.",2010,64.892
FSM,"Micronesia, Fed. Sts.",2009,64.865
FSM,"Micronesia, Fed. Sts.",2008,64.849
FSM,"Micronesia, Fed. Sts.",2007,64.844
FSM,"Micronesia, Fed. Sts.",2006,64.859
FSM,"Micronesia, Fed. Sts.",2005,64.906
FSM,"Micronesia, Fed. Sts.",2004,64.898
FSM,"Micronesia, Fed. Sts.",2003,64.915
FSM,"Micronesia, Fed. Sts.",2002,63.907
FSM,"Micronesia, Fed. Sts.",2001,64.801
FSM,"Micronesia, Fed. Sts.",2000,64.317
FSM,"Micronesia, Fed. Sts.",1999,64.626
FSM,"Micronesia, Fed. Sts.",1998,64.509
FSM,"Micronesia, Fed. Sts.",1997,64.371
FSM,"Micronesia, Fed. Sts.",1996,64.253
FSM,"Micronesia, Fed. Sts.",1995,64.142
FSM,"Micronesia, Fed. Sts.",1994,64.082
FSM,"Micronesia, Fed. Sts.",1993,64.041
FSM,"Micronesia, Fed. Sts.",1992,63.996
FSM,"Micronesia, Fed. Sts.",1991,63.881
FSM,"Micronesia, Fed. Sts.",1990,63.722
MDA,Moldova,2020,69.914
MDA,Moldova,2019,70.181
MDA,Moldova,2018,70.236
MDA,Moldova,2017,70.375
MDA,Moldova,2016,70.179
MDA,Moldova,2015,70.118
MDA,Moldova,2014,70.241
MDA,Moldova,2013,70.291
MDA,Moldova,2012,70.344
MDA,Moldova,2011,70.173
MDA,Moldova,2010,69.876
MDA,Moldova,2009,69.406
MDA,Moldova,2008,69.0
MDA,Moldova,2007,68.674
MDA,Moldova,2006,68.423
MDA,Moldova,2005,68.197
MDA,Moldova,2004,68.017
MDA,Moldova,2003,67.9
MDA,Moldova,2002,67.793
MDA,Moldova,2001,67.672
MDA,Moldova,2000,67.462
MDA,Moldova,1999,67.205
MDA,Moldova,1998,66.84
MDA,Moldova,1997,66.484
MDA,Moldova,1996,66.248
MDA,Moldova,1995,66.218
MDA,Moldova,1994,66.319
MDA,Moldova,1993,66.66
MDA,Moldova,1992,66.749
MDA,Moldova,1991,67.554
MDA,Moldova,1990,67.92
MCO,Monaco,2020,86.089
MCO,Monaco,2019,86.151
MCO,Monaco,2018,86.084
MCO,Monaco,2017,85.878
MCO,Monaco,2016,85.63
MCO,Monaco,2015,85.323
MCO,Monaco,2014,85.093
MCO,Monaco,2013,85.056
MCO,Monaco,2012,85.045
MCO,Monaco,2011,85.01
MCO,Monaco,2010,84.644
MCO,Monaco,2009,84.187
MCO,Monaco,2008,83.827
MCO,Monaco,2007,83.903
MCO,Monaco,2006,84.194
MCO,Monaco,2005,84.34
MCO,Monaco,2004,84.151
MCO,Monaco,2003,83.613
MCO,Monaco,2002,83.055
MCO,Monaco,2001,82.485
MCO,Monaco,2000,82.121
MCO,Monaco,1999,81.826
MCO,Monaco,1998,81.605
MCO,Monaco,1997,81.358
MCO,Monaco,1996,81.133
MCO,Monaco,1995,80.902
MCO,Monaco,1994,80.654
MCO,Monaco,1993,80.365
MCO,Monaco,1992,80.065
MCO,Monaco,1991,79.749
MCO,Monaco,1990,79.436
MNG,Mongolia,2020,71.3490243902439
MNG,Mongolia,2019,71.0531707317073
MNG,Mongolia,2018,70.8270731707317
MNG,Mongolia,2017,70.5434146341463
MNG,Mongolia,2016,70.2239024390244
MNG,Mongolia,2015,70.810243902439
MNG,Mongolia,2014,70.5831707317073
MNG,Mongolia,2013,70.0980487804878
MNG,Mongolia,2012,69.500243902439
MNG,Mongolia,2011,69.109268292683
MNG,Mongolia,2010,68.5056097560976
MNG,Mongolia,2009,67.9690243902439
MNG,Mongolia,2008,67.2460975609756
MNG,Mongolia,2007,66.5934146341464
MNG,Mongolia,2006,65.9021951219512
MNG,Mongolia,2005,65.2807317073171
MNG,Mongolia,2004,64.630243902439
MNG,Mongolia,2003,63.5753658536585
MNG,Mongolia,2002,63.540243902439
MNG,Mongolia,2001,63.3917073170732
MNG,Mongolia,2000,63.2104878048781
MNG,Mongolia,1999,62.7895365853659
MNG,Mongolia,1998,62.0830731707317
MNG,Mongolia,1997,61.414512195122
MNG,Mongolia,1996,60.994
MNG,Mongolia,1995,60.892512195122
MNG,Mongolia,1994,60.859
MNG,Mongolia,1993,60.8242195121951
MNG,Mongolia,1992,60.4307073170732
MNG,Mongolia,1991,59.8047317073171
MNG,Mongolia,1990,58.8011951219512
MNE,Montenegro,2020,75.9317073170732
MNE,Montenegro,2019,76.6829268292683
MNE,Montenegro,2018,77.8853658536585
MNE,Montenegro,2017,76.6853658536585
MNE,Montenegro,2016,76.5414634146342
MNE,Montenegro,2015,76.6024390243903
MNE,Montenegro,2014,76.3390243902439
MNE,Montenegro,2013,76.490243902439
MNE,Montenegro,2012,76.3
MNE,Montenegro,2011,76.0829268292683
MNE,Montenegro,2010,75.990243902439
MNE,Montenegro,2009,75.1439024390244
MNE,Montenegro,2008,75.1365853658537
MNE,Montenegro,2007,74.3390243902439
MNE,Montenegro,2006,73.8390243902439
MNE,Montenegro,2005,73.9829268292683
MNE,Montenegro,2004,74.2056097560976
MNE,Montenegro,2003,74.0557317073171
MNE,Montenegro,2002,73.9652195121951
MNE,Montenegro,2001,73.5801951219512
MNE,Montenegro,2000,73.3968048780488
MNE,Montenegro,1999,73.1438780487805
MNE,Montenegro,1998,73.2877804878049
MNE,Montenegro,1997,73.3429756097561
MNE,Montenegro,1996,73.4447317073171
MNE,Montenegro,1995,73.5649268292683
MNE,Montenegro,1994,73.5877804878049
MNE,Montenegro,1993,73.6938780487805
MNE,Montenegro,1992,73.6216585365854
MNE,Montenegro,1991,73.7667317073171
MNE,Montenegro,1990,73.6963414634146
MAR,Morocco,2020,73.133
MAR,Morocco,2019,74.245
MAR,Morocco,2018,73.946
MAR,Morocco,2017,73.608
MAR,Morocco,2016,73.228
MAR,Morocco,2015,72.894
MAR,Morocco,2014,72.522
MAR,Morocco,2013,72.117
MAR,Morocco,2012,71.674
MAR,Morocco,2011,71.263
MAR,Morocco,2010,70.821
MAR,Morocco,2009,70.454
MAR,Morocco,2008,70.051
MAR,Morocco,2007,69.62
MAR,Morocco,2006,69.157
MAR,Morocco,2005,68.748
MAR,Morocco,2004,68.272
MAR,Morocco,2003,67.958
MAR,Morocco,2002,67.582
MAR,Morocco,2001,67.2
MAR,Morocco,2000,66.794
MAR,Morocco,1999,66.404
MAR,Morocco,1998,66.008
MAR,Morocco,1997,65.616
MAR,Morocco,1996,65.226
MAR,Morocco,1995,64.725
MAR,Morocco,1994,64.346
MAR,Morocco,1993,63.868
MAR,Morocco,1992,63.388
MAR,Morocco,1991,62.919
MAR,Morocco,1990,62.396
MOZ,Mozambique,2020,61.39
MOZ,Mozambique,2019,61.306
MOZ,Mozambique,2018,60.79
MOZ,Mozambique,2017,60.148
MOZ,Mozambique,2016,59.455
MOZ,Mozambique,2015,58.711
MOZ,Mozambique,2014,57.965
MOZ,Mozambique,2013,57.189
MOZ,Mozambique,2012,56.46
MOZ,Mozambique,2011,55.733
MOZ,Mozambique,2010,55.04
MOZ,Mozambique,2009,54.4
MOZ,Mozambique,2008,53.799
MOZ,Mozambique,2007,53.255
MOZ,Mozambique,2006,52.748
MOZ,Mozambique,2005,52.322
MOZ,Mozambique,2004,51.855
MOZ,Mozambique,2003,51.383
MOZ,Mozambique,2002,50.879
MOZ,Mozambique,2001,50.259
MOZ,Mozambique,2000,49.476
MOZ,Mozambique,1999,48.837
MOZ,Mozambique,1998,48.212
MOZ,Mozambique,1997,47.8
MOZ,Mozambique,1996,47.121
MOZ,Mozambique,1995,46.546
MOZ,Mozambique,1994,46.086
MOZ,Mozambique,1993,45.675
MOZ,Mozambique,1992,45.095
MOZ,Mozambique,1991,44.705
MOZ,Mozambique,1990,44.337
MMR,Myanmar,2020,66.612
MMR,Myanmar,2019,66.457
MMR,Myanmar,2018,66.232
MMR,Myanmar,2017,65.909
MMR,Myanmar,2016,65.64
MMR,Myanmar,2015,65.288
MMR,Myanmar,2014,64.994
MMR,Myanmar,2013,64.617
MMR,Myanmar,2012,64.251
MMR,Myanmar,2011,63.859
MMR,Myanmar,2010,63.479
MMR,Myanmar,2009,63.095
MMR,Myanmar,2008,56.364
MMR,Myanmar,2007,62.367
MMR,Myanmar,2006,62.026
MMR,Myanmar,2005,61.72
MMR,Myanmar,2004,61.443
MMR,Myanmar,2003,61.196
MMR,Myanmar,2002,60.925
MMR,Myanmar,2001,60.64
MMR,Myanmar,2000,60.357
MMR,Myanmar,1999,60.107
MMR,Myanmar,1998,59.896
MMR,Myanmar,1997,59.523
MMR,Myanmar,1996,59.169
MMR,Myanmar,1995,58.671
MMR,Myanmar,1994,58.326
MMR,Myanmar,1993,58.032
MMR,Myanmar,1992,57.681
MMR,Myanmar,1991,57.395
MMR,Myanmar,1990,57.159
NAM,Namibia,2020,64.071
NAM,Namibia,2019,63.546
NAM,Namibia,2018,62.579
NAM,Namibia,2017,61.661
NAM,Namibia,2016,60.81
NAM,Namibia,2015,60.008
NAM,Namibia,2014,59.311
NAM,Namibia,2013,58.468
NAM,Namibia,2012,57.733
NAM,Namibia,2011,56.647
NAM,Namibia,2010,56.093
NAM,Namibia,2009,55.347
NAM,Namibia,2008,54.74
NAM,Namibia,2007,54.026
NAM,Namibia,2006,53.183
NAM,Namibia,2005,52.557
NAM,Namibia,2004,52.175
NAM,Namibia,2003,51.918
NAM,Namibia,2002,51.988
NAM,Namibia,2001,51.98
NAM,Namibia,2000,52.946
NAM,Namibia,1999,53.983
NAM,Namibia,1998,54.767
NAM,Namibia,1997,55.844
NAM,Namibia,1996,56.639
NAM,Namibia,1995,57.518
NAM,Namibia,1994,58.441
NAM,Namibia,1993,59.26
NAM,Namibia,1992,60.16
NAM,Namibia,1991,60.833
NAM,Namibia,1990,61.359
NRU,Naoero,2020,61.527
NRU,Naoero,2019,61.393
NRU,Naoero,2018,61.238
NRU,Naoero,2017,61.101
NRU,Naoero,2016,60.996
NRU,Naoero,2015,60.897
NRU,Naoero,2014,60.834
NRU,Naoero,2013,60.701
NRU,Naoero,2012,60.533
NRU,Naoero,2011,60.287
NRU,Naoero,2010,60.074
NRU,Naoero,2009,59.852
NRU,Naoero,2008,59.675
NRU,Naoero,2007,59.49
NRU,Naoero,2006,59.409
NRU,Naoero,2005,59.361
NRU,Naoero,2004,59.346
NRU,Naoero,2003,59.359
NRU,Naoero,2002,59.427
NRU,Naoero,2001,59.482
NRU,Naoero,2000,59.574
NRU,Naoero,1999,59.701
NRU,Naoero,1998,59.86
NRU,Naoero,1997,59.985
NRU,Naoero,1996,60.07
NRU,Naoero,1995,60.063
NRU,Naoero,1994,59.954
NRU,Naoero,1993,59.761
NRU,Naoero,1992,59.518
NRU,Naoero,1991,59.312
NRU,Naoero,1990,59.102
NPL,Nepal,2020,69.106
NPL,Nepal,2019,69.299
NPL,Nepal,2018,69.036
NPL,Nepal,2017,68.74
NPL,Nepal,2016,68.444
NPL,Nepal,2015,67.374
NPL,Nepal,2014,67.812
NPL,Nepal,2013,67.598
NPL,Nepal,2012,67.364
NPL,Nepal,2011,67.123
NPL,Nepal,2010,66.772
NPL,Nepal,2009,66.6
NPL,Nepal,2008,66.442
NPL,Nepal,2007,66.169
NPL,Nepal,2006,65.891
NPL,Nepal,2005,65.275
NPL,Nepal,2004,64.744
NPL,Nepal,2003,64.229
NPL,Nepal,2002,63.507
NPL,Nepal,2001,63.288
NPL,Nepal,2000,62.642
NPL,Nepal,1999,62.035
NPL,Nepal,1998,61.532
NPL,Nepal,1997,60.823
NPL,Nepal,1996,60.044
NPL,Nepal,1995,59.323
NPL,Nepal,1994,58.631
NPL,Nepal,1993,57.597
NPL,Nepal,1992,56.686
NPL,Nepal,1991,55.65
NPL,Nepal,1990,54.771
NLD,Netherlands,2020,81.3585365853659
NLD,Netherlands,2019,82.1121951219512
NLD,Netherlands,2018,81.8121951219512
NLD,Netherlands,2017,81.7609756097561
NLD,Netherlands,2016,81.5609756097561
NLD,Netherlands,2015,81.509756097561
NLD,Netherlands,2014,81.7073170731707
NLD,Netherlands,2013,81.3048780487805
NLD,Netherlands,2012,81.1048780487805
NLD,Netherlands,2011,81.2048780487805
NLD,Netherlands,2010,80.7024390243902
NLD,Netherlands,2009,80.5487804878049
NLD,Netherlands,2008,80.2512195121951
NLD,Netherlands,2007,80.0975609756098
NLD,Netherlands,2006,79.6975609756098
NLD,Netherlands,2005,79.3463414634146
NLD,Netherlands,2004,79.0951219512195
NLD,Netherlands,2003,78.4926829268293
NLD,Netherlands,2002,78.2926829268293
NLD,Netherlands,2001,78.190243902439
NLD,Netherlands,2000,77.9878048780488
NLD,Netherlands,1999,77.8365853658537
NLD,Netherlands,1998,77.8829268292683
NLD,Netherlands,1997,77.7943902439024
NLD,Netherlands,1996,77.4356097560976
NLD,Netherlands,1995,77.4046341463415
NLD,Netherlands,1994,77.3751219512195
NLD,Netherlands,1993,76.9165853658537
NLD,Netherlands,1992,77.2170731707317
NLD,Netherlands,1991,77.0
NLD,Netherlands,1990,76.8780487804878
NCL,New Caledonia,2020,77.049
NCL,New Caledonia,2019,77.262
NCL,New Caledonia,2018,77.557
NCL,New Caledonia,2017,77.504
NCL,New Caledonia,2016,77.359
NCL,New Caledonia,2015,77.206
NCL,New Caledonia,2014,77.053
NCL,New Caledonia,2013,76.867
NCL,New Caledonia,2012,76.615
NCL,New Caledonia,2011,76.315
NCL,New Caledonia,2010,75.992
NCL,New Caledonia,2009,75.676
NCL,New Caledonia,2008,75.398
NCL,New Caledonia,2007,75.181
NCL,New Caledonia,2006,75.016
NCL,New Caledonia,2005,74.867
NCL,New Caledonia,2004,74.713
NCL,New Caledonia,2003,74.5
NCL,New Caledonia,2002,74.278
NCL,New Caledonia,2001,73.958
NCL,New Caledonia,2000,73.574
NCL,New Caledonia,1999,73.141
NCL,New Caledonia,1998,72.677
NCL,New Caledonia,1997,72.204
NCL,New Caledonia,1996,71.75
NCL,New Caledonia,1995,71.314
NCL,New Caledonia,1994,70.897
NCL,New Caledonia,1993,70.504
NCL,New Caledonia,1992,70.143
NCL,New Caledonia,1991,69.82
NCL,New Caledonia,1990,69.526
NZL,New Zealand,2020,82.2560975609756
NZL,New Zealand,2019,82.0560975609756
NZL,New Zealand,2018,81.7073170731707
NZL,New Zealand,2017,81.8585365853659
NZL,New Zealand,2016,81.6585365853659
NZL,New Zealand,2015,81.6124390243903
NZL,New Zealand,2014,81.4568292682927
NZL,New Zealand,2013,81.4048780487805
NZL,New Zealand,2012,81.4073170731707
NZL,New Zealand,2011,81.1560975609756
NZL,New Zealand,2010,80.9048780487805
NZL,New Zealand,2009,80.7024390243902
NZL,New Zealand,2008,80.3512195121951
NZL,New Zealand,2007,80.1512195121951
NZL,New Zealand,2006,80.0487804878049
NZL,New Zealand,2005,79.8512195121951
NZL,New Zealand,2004,79.5487804878049
NZL,New Zealand,2003,79.1463414634146
NZL,New Zealand,2002,78.8463414634146
NZL,New Zealand,2001,78.6926829268293
NZL,New Zealand,2000,78.6365853658537
NZL,New Zealand,1999,77.890243902439
NZL,New Zealand,1998,78.0853658536585
NZL,New Zealand,1997,77.3341463414634
NZL,New Zealand,1996,76.7878048780488
NZL,New Zealand,1995,76.7341463414634
NZL,New Zealand,1994,76.8829268292683
NZL,New Zealand,1993,76.4341463414634
NZL,New Zealand,1992,76.1243902439025
NZL,New Zealand,1991,76.0317073170732
NZL,New Zealand,1990,75.3780487804878
NIC,Nicaragua,2020,70.766
NIC,Nicaragua,2019,73.764
NIC,Nicaragua,2018,73.879
NIC,Nicaragua,2017,73.389
NIC,Nicaragua,2016,73.18
NIC,Nicaragua,2015,72.899
NIC,Nicaragua,2014,72.792
NIC,Nicaragua,2013,72.551
NIC,Nicaragua,2012,72.435
NIC,Nicaragua,2011,72.033
NIC,Nicaragua,2010,71.761
NIC,Nicaragua,2009,71.499
NIC,Nicaragua,2008,71.404
NIC,Nicaragua,2007,71.197
NIC,Nicaragua,2006,70.958
NIC,Nicaragua,2005,70.374
NIC,Nicaragua,2004,69.51
NIC,Nicaragua,2003,68.749
NIC,Nicaragua,2002,67.95
NIC,Nicaragua,2001,67.028
NIC,Nicaragua,2000,66.36
NIC,Nicaragua,1999,65.892
NIC,Nicaragua,1998,64.111
NIC,Nicaragua,1997,65.523
NIC,Nicaragua,1996,65.215
NIC,Nicaragua,1995,64.869
NIC,Nicaragua,1994,64.549
NIC,Nicaragua,1993,64.093
NIC,Nicaragua,1992,63.672
NIC,Nicaragua,1991,63.31
NIC,Nicaragua,1990,62.473
NER,Niger,2020,59.89
NER,Niger,2019,60.031
NER,Niger,2018,59.765
NER,Niger,2017,59.524
NER,Niger,2016,59.228
NER,Niger,2015,58.85
NER,Niger,2014,58.693
NER,Niger,2013,58.364
NER,Niger,2012,57.987
NER,Niger,2011,57.6
NER,Niger,2010,57.08
NER,Niger,2009,56.487
NER,Niger,2008,55.852
NER,Niger,2007,55.063
NER,Niger,2006,54.223
NER,Niger,2005,53.32
NER,Niger,2004,52.402
NER,Niger,2003,51.545
NER,Niger,2002,50.645
NER,Niger,2001,49.872
NER,Niger,2000,49.172
NER,Niger,1999,48.48
NER,Niger,1998,47.807
NER,Niger,1997,47.097
NER,Niger,1996,46.313
NER,Niger,1995,45.504
NER,Niger,1994,44.586
NER,Niger,1993,43.838
NER,Niger,1992,43.064
NER,Niger,1991,42.289
NER,Niger,1990,41.732
NGA,Nigeria,2020,53.072
NGA,Nigeria,2019,53.009
NGA,Nigeria,2018,52.669
NGA,Nigeria,2017,52.397
NGA,Nigeria,2016,52.189
NGA,Nigeria,2015,51.939
NGA,Nigeria,2014,51.94
NGA,Nigeria,2013,51.827
NGA,Nigeria,2012,51.688
NGA,Nigeria,2011,51.49
NGA,Nigeria,2010,51.315
NGA,Nigeria,2009,51.08
NGA,Nigeria,2008,50.748
NGA,Nigeria,2007,50.381
NGA,Nigeria,2006,49.876
NGA,Nigeria,2005,49.538
NGA,Nigeria,2004,49.148
NGA,Nigeria,2003,48.618
NGA,Nigeria,2002,48.02
NGA,Nigeria,2001,47.549
NGA,Nigeria,2000,47.143
NGA,Nigeria,1999,46.609
NGA,Nigeria,1998,46.148
NGA,Nigeria,1997,45.96
NGA,Nigeria,1996,45.833
NGA,Nigeria,1995,45.87
NGA,Nigeria,1994,45.748
NGA,Nigeria,1993,45.783
NGA,Nigeria,1992,45.587
NGA,Nigeria,1991,45.483
NGA,Nigeria,1990,45.733
MKD,North Macedonia,2020,74.3951219512195
MKD,North Macedonia,2019,76.6024390243903
MKD,North Macedonia,2018,76.6487804878049
MKD,North Macedonia,2017,75.9536585365854
MKD,North Macedonia,2016,75.4
MKD,North Macedonia,2015,75.4024390243902
MKD,North Macedonia,2014,75.4512195121951
MKD,North Macedonia,2013,75.4
MKD,North Macedonia,2012,74.9024390243903
MKD,North Macedonia,2011,75.1
MKD,North Macedonia,2010,74.9975609756098
MKD,North Macedonia,2009,74.4463414634146
MKD,North Macedonia,2008,74.4
MKD,North Macedonia,2007,73.8
MKD,North Macedonia,2006,73.8951219512195
MKD,North Macedonia,2005,73.6975609756098
MKD,North Macedonia,2004,73.5975609756098
MKD,North Macedonia,2003,73.2414634146342
MKD,North Macedonia,2002,73.0390243902439
MKD,North Macedonia,2001,73.4365853658537
MKD,North Macedonia,2000,72.9463414634147
MKD,North Macedonia,1999,72.790243902439
MKD,North Macedonia,1998,72.2975609756098
MKD,North Macedonia,1997,72.4463414634146
MKD,North Macedonia,1996,72.4951219512195
MKD,North Macedonia,1995,71.8487804878049
MKD,North Macedonia,1994,71.6926829268293
MKD,North Macedonia,1993,71.5965609756098
MKD,North Macedonia,1992,71.1484634146342
MKD,North Macedonia,1991,71.5829024390244
MKD,North Macedonia,1990,71.1720975609756
MNP,Northern Mariana Islands,2020,78.03
MNP,Northern Mariana Islands,2019,77.844
MNP,Northern Mariana Islands,2018,77.51
MNP,Northern Mariana Islands,2017,77.47
MNP,Northern Mariana Islands,2016,77.392
MNP,Northern Mariana Islands,2015,77.36
MNP,Northern Mariana Islands,2014,77.377
MNP,Northern Mariana Islands,2013,77.452
MNP,Northern Mariana Islands,2012,77.566
MNP,Northern Mariana Islands,2011,77.688
MNP,Northern Mariana Islands,2010,77.8
MNP,Northern Mariana Islands,2009,77.903
MNP,Northern Mariana Islands,2008,77.938
MNP,Northern Mariana Islands,2007,77.863
MNP,Northern Mariana Islands,2006,77.688
MNP,Northern Mariana Islands,2005,77.307
MNP,Northern Mariana Islands,2004,76.789
MNP,Northern Mariana Islands,2003,76.505
MNP,Northern Mariana Islands,2002,75.934
MNP,Northern Mariana Islands,2001,75.419
MNP,Northern Mariana Islands,2000,74.9
MNP,Northern Mariana Islands,1999,74.262
MNP,Northern Mariana Islands,1998,73.573
MNP,Northern Mariana Islands,1997,72.947
MNP,Northern Mariana Islands,1996,72.442
MNP,Northern Mariana Islands,1995,71.938
MNP,Northern Mariana Islands,1994,71.533
MNP,Northern Mariana Islands,1993,71.156
MNP,Northern Mariana Islands,1992,70.762
MNP,Northern Mariana Islands,1991,70.362
MNP,Northern Mariana Islands,1990,70.038
NOR,Norway,2020,83.209756097561
NOR,Norway,2019,82.9585365853659
NOR,Norway,2018,82.7585365853659
NOR,Norway,2017,82.609756097561
NOR,Norway,2016,82.4073170731707
NOR,Norway,2015,82.3048780487805
NOR,Norway,2014,82.1
NOR,Norway,2013,81.7512195121951
NOR,Norway,2012,81.4512195121951
NOR,Norway,2011,81.2951219512195
NOR,Norway,2010,80.9975609756098
NOR,Norway,2009,80.7951219512195
NOR,Norway,2008,80.5926829268293
NOR,Norway,2007,80.3951219512195
NOR,Norway,2006,80.3439024390244
NOR,Norway,2005,80.0414634146342
NOR,Norway,2004,79.8414634146342
NOR,Norway,2003,79.390243902439
NOR,Norway,2002,78.9878048780488
NOR,Norway,2001,78.7853658536585
NOR,Norway,2000,78.6341463414634
NOR,Norway,1999,78.2829268292683
NOR,Norway,1998,78.3292682926829
NOR,Norway,1997,78.1426829268293
NOR,Norway,1996,78.1504878048781
NOR,Norway,1995,77.7365853658537
NOR,Norway,1994,77.689756097561
NOR,Norway,1993,77.1517073170732
NOR,Norway,1992,77.1843902439025
NOR,Norway,1991,76.9807317073171
NOR,Norway,1990,76.5373170731707
OMN,Oman,2020,77.763
OMN,Oman,2019,79.946
OMN,Oman,2018,79.864
OMN,Oman,2017,79.748
OMN,Oman,2016,79.581
OMN,Oman,2015,79.346
OMN,Oman,2014,79.03
OMN,Oman,2013,78.633
OMN,Oman,2012,78.187
OMN,Oman,2011,77.74
OMN,Oman,2010,77.184
OMN,Oman,2009,76.631
OMN,Oman,2008,76.124
OMN,Oman,2007,75.596
OMN,Oman,2006,75.354
OMN,Oman,2005,75.07
OMN,Oman,2004,74.82
OMN,Oman,2003,74.521
OMN,Oman,2002,74.276
OMN,Oman,2001,73.979
OMN,Oman,2000,73.643
OMN,Oman,1999,73.276
OMN,Oman,1998,72.882
OMN,Oman,1997,72.463
OMN,Oman,1996,72.023
OMN,Oman,1995,71.56
OMN,Oman,1994,71.072
OMN,Oman,1993,70.608
OMN,Oman,1992,70.114
OMN,Oman,1991,69.584
OMN,Oman,1990,69.012
PAK,Pakistan,2020,65.701
PAK,Pakistan,2019,66.729
PAK,Pakistan,2018,66.481
PAK,Pakistan,2017,66.223
PAK,Pakistan,2016,65.943
PAK,Pakistan,2015,65.641
PAK,Pakistan,2014,65.374
PAK,Pakistan,2013,65.129
PAK,Pakistan,2012,64.883
PAK,Pakistan,2011,64.659
PAK,Pakistan,2010,64.378
PAK,Pakistan,2009,64.206
PAK,Pakistan,2008,64.002
PAK,Pakistan,2007,63.807
PAK,Pakistan,2006,63.624
PAK,Pakistan,2005,62.416
PAK,Pakistan,2004,63.097
PAK,Pakistan,2003,62.834
PAK,Pakistan,2002,62.556
PAK,Pakistan,2001,62.241
PAK,Pakistan,2000,61.903
PAK,Pakistan,1999,61.54
PAK,Pakistan,1998,61.134
PAK,Pakistan,1997,60.623
PAK,Pakistan,1996,60.466
PAK,Pakistan,1995,60.273
PAK,Pakistan,1994,60.197
PAK,Pakistan,1993,60.083
PAK,Pakistan,1992,59.983
PAK,Pakistan,1991,59.864
PAK,Pakistan,1990,59.728
PLW,Palau,2020,68.689
PLW,Palau,2019,68.982
PLW,Palau,2018,68.989
PLW,Palau,2017,69.019
PLW,Palau,2016,69.046
PLW,Palau,2015,69.07
PLW,Palau,2014,69.062
PLW,Palau,2013,68.981
PLW,Palau,2012,68.863
PLW,Palau,2011,68.638
PLW,Palau,2010,68.347
PLW,Palau,2009,67.99
PLW,Palau,2008,67.562
PLW,Palau,2007,67.113
PLW,Palau,2006,66.633
PLW,Palau,2005,66.219
PLW,Palau,2004,65.816
PLW,Palau,2003,65.446
PLW,Palau,2002,65.076
PLW,Palau,2001,64.8
PLW,Palau,2000,64.499
PLW,Palau,1999,64.23
PLW,Palau,1998,63.951
PLW,Palau,1997,63.707
PLW,Palau,1996,63.455
PLW,Palau,1995,63.255
PLW,Palau,1994,63.104
PLW,Palau,1993,62.98
PLW,Palau,1992,62.926
PLW,Palau,1991,62.849
PLW,Palau,1990,62.79
PAN,Panama,2020,76.33
PAN,Panama,2019,78.514
PAN,Panama,2018,78.266
PAN,Panama,2017,77.901
PAN,Panama,2016,77.772
PAN,Panama,2015,77.583
PAN,Panama,2014,77.365
PAN,Panama,2013,77.129
PAN,Panama,2012,76.877
PAN,Panama,2011,76.659
PAN,Panama,2010,76.417
PAN,Panama,2009,76.228
PAN,Panama,2008,75.937
PAN,Panama,2007,75.675
PAN,Panama,2006,75.429
PAN,Panama,2005,75.16
PAN,Panama,2004,74.845
PAN,Panama,2003,74.567
PAN,Panama,2002,74.195
PAN,Panama,2001,73.82
PAN,Panama,2000,73.443
PAN,Panama,1999,73.124
PAN,Panama,1998,72.785
PAN,Panama,1997,72.541
PAN,Panama,1996,72.199
PAN,Panama,1995,71.994
PAN,Panama,1994,71.943
PAN,Panama,1993,71.805
PAN,Panama,1992,71.461
PAN,Panama,1991,71.331
PAN,Panama,1990,71.266
PNG,Papua New Guinea,2020,65.075
PNG,Papua New Guinea,2019,65.331
PNG,Papua New Guinea,2018,65.114
PNG,Papua New Guinea,2017,64.923
PNG,Papua New Guinea,2016,64.7
PNG,Papua New Guinea,2015,64.473
PNG,Papua New Guinea,2014,64.198
PNG,Papua New Guinea,2013,63.927
PNG,Papua New Guinea,2012,63.639
PNG,Papua New Guinea,2011,63.382
PNG,Papua New Guinea,2010,63.056
PNG,Papua New Guinea,2009,62.772
PNG,Papua New Guinea,2008,62.511
PNG,Papua New Guinea,2007,62.211
PNG,Papua New Guinea,2006,62.018
PNG,Papua New Guinea,2005,61.868
PNG,Papua New Guinea,2004,61.795
PNG,Papua New Guinea,2003,61.741
PNG,Papua New Guinea,2002,61.643
PNG,Papua New Guinea,2001,61.647
PNG,Papua New Guinea,2000,61.609
PNG,Papua New Guinea,1999,61.505
PNG,Papua New Guinea,1998,60.435
PNG,Papua New Guinea,1997,61.27
PNG,Papua New Guinea,1996,61.071
PNG,Papua New Guinea,1995,60.929
PNG,Papua New Guinea,1994,60.726
PNG,Papua New Guinea,1993,60.466
PNG,Papua New Guinea,1992,60.26
PNG,Papua New Guinea,1991,59.94
PNG,Papua New Guinea,1990,59.778
PRY,Paraguay,2020,72.72
PRY,Paraguay,2019,73.668
PRY,Paraguay,2018,73.627
PRY,Paraguay,2017,73.45
PRY,Paraguay,2016,73.487
PRY,Paraguay,2015,73.454
PRY,Paraguay,2014,73.415
PRY,Paraguay,2013,73.292
PRY,Paraguay,2012,73.105
PRY,Paraguay,2011,72.787
PRY,Paraguay,2010,72.551
PRY,Paraguay,2009,72.282
PRY,Paraguay,2008,72.047
PRY,Paraguay,2007,71.817
PRY,Paraguay,2006,71.584
PRY,Paraguay,2005,71.317
PRY,Paraguay,2004,71.054
PRY,Paraguay,2003,70.795
PRY,Paraguay,2002,70.539
PRY,Paraguay,2001,70.281
PRY,Paraguay,2000,70.026
PRY,Paraguay,1999,69.774
PRY,Paraguay,1998,69.507
PRY,Paraguay,1997,69.284
PRY,Paraguay,1996,69.05
PRY,Paraguay,1995,68.778
PRY,Paraguay,1994,68.504
PRY,Paraguay,1993,68.234
PRY,Paraguay,1992,67.961
PRY,Paraguay,1991,67.676
PRY,Paraguay,1990,67.341
PER,Peru,2020,73.832
PER,Peru,2019,76.275
PER,Peru,2018,76.018
PER,Peru,2017,75.958
PER,Peru,2016,75.951
PER,Peru,2015,75.732
PER,Peru,2014,75.26
PER,Peru,2013,74.591
PER,Peru,2012,73.979
PER,Peru,2011,73.327
PER,Peru,2010,72.886
PER,Peru,2009,72.631
PER,Peru,2008,72.743
PER,Peru,2007,72.746
PER,Peru,2006,72.337
PER,Peru,2005,71.988
PER,Peru,2004,71.447
PER,Peru,2003,71.278
PER,Peru,2002,70.815
PER,Peru,2001,70.315
PER,Peru,2000,69.821
PER,Peru,1999,69.302
PER,Peru,1998,68.724
PER,Peru,1997,68.324
PER,Peru,1996,67.85
PER,Peru,1995,67.22
PER,Peru,1994,66.544
PER,Peru,1993,65.732
PER,Peru,1992,65.031
PER,Peru,1991,64.248
PER,Peru,1990,63.979
PHL,Philippines,2020,70.097
PHL,Philippines,2019,69.68
PHL,Philippines,2018,69.761
PHL,Philippines,2017,69.966
PHL,Philippines,2016,69.49
PHL,Philippines,2015,69.45
PHL,Philippines,2014,69.311
PHL,Philippines,2013,69.283
PHL,Philippines,2012,69.237
PHL,Philippines,2011,69.096
PHL,Philippines,2010,68.883
PHL,Philippines,2009,68.631
PHL,Philippines,2008,68.643
PHL,Philippines,2007,68.549
PHL,Philippines,2006,68.172
PHL,Philippines,2005,68.423
PHL,Philippines,2004,68.301
PHL,Philippines,2003,68.049
PHL,Philippines,2002,67.886
PHL,Philippines,2001,67.829
PHL,Philippines,2000,67.789
PHL,Philippines,1999,67.503
PHL,Philippines,1998,67.212
PHL,Philippines,1997,66.994
PHL,Philippines,1996,66.691
PHL,Philippines,1995,66.311
PHL,Philippines,1994,66.0
PHL,Philippines,1993,65.661
PHL,Philippines,1992,65.353
PHL,Philippines,1991,64.622
PHL,Philippines,1990,64.382
POL,Poland,2020,76.4
POL,Poland,2019,77.9048780487805
POL,Poland,2018,77.6024390243903
POL,Poland,2017,77.7536585365854
POL,Poland,2016,77.8512195121951
POL,Poland,2015,77.4512195121951
POL,Poland,2014,77.6024390243903
POL,Poland,2013,77.0
POL,Poland,2012,76.7463414634146
POL,Poland,2011,76.6951219512195
POL,Poland,2010,76.2463414634146
POL,Poland,2009,75.6951219512195
POL,Poland,2008,75.5439024390244
POL,Poland,2007,75.2439024390244
POL,Poland,2006,75.1439024390244
POL,Poland,2005,74.9951219512195
POL,Poland,2004,74.8463414634146
POL,Poland,2003,74.5975609756098
POL,Poland,2002,74.4975609756098
POL,Poland,2001,74.2
POL,Poland,2000,73.7487804878049
POL,Poland,1999,73.0439024390244
POL,Poland,1998,72.9975609756098
POL,Poland,1997,72.6463414634146
POL,Poland,1996,72.2463414634146
POL,Poland,1995,71.8926829268293
POL,Poland,1994,71.6951219512195
POL,Poland,1993,71.5951219512195
POL,Poland,1992,71.090243902439
POL,Poland,1991,70.5878048780488
POL,Poland,1990,70.890243902439
PRT,Portugal,2020,81.3292682926829
PRT,Portugal,2019,81.6756097560976
PRT,Portugal,2018,81.3243902439024
PRT,Portugal,2017,81.4243902439025
PRT,Portugal,2016,81.1243902439025
PRT,Portugal,2015,81.1243902439025
PRT,Portugal,2014,81.1219512195122
PRT,Portugal,2013,80.7219512195122
PRT,Portugal,2012,80.3731707317073
PRT,Portugal,2011,80.4707317073171
PRT,Portugal,2010,79.0268292682927
PRT,Portugal,2009,78.7268292682927
PRT,Portugal,2008,78.5243902439025
PRT,Portugal,2007,78.3219512195122
PRT,Portugal,2006,78.419512195122
PRT,Portugal,2005,78.0707317073171
PRT,Portugal,2004,77.6707317073171
PRT,Portugal,2003,77.219512195122
PRT,Portugal,2002,77.0658536585366
PRT,Portugal,2001,76.8146341463415
PRT,Portugal,2000,76.3146341463415
PRT,Portugal,1999,75.9634146341463
PRT,Portugal,1998,75.7121951219512
PRT,Portugal,1997,75.4121951219512
PRT,Portugal,1996,75.2609756097561
PRT,Portugal,1995,75.3121951219512
PRT,Portugal,1994,74.9146341463415
PRT,Portugal,1993,74.5121951219512
PRT,Portugal,1992,74.3121951219512
PRT,Portugal,1991,74.0146341463415
PRT,Portugal,1990,73.9658536585366
PRI,Puerto Rico (US),2020,80.009
PRI,Puerto Rico (US),2019,81.438
PRI,Puerto Rico (US),2018,81.086
PRI,Puerto Rico (US),2017,79.07
PRI,Puerto Rico (US),2016,80.355
PRI,Puerto Rico (US),2015,80.677
PRI,Puerto Rico (US),2014,80.039
PRI,Puerto Rico (US),2013,80.318
PRI,Puerto Rico (US),2012,79.258
PRI,Puerto Rico (US),2011,78.766
PRI,Puerto Rico (US),2010,78.717
PRI,Puerto Rico (US),2009,78.377
PRI,Puerto Rico (US),2008,78.111
PRI,Puerto Rico (US),2007,77.659
PRI,Puerto Rico (US),2006,77.561
PRI,Puerto Rico (US),2005,76.703
PRI,Puerto Rico (US),2004,76.913
PRI,Puerto Rico (US),2003,76.941
PRI,Puerto Rico (US),2002,76.819
PRI,Puerto Rico (US),2001,75.972
PRI,Puerto Rico (US),2000,75.514
PRI,Puerto Rico (US),1999,75.278
PRI,Puerto Rico (US),1998,74.556
PRI,Puerto Rico (US),1997,74.674
PRI,Puerto Rico (US),1996,73.995
PRI,Puerto Rico (US),1995,73.571
PRI,Puerto Rico (US),1994,73.622
PRI,Puerto Rico (US),1993,73.309
PRI,Puerto Rico (US),1992,73.387
PRI,Puerto Rico (US),1991,73.877
PRI,Puerto Rico (US),1990,72.827
QAT,Qatar,2020,80.409
QAT,Qatar,2019,82.945
QAT,Qatar,2018,82.714
QAT,Qatar,2017,82.458
QAT,Qatar,2016,82.147
QAT,Qatar,2015,81.785
QAT,Qatar,2014,81.395
QAT,Qatar,2013,80.974
QAT,Qatar,2012,80.499
QAT,Qatar,2011,79.994
QAT,Qatar,2010,79.444
QAT,Qatar,2009,78.837
QAT,Qatar,2008,78.262
QAT,Qatar,2007,77.741
QAT,Qatar,2006,77.323
QAT,Qatar,2005,76.909
QAT,Qatar,2004,76.484
QAT,Qatar,2003,76.097
QAT,Qatar,2002,75.766
QAT,Qatar,2001,75.486
QAT,Qatar,2000,75.25
QAT,Qatar,1999,75.048
QAT,Qatar,1998,74.872
QAT,Qatar,1997,74.713
QAT,Qatar,1996,74.558
QAT,Qatar,1995,74.404
QAT,Qatar,1994,74.245
QAT,Qatar,1993,74.071
QAT,Qatar,1992,73.876
QAT,Qatar,1991,73.654
QAT,Qatar,1990,73.405
ROU,Romania,2020,74.2536585365854
ROU,Romania,2019,75.6073170731707
ROU,Romania,2018,75.3585365853659
ROU,Romania,2017,75.209756097561
ROU,Romania,2016,75.209756097561
ROU,Romania,2015,74.9121951219512
ROU,Romania,2014,74.909756097561
ROU,Romania,2013,75.0634146341463
ROU,Romania,2012,74.4121951219512
ROU,Romania,2011,74.409756097561
ROU,Romania,2010,73.4585365853659
ROU,Romania,2009,73.309756097561
ROU,Romania,2008,72.5658536585366
ROU,Romania,2007,72.5658536585366
ROU,Romania,2006,72.1634146341463
ROU,Romania,2005,71.9121951219512
ROU,Romania,2004,71.5609756097561
ROU,Romania,2003,71.309756097561
ROU,Romania,2002,71.009756097561
ROU,Romania,2001,71.1609756097561
ROU,Romania,2000,71.1634146341463
ROU,Romania,1999,70.5121951219512
ROU,Romania,1998,69.8073170731708
ROU,Romania,1997,69.0048780487805
ROU,Romania,1996,69.1048780487805
ROU,Romania,1995,69.4560975609756
ROU,Romania,1994,69.509756097561
ROU,Romania,1993,69.5634146341464
ROU,Romania,1992,69.7843902439024
ROU,Romania,1991,69.7843902439024
ROU,Romania,1990,69.7412195121951
RUS,Russian Federation,2020,71.3387804878049
RUS,Russian Federation,2019,73.0839024390244
RUS,Russian Federation,2018,72.6621951219512
RUS,Russian Federation,2017,72.4514634146342
RUS,Russian Federation,2016,71.6512195121951
RUS,Russian Federation,2015,71.1834146341463
RUS,Russian Federation,2014,70.7436585365854
RUS,Russian Federation,2013,70.5787804878049
RUS,Russian Federation,2012,70.0721951219512
RUS,Russian Federation,2011,69.6839024390244
RUS,Russian Federation,2010,68.8412195121951
RUS,Russian Federation,2009,68.6846341463415
RUS,Russian Federation,2008,67.9492682926829
RUS,Russian Federation,2007,67.5868292682927
RUS,Russian Federation,2006,66.7275609756098
RUS,Russian Federation,2005,65.529756097561
RUS,Russian Federation,2004,65.4709756097561
RUS,Russian Federation,2003,65.0275609756098
RUS,Russian Federation,2002,65.1287804878049
RUS,Russian Federation,2001,65.3834146341463
RUS,Russian Federation,2000,65.4836585365854
RUS,Russian Federation,1999,65.9821951219512
RUS,Russian Federation,1998,67.029756097561
RUS,Russian Federation,1997,66.6987804878049
RUS,Russian Federation,1996,65.8541463414634
RUS,Russian Federation,1995,64.6907317073171
RUS,Russian Federation,1994,64.4670731707317
RUS,Russian Federation,1993,64.9358536585366
RUS,Russian Federation,1992,66.8731707317073
RUS,Russian Federation,1991,68.4743902439024
RUS,Russian Federation,1990,68.8860975609756
RWA,Rwanda,2020,66.953
RWA,Rwanda,2019,66.691
RWA,Rwanda,2018,66.354
RWA,Rwanda,2017,66.14
RWA,Rwanda,2016,65.733
RWA,Rwanda,2015,65.419
RWA,Rwanda,2014,65.088
RWA,Rwanda,2013,64.651
RWA,Rwanda,2012,64.189
RWA,Rwanda,2011,63.476
RWA,Rwanda,2010,62.804
RWA,Rwanda,2009,61.813
RWA,Rwanda,2008,60.641
RWA,Rwanda,2007,59.504
RWA,Rwanda,2006,58.342
RWA,Rwanda,2005,56.968
RWA,Rwanda,2004,55.52
RWA,Rwanda,2003,53.529
RWA,Rwanda,2002,51.262
RWA,Rwanda,2001,49.49
RWA,Rwanda,2000,47.798
RWA,Rwanda,1999,45.749
RWA,Rwanda,1998,43.099
RWA,Rwanda,1997,41.978
RWA,Rwanda,1996,42.486
RWA,Rwanda,1995,41.518
RWA,Rwanda,1994,12.158
RWA,Rwanda,1993,42.937
RWA,Rwanda,1992,44.397
RWA,Rwanda,1991,46.243
RWA,Rwanda,1990,47.763
WSM,Samoa,2020,70.727
WSM,Samoa,2019,70.269
WSM,Samoa,2018,71.052
WSM,Samoa,2017,70.991
WSM,Samoa,2016,71.003
WSM,Samoa,2015,71.06
WSM,Samoa,2014,71.142
WSM,Samoa,2013,71.229
WSM,Samoa,2012,71.159
WSM,Samoa,2011,71.393
WSM,Samoa,2010,71.451
WSM,Samoa,2009,69.486
WSM,Samoa,2008,71.531
WSM,Samoa,2007,71.605
WSM,Samoa,2006,71.62
WSM,Samoa,2005,71.487
WSM,Samoa,2004,71.508
WSM,Samoa,2003,71.441
WSM,Samoa,2002,71.233
WSM,Samoa,2001,71.028
WSM,Samoa,2000,70.791
WSM,Samoa,1999,70.555
WSM,Samoa,1998,70.308
WSM,Samoa,1997,70.045
WSM,Samoa,1996,69.767
WSM,Samoa,1995,69.469
WSM,Samoa,1994,69.162
WSM,Samoa,1993,68.818
WSM,Samoa,1992,68.532
WSM,Samoa,1991,68.039
WSM,Samoa,1990,67.808
SMR,San Marino,2020,82.65
SMR,San Marino,2019,85.257
SMR,San Marino,2018,85.095
SMR,San Marino,2017,84.933
SMR,San Marino,2016,84.775
SMR,San Marino,2015,84.596
SMR,San Marino,2014,84.394
SMR,San Marino,2013,84.175
SMR,San Marino,2012,83.943
SMR,San Marino,2011,83.713
SMR,San Marino,2010,83.464
SMR,San Marino,2009,83.224
SMR,San Marino,2008,82.894
SMR,San Marino,2007,82.605
SMR,San Marino,2006,82.258
SMR,San Marino,2005,81.926
SMR,San Marino,2004,81.592
SMR,San Marino,2003,81.33
SMR,San Marino,2002,81.061
SMR,San Marino,2001,80.803
SMR,San Marino,2000,80.504
SMR,San Marino,1999,80.2
SMR,San Marino,1998,79.918
SMR,San Marino,1997,79.677
SMR,San Marino,1996,79.332
SMR,San Marino,1995,79.031
SMR,San Marino,1994,78.67
SMR,San Marino,1993,78.373
SMR,San Marino,1992,78.133
SMR,San Marino,1991,77.944
SMR,San Marino,1990,77.783
STP,Sao Tome and Principe,2020,67.979
STP,Sao Tome and Principe,2019,68.043
STP,Sao Tome and Principe,2018,67.602
STP,Sao Tome and Principe,2017,67.074
STP,Sao Tome and Principe,2016,66.563
STP,Sao Tome and Principe,2015,66.023
STP,Sao Tome and Principe,2014,65.478
STP,Sao Tome and Principe,2013,64.93
STP,Sao Tome and Principe,2012,64.505
STP,Sao Tome and Principe,2011,64.122
STP,Sao Tome and Principe,2010,63.867
STP,Sao Tome and Principe,2009,63.669
STP,Sao Tome and Principe,2008,63.448
STP,Sao Tome and Principe,2007,63.336
STP,Sao Tome and Principe,2006,63.041
STP,Sao Tome and Principe,2005,62.434
STP,Sao Tome and Principe,2004,62.56
STP,Sao Tome and Principe,2003,62.158
STP,Sao Tome and Principe,2002,61.826
STP,Sao Tome and Principe,2001,61.5
STP,Sao Tome and Principe,2000,61.207
STP,Sao Tome and Principe,1999,60.976
STP,Sao Tome and Principe,1998,60.785
STP,Sao Tome and Principe,1997,60.648
STP,Sao Tome and Principe,1996,60.576
STP,Sao Tome and Principe,1995,60.536
STP,Sao Tome and Principe,1994,60.552
STP,Sao Tome and Principe,1993,60.618
STP,Sao Tome and Principe,1992,60.706
STP,Sao Tome and Principe,1991,60.792
STP,Sao Tome and Principe,1990,60.707
SAU,Saudi Arabia,2020,77.596
SAU,Saudi Arabia,2019,78.313
SAU,Saudi Arabia,2018,78.75
SAU,Saudi Arabia,2017,78.721
SAU,Saudi Arabia,2016,78.354
SAU,Saudi Arabia,2015,77.776
SAU,Saudi Arabia,2014,77.116
SAU,Saudi Arabia,2013,76.517
SAU,Saudi Arabia,2012,76.09
SAU,Saudi Arabia,2011,75.808
SAU,Saudi Arabia,2010,75.616
SAU,Saudi Arabia,2009,75.447
SAU,Saudi Arabia,2008,75.301
SAU,Saudi Arabia,2007,75.066
SAU,Saudi Arabia,2006,74.762
SAU,Saudi Arabia,2005,74.4
SAU,Saudi Arabia,2004,74.027
SAU,Saudi Arabia,2003,73.657
SAU,Saudi Arabia,2002,73.296
SAU,Saudi Arabia,2001,72.951
SAU,Saudi Arabia,2000,72.607
SAU,Saudi Arabia,1999,72.29
SAU,Saudi Arabia,1998,71.957
SAU,Saudi Arabia,1997,71.624
SAU,Saudi Arabia,1996,71.288
SAU,Saudi Arabia,1995,70.944
SAU,Saudi Arabia,1994,70.587
SAU,Saudi Arabia,1993,70.208
SAU,Saudi Arabia,1992,69.799
SAU,Saudi Arabia,1991,69.341
SAU,Saudi Arabia,1990,68.874
SEN,Senegal,2020,67.496
SEN,Senegal,2019,67.668
SEN,Senegal,2018,67.379
SEN,Senegal,2017,67.059
SEN,Senegal,2016,66.724
SEN,Senegal,2015,66.451
SEN,Senegal,2014,66.001
SEN,Senegal,2013,65.638
SEN,Senegal,2012,65.229
SEN,Senegal,2011,64.799
SEN,Senegal,2010,64.221
SEN,Senegal,2009,63.751
SEN,Senegal,2008,63.201
SEN,Senegal,2007,62.653
SEN,Senegal,2006,61.801
SEN,Senegal,2005,60.98
SEN,Senegal,2004,60.308
SEN,Senegal,2003,59.474
SEN,Senegal,2002,58.912
SEN,Senegal,2001,58.158
SEN,Senegal,2000,57.615
SEN,Senegal,1999,57.315
SEN,Senegal,1998,57.076
SEN,Senegal,1997,57.107
SEN,Senegal,1996,57.129
SEN,Senegal,1995,57.336
SEN,Senegal,1994,57.479
SEN,Senegal,1993,57.348
SEN,Senegal,1992,57.287
SEN,Senegal,1991,57.037
SEN,Senegal,1990,56.674
SRB,Serbia,2020,74.4780487804878
SRB,Serbia,2019,75.9365853658537
SRB,Serbia,2018,75.890243902439
SRB,Serbia,2017,75.5390243902439
SRB,Serbia,2016,75.6878048780488
SRB,Serbia,2015,75.2878048780488
SRB,Serbia,2014,75.3365853658537
SRB,Serbia,2013,75.1853658536585
SRB,Serbia,2012,74.8365853658537
SRB,Serbia,2011,74.5365853658537
SRB,Serbia,2010,74.3365853658537
SRB,Serbia,2009,73.9853658536585
SRB,Serbia,2008,73.8853658536585
SRB,Serbia,2007,73.6317073170732
SRB,Serbia,2006,73.3853658536585
SRB,Serbia,2005,72.8341463414634
SRB,Serbia,2004,72.6829268292683
SRB,Serbia,2003,72.4365853658537
SRB,Serbia,2002,72.2853658536585
SRB,Serbia,2001,72.2341463414634
SRB,Serbia,2000,71.5829268292683
SRB,Serbia,1999,69.9271463414634
SRB,Serbia,1998,72.1948780487805
SRB,Serbia,1997,72.8280975609756
SRB,Serbia,1996,72.7948536585366
SRB,Serbia,1995,72.6157317073171
SRB,Serbia,1994,72.2040243902439
SRB,Serbia,1993,71.7946829268293
SRB,Serbia,1992,71.5688292682927
SRB,Serbia,1991,71.8760487804878
SRB,Serbia,1990,72.1552682926829
SYC,Seychelles,2020,77.2365853658537
SYC,Seychelles,2019,74.0463414634146
SYC,Seychelles,2018,72.8414634146341
SYC,Seychelles,2017,74.3
SYC,Seychelles,2016,74.309756097561
SYC,Seychelles,2015,74.2951219512195
SYC,Seychelles,2014,73.2292682926829
SYC,Seychelles,2013,73.119512195122
SYC,Seychelles,2012,74.2756097560976
SYC,Seychelles,2011,72.7243902439024
SYC,Seychelles,2010,73.1975609756098
SYC,Seychelles,2009,73.0829268292683
SYC,Seychelles,2008,73.1634146341463
SYC,Seychelles,2007,73.1439024390244
SYC,Seychelles,2006,72.2170731707317
SYC,Seychelles,2005,72.1317073170732
SYC,Seychelles,2004,72.6609756097561
SYC,Seychelles,2003,71.0292682926829
SYC,Seychelles,2002,71.0878048780488
SYC,Seychelles,2001,73.2536585365854
SYC,Seychelles,2000,72.7780487804878
SYC,Seychelles,1999,72.6682926829268
SYC,Seychelles,1998,71.7463414634146
SYC,Seychelles,1997,71.2121951219512
SYC,Seychelles,1996,71.5609756097561
SYC,Seychelles,1995,72.4829268292683
SYC,Seychelles,1994,70.7292682926829
SYC,Seychelles,1993,69.4682926829268
SYC,Seychelles,1992,71.2146341463415
SYC,Seychelles,1991,70.7121951219512
SYC,Seychelles,1990,68.1073170731707
SLE,Sierra Leone,2020,59.694
SLE,Sierra Leone,2019,59.593
SLE,Sierra Leone,2018,59.059
SLE,Sierra Leone,2017,57.761
SLE,Sierra Leone,2016,56.937
SLE,Sierra Leone,2015,55.454
SLE,Sierra Leone,2014,54.281
SLE,Sierra Leone,2013,54.051
SLE,Sierra Leone,2012,53.159
SLE,Sierra Leone,2011,52.594
SLE,Sierra Leone,2010,51.927
SLE,Sierra Leone,2009,51.312
SLE,Sierra Leone,2008,50.693
SLE,Sierra Leone,2007,50.024
SLE,Sierra Leone,2006,49.547
SLE,Sierra Leone,2005,48.306
SLE,Sierra Leone,2004,47.485
SLE,Sierra Leone,2003,46.784
SLE,Sierra Leone,2002,46.174
SLE,Sierra Leone,2001,45.448
SLE,Sierra Leone,2000,44.834
SLE,Sierra Leone,1999,41.962
SLE,Sierra Leone,1998,42.714
SLE,Sierra Leone,1997,43.649
SLE,Sierra Leone,1996,43.528
SLE,Sierra Leone,1995,42.579
SLE,Sierra Leone,1994,42.808
SLE,Sierra Leone,1993,43.428
SLE,Sierra Leone,1992,43.451
SLE,Sierra Leone,1991,43.287
SLE,Sierra Leone,1990,43.72
SGP,Singapore,2020,83.5439024390244
SGP,Singapore,2019,83.5951219512195
SGP,Singapore,2018,83.2975609756098
SGP,Singapore,2017,83.0951219512195
SGP,Singapore,2016,82.8463414634146
SGP,Singapore,2015,82.7439024390244
SGP,Singapore,2014,82.4951219512195
SGP,Singapore,2013,82.2463414634147
SGP,Singapore,2012,81.9951219512195
SGP,Singapore,2011,81.7439024390244
SGP,Singapore,2010,81.5414634146342
SGP,Singapore,2009,81.2414634146342
SGP,Singapore,2008,80.790243902439
SGP,Singapore,2007,80.4414634146342
SGP,Singapore,2006,80.1414634146341
SGP,Singapore,2005,79.990243902439
SGP,Singapore,2004,79.490243902439
SGP,Singapore,2003,79.0390243902439
SGP,Singapore,2002,78.5512195121951
SGP,Singapore,2001,78.2512195121951
SGP,Singapore,2000,77.9512195121951
SGP,Singapore,1999,77.5512195121951
SGP,Singapore,1998,77.3
SGP,Singapore,1997,76.8975609756097
SGP,Singapore,1996,76.5951219512195
SGP,Singapore,1995,76.2951219512195
SGP,Singapore,1994,76.1975609756098
SGP,Singapore,1993,76.0463414634146
SGP,Singapore,1992,75.9463414634146
SGP,Singapore,1991,75.6463414634146
SGP,Singapore,1990,75.2951219512195
SXM,Sint Maarten (Dutch part),2020,75.002
SXM,Sint Maarten (Dutch part),2019,75.68
SXM,Sint Maarten (Dutch part),2018,75.693
SXM,Sint Maarten (Dutch part),2017,75.455
SXM,Sint Maarten (Dutch part),2016,75.952
SXM,Sint Maarten (Dutch part),2015,75.899
SXM,Sint Maarten (Dutch part),2014,75.735
SXM,Sint Maarten (Dutch part),2013,75.391
SXM,Sint Maarten (Dutch part),2012,75.125
SXM,Sint Maarten (Dutch part),2011,74.868
SXM,Sint Maarten (Dutch part),2010,74.821
SXM,Sint Maarten (Dutch part),2009,74.796
SXM,Sint Maarten (Dutch part),2008,74.852
SXM,Sint Maarten (Dutch part),2007,74.812
SXM,Sint Maarten (Dutch part),2006,74.779
SXM,Sint Maarten (Dutch part),2005,74.681
SXM,Sint Maarten (Dutch part),2004,74.618
SXM,Sint Maarten (Dutch part),2003,74.588
SXM,Sint Maarten (Dutch part),2002,74.585
SXM,Sint Maarten (Dutch part),2001,74.525
SXM,Sint Maarten (Dutch part),2000,74.409
SXM,Sint Maarten (Dutch part),1999,74.222
SXM,Sint Maarten (Dutch part),1998,73.9
SXM,Sint Maarten (Dutch part),1997,73.551
SXM,Sint Maarten (Dutch part),1996,73.188
SXM,Sint Maarten (Dutch part),1995,72.849
SXM,Sint Maarten (Dutch part),1994,72.597
SXM,Sint Maarten (Dutch part),1993,72.462
SXM,Sint Maarten (Dutch part),1992,72.402
SXM,Sint Maarten (Dutch part),1991,72.384
SXM,Sint Maarten (Dutch part),1990,72.414
SVK,Slovak Republic,2020,76.8658536585366
SVK,Slovak Republic,2019,77.6658536585366
SVK,Slovak Republic,2018,77.2658536585366
SVK,Slovak Republic,2017,77.1658536585366
SVK,Slovak Republic,2016,77.1658536585366
SVK,Slovak Republic,2015,76.5634146341463
SVK,Slovak Republic,2014,76.8121951219512
SVK,Slovak Republic,2013,76.4121951219512
SVK,Slovak Republic,2012,76.109756097561
SVK,Slovak Republic,2011,75.9585365853659
SVK,Slovak Republic,2010,75.1121951219512
SVK,Slovak Republic,2009,74.909756097561
SVK,Slovak Republic,2008,74.7048780487805
SVK,Slovak Republic,2007,74.2073170731707
SVK,Slovak Republic,2006,74.2048780487805
SVK,Slovak Republic,2005,73.9048780487805
SVK,Slovak Republic,2004,73.9585365853659
SVK,Slovak Republic,2003,73.6048780487805
SVK,Slovak Republic,2002,73.6048780487805
SVK,Slovak Republic,2001,73.4024390243903
SVK,Slovak Republic,2000,73.0512195121951
SVK,Slovak Republic,1999,72.9024390243902
SVK,Slovak Republic,1998,72.5512195121951
SVK,Slovak Republic,1997,72.7048780487805
SVK,Slovak Republic,1996,72.6536585365854
SVK,Slovak Republic,1995,72.2536585365854
SVK,Slovak Republic,1994,72.3
SVK,Slovak Republic,1993,72.4487804878049
SVK,Slovak Republic,1992,71.7951219512195
SVK,Slovak Republic,1991,70.8829268292683
SVK,Slovak Republic,1990,70.9326829268293
SVN,Slovenia,2020,80.5317073170732
SVN,Slovenia,2019,81.5292682926829
SVN,Slovenia,2018,81.3780487804878
SVN,Slovenia,2017,81.0292682926829
SVN,Slovenia,2016,81.1756097560976
SVN,Slovenia,2015,80.7756097560976
SVN,Slovenia,2014,81.0780487804878
SVN,Slovenia,2013,80.3219512195122
SVN,Slovenia,2012,80.1243902439024
SVN,Slovenia,2011,79.9707317073171
SVN,Slovenia,2010,79.4219512195122
SVN,Slovenia,2009,78.9707317073171
SVN,Slovenia,2008,78.7658536585366
SVN,Slovenia,2007,78.5609756097561
SVN,Slovenia,2006,78.0865853658537
SVN,Slovenia,2005,77.6121951219512
SVN,Slovenia,2004,77.2073170731707
SVN,Slovenia,2003,76.8585365853659
SVN,Slovenia,2002,76.0073170731707
SVN,Slovenia,2001,75.7585365853659
SVN,Slovenia,2000,75.4121951219512
SVN,Slovenia,1999,75.009756097561
SVN,Slovenia,1998,74.8073170731708
SVN,Slovenia,1997,74.7073170731707
SVN,Slovenia,1996,74.4585365853658
SVN,Slovenia,1995,73.9585365853659
SVN,Slovenia,1994,73.4048780487805
SVN,Slovenia,1993,73.2536585365854
SVN,Slovenia,1992,73.3048780487805
SVN,Slovenia,1991,73.3536585365854
SVN,Slovenia,1990,73.2048780487805
SLB,Solomon Islands,2020,69.258
SLB,Solomon Islands,2019,69.981
SLB,Solomon Islands,2018,69.806
SLB,Solomon Islands,2017,69.652
SLB,Solomon Islands,2016,69.501
SLB,Solomon Islands,2015,69.323
SLB,Solomon Islands,2014,68.984
SLB,Solomon Islands,2013,69.007
SLB,Solomon Islands,2012,68.961
SLB,Solomon Islands,2011,68.824
SLB,Solomon Islands,2010,68.669
SLB,Solomon Islands,2009,68.397
SLB,Solomon Islands,2008,68.336
SLB,Solomon Islands,2007,67.845
SLB,Solomon Islands,2006,67.968
SLB,Solomon Islands,2005,67.79
SLB,Solomon Islands,2004,67.628
SLB,Solomon Islands,2003,67.479
SLB,Solomon Islands,2002,67.35
SLB,Solomon Islands,2001,67.237
SLB,Solomon Islands,2000,67.116
SLB,Solomon Islands,1999,67.001
SLB,Solomon Islands,1998,66.89
SLB,Solomon Islands,1997,66.768
SLB,Solomon Islands,1996,66.739
SLB,Solomon Islands,1995,66.717
SLB,Solomon Islands,1994,66.661
SLB,Solomon Islands,1993,66.558
SLB,Solomon Islands,1992,66.471
SLB,Solomon Islands,1991,66.357
SLB,Solomon Islands,1990,66.194
SOM,"Somalia, Fed. Rep.",2020,57.095
SOM,"Somalia, Fed. Rep.",2019,57.249
SOM,"Somalia, Fed. Rep.",2018,54.767
SOM,"Somalia, Fed. Rep.",2017,52.19
SOM,"Somalia, Fed. Rep.",2016,55.283
SOM,"Somalia, Fed. Rep.",2015,55.056
SOM,"Somalia, Fed. Rep.",2014,54.442
SOM,"Somalia, Fed. Rep.",2013,54.016
SOM,"Somalia, Fed. Rep.",2012,49.138
SOM,"Somalia, Fed. Rep.",2011,32.453
SOM,"Somalia, Fed. Rep.",2010,48.9
SOM,"Somalia, Fed. Rep.",2009,52.101
SOM,"Somalia, Fed. Rep.",2008,51.456
SOM,"Somalia, Fed. Rep.",2007,50.885
SOM,"Somalia, Fed. Rep.",2006,50.915
SOM,"Somalia, Fed. Rep.",2005,50.894
SOM,"Somalia, Fed. Rep.",2004,50.685
SOM,"Somalia, Fed. Rep.",2003,50.721
SOM,"Somalia, Fed. Rep.",2002,50.82
SOM,"Somalia, Fed. Rep.",2001,50.829
SOM,"Somalia, Fed. Rep.",2000,50.747
SOM,"Somalia, Fed. Rep.",1999,50.611
SOM,"Somalia, Fed. Rep.",1998,50.755
SOM,"Somalia, Fed. Rep.",1997,50.278
SOM,"Somalia, Fed. Rep.",1996,50.524
SOM,"Somalia, Fed. Rep.",1995,50.65
SOM,"Somalia, Fed. Rep.",1994,50.303
SOM,"Somalia, Fed. Rep.",1993,50.551
SOM,"Somalia, Fed. Rep.",1992,25.034
SOM,"Somalia, Fed. Rep.",1991,25.418
SOM,"Somalia, Fed. Rep.",1990,46.896
ZAF,South Africa,2020,65.15
ZAF,South Africa,2019,66.071
ZAF,South Africa,2018,65.726
ZAF,South Africa,2017,65.422
ZAF,South Africa,2016,64.749
ZAF,South Africa,2015,64.053
ZAF,South Africa,2014,63.184
ZAF,South Africa,2013,62.388
ZAF,South Africa,2012,61.737
ZAF,South Africa,2011,60.602
ZAF,South Africa,2010,58.886
ZAF,South Africa,2009,57.413
ZAF,South Africa,2008,55.982
ZAF,South Africa,2007,54.948
ZAF,South Africa,2006,54.22
ZAF,South Africa,2005,53.914
ZAF,South Africa,2004,53.963
ZAF,South Africa,2003,54.245
ZAF,South Africa,2002,55.58
ZAF,South Africa,2001,57.161
ZAF,South Africa,2000,58.368
ZAF,South Africa,1999,59.19
ZAF,South Africa,1998,59.912
ZAF,South Africa,1997,60.538
ZAF,South Africa,1996,61.079
ZAF,South Africa,1995,61.603
ZAF,South Africa,1994,62.069
ZAF,South Africa,1993,62.618
ZAF,South Africa,1992,62.839
ZAF,South Africa,1991,62.983
ZAF,South Africa,1990,62.942
SSD,South Sudan,2020,57.648
SSD,South Sudan,2019,58.129
SSD,South Sudan,2018,51.905
SSD,South Sudan,2017,35.351
SSD,South Sudan,2016,36.72
SSD,South Sudan,2015,39.757
SSD,South Sudan,2014,45.625
SSD,South Sudan,2013,58.285
SSD,South Sudan,2012,58.241
SSD,South Sudan,2011,57.674
SSD,South Sudan,2010,57.485
SSD,South Sudan,2009,56.848
SSD,South Sudan,2008,56.28
SSD,South Sudan,2007,55.425
SSD,South Sudan,2006,54.653
SSD,South Sudan,2005,53.965
SSD,South Sudan,2004,53.052
SSD,South Sudan,2003,52.324
SSD,South Sudan,2002,49.394
SSD,South Sudan,2001,48.55
SSD,South Sudan,2000,47.591
SSD,South Sudan,1999,44.537
SSD,South Sudan,1998,19.048
SSD,South Sudan,1997,33.068
SSD,South Sudan,1996,32.124
SSD,South Sudan,1995,31.51
SSD,South Sudan,1994,44.858
SSD,South Sudan,1993,22.263
SSD,South Sudan,1992,21.938
SSD,South Sudan,1991,29.185
SSD,South Sudan,1990,28.628
ESP,Spain,2020,82.2317073170732
ESP,Spain,2019,83.8317073170732
ESP,Spain,2018,83.4317073170732
ESP,Spain,2017,83.2829268292683
ESP,Spain,2016,83.3292682926829
ESP,Spain,2015,82.8317073170732
ESP,Spain,2014,83.2292682926829
ESP,Spain,2013,83.0780487804878
ESP,Spain,2012,82.4268292682927
ESP,Spain,2011,82.4756097560976
ESP,Spain,2010,81.6268292682927
ESP,Spain,2009,81.4756097560976
ESP,Spain,2008,81.1756097560976
ESP,Spain,2007,80.8731707317073
ESP,Spain,2006,80.8219512195122
ESP,Spain,2005,80.1707317073171
ESP,Spain,2004,79.8707317073171
ESP,Spain,2003,79.619512195122
ESP,Spain,2002,79.5682926829268
ESP,Spain,2001,79.3682926829268
ESP,Spain,2000,78.9658536585366
ESP,Spain,1999,78.7170731707317
ESP,Spain,1998,78.6658536585366
ESP,Spain,1997,78.6041463414634
ESP,Spain,1996,78.1204878048781
ESP,Spain,1995,77.9807317073171
ESP,Spain,1994,77.9014634146342
ESP,Spain,1993,77.5465853658537
ESP,Spain,1992,77.41
ESP,Spain,1991,76.9712195121951
ESP,Spain,1990,76.8375609756098
LKA,Sri Lanka,2020,76.928
LKA,Sri Lanka,2019,76.698
LKA,Sri Lanka,2018,76.485
LKA,Sri Lanka,2017,76.239
LKA,Sri Lanka,2016,76.136
LKA,Sri Lanka,2015,75.99
LKA,Sri Lanka,2014,75.757
LKA,Sri Lanka,2013,75.546
LKA,Sri Lanka,2012,75.187
LKA,Sri Lanka,2011,74.74
LKA,Sri Lanka,2010,74.463
LKA,Sri Lanka,2009,70.298
LKA,Sri Lanka,2008,72.556
LKA,Sri Lanka,2007,72.983
LKA,Sri Lanka,2006,72.825
LKA,Sri Lanka,2005,73.073
LKA,Sri Lanka,2004,68.022
LKA,Sri Lanka,2003,72.442
LKA,Sri Lanka,2002,72.271
LKA,Sri Lanka,2001,71.804
LKA,Sri Lanka,2000,71.179
LKA,Sri Lanka,1999,70.427
LKA,Sri Lanka,1998,70.134
LKA,Sri Lanka,1997,69.934
LKA,Sri Lanka,1996,69.841
LKA,Sri Lanka,1995,69.746
LKA,Sri Lanka,1994,70.211
LKA,Sri Lanka,1993,70.049
LKA,Sri Lanka,1992,69.619
LKA,Sri Lanka,1991,69.131
LKA,Sri Lanka,1990,69.239
KNA,St. Kitts and Nevis,2020,71.181
KNA,St. Kitts and Nevis,2019,71.54
KNA,St. Kitts and Nevis,2018,71.336
KNA,St. Kitts and Nevis,2017,71.284
KNA,St. Kitts and Nevis,2016,71.227
KNA,St. Kitts and Nevis,2015,71.211
KNA,St. Kitts and Nevis,2014,71.228
KNA,St. Kitts and Nevis,2013,71.29
KNA,St. Kitts and Nevis,2012,71.362
KNA,St. Kitts and Nevis,2011,71.4
KNA,St. Kitts and Nevis,2010,71.452
KNA,St. Kitts and Nevis,2009,71.488
KNA,St. Kitts and Nevis,2008,71.479
KNA,St. Kitts and Nevis,2007,71.437
KNA,St. Kitts and Nevis,2006,71.356
KNA,St. Kitts and Nevis,2005,71.151
KNA,St. Kitts and Nevis,2004,70.92
KNA,St. Kitts and Nevis,2003,70.614
KNA,St. Kitts and Nevis,2002,70.194
KNA,St. Kitts and Nevis,2001,69.767
KNA,St. Kitts and Nevis,2000,69.249
KNA,St. Kitts and Nevis,1999,68.725
KNA,St. Kitts and Nevis,1998,67.891
KNA,St. Kitts and Nevis,1997,67.811
KNA,St. Kitts and Nevis,1996,67.488
KNA,St. Kitts and Nevis,1995,67.23
KNA,St. Kitts and Nevis,1994,67.002
KNA,St. Kitts and Nevis,1993,66.708
KNA,St. Kitts and Nevis,1992,66.339
KNA,St. Kitts and Nevis,1991,65.958
KNA,St. Kitts and Nevis,1990,65.641
LCA,St. Lucia,2020,72.308
LCA,St. Lucia,2019,72.249
LCA,St. Lucia,2018,72.655
LCA,St. Lucia,2017,72.522
LCA,St. Lucia,2016,72.552
LCA,St. Lucia,2015,72.932
LCA,St. Lucia,2014,72.676
LCA,St. Lucia,2013,72.687
LCA,St. Lucia,2012,72.86
LCA,St. Lucia,2011,72.962
LCA,St. Lucia,2010,72.768
LCA,St. Lucia,2009,72.946
LCA,St. Lucia,2008,72.963
LCA,St. Lucia,2007,72.86
LCA,St. Lucia,2006,72.794
LCA,St. Lucia,2005,72.544
LCA,St. Lucia,2004,72.453
LCA,St. Lucia,2003,72.188
LCA,St. Lucia,2002,71.707
LCA,St. Lucia,2001,71.367
LCA,St. Lucia,2000,70.779
LCA,St. Lucia,1999,70.692
LCA,St. Lucia,1998,70.68
LCA,St. Lucia,1997,70.778
LCA,St. Lucia,1996,70.963
LCA,St. Lucia,1995,71.172
LCA,St. Lucia,1994,71.076
LCA,St. Lucia,1993,71.05
LCA,St. Lucia,1992,70.734
LCA,St. Lucia,1991,70.309
LCA,St. Lucia,1990,70.008
MAF,St. Martin (French part),2020,80.085
MAF,St. Martin (French part),2019,80.078
MAF,St. Martin (French part),2018,80.029
MAF,St. Martin (French part),2017,78.762
MAF,St. Martin (French part),2016,79.885
MAF,St. Martin (French part),2015,79.829
MAF,St. Martin (French part),2014,79.727
MAF,St. Martin (French part),2013,79.528
MAF,St. Martin (French part),2012,79.302
MAF,St. Martin (French part),2011,79.016
MAF,St. Martin (French part),2010,78.752
MAF,St. Martin (French part),2009,78.513
MAF,St. Martin (French part),2008,78.326
MAF,St. Martin (French part),2007,78.16
MAF,St. Martin (French part),2006,77.989
MAF,St. Martin (French part),2005,77.802
MAF,St. Martin (French part),2004,77.612
MAF,St. Martin (French part),2003,77.419
MAF,St. Martin (French part),2002,77.219
MAF,St. Martin (French part),2001,77.009
MAF,St. Martin (French part),2000,76.793
MAF,St. Martin (French part),1999,76.565
MAF,St. Martin (French part),1998,76.338
MAF,St. Martin (French part),1997,76.105
MAF,St. Martin (French part),1996,75.885
MAF,St. Martin (French part),1995,75.714
MAF,St. Martin (French part),1994,75.533
MAF,St. Martin (French part),1993,75.349
MAF,St. Martin (French part),1992,75.15
MAF,St. Martin (French part),1991,74.925
MAF,St. Martin (French part),1990,74.565
VCT,St. Vincent and the Grenadines,2020,69.605
VCT,St. Vincent and the Grenadines,2019,70.994
VCT,St. Vincent and the Grenadines,2018,71.017
VCT,St. Vincent and the Grenadines,2017,71.013
VCT,St. Vincent and the Grenadines,2016,70.7
VCT,St. Vincent and the Grenadines,2015,70.463
VCT,St. Vincent and the Grenadines,2014,70.355
VCT,St. Vincent and the Grenadines,2013,70.091
VCT,St. Vincent and the Grenadines,2012,70.539
VCT,St. Vincent and the Grenadines,2011,70.609
VCT,St. Vincent and the Grenadines,2010,70.66
VCT,St. Vincent and the Grenadines,2009,70.712
VCT,St. Vincent and the Grenadines,2008,70.611
VCT,St. Vincent and the Grenadines,2007,70.446
VCT,St. Vincent and the Grenadines,2006,70.434
VCT,St. Vincent and the Grenadines,2005,70.454
VCT,St. Vincent and the Grenadines,2004,70.445
VCT,St. Vincent and the Grenadines,2003,70.43
VCT,St. Vincent and the Grenadines,2002,70.658
VCT,St. Vincent and the Grenadines,2001,70.382
VCT,St. Vincent and the Grenadines,2000,70.35
VCT,St. Vincent and the Grenadines,1999,70.312
VCT,St. Vincent and the Grenadines,1998,70.263
VCT,St. Vincent and the Grenadines,1997,70.382
VCT,St. Vincent and the Grenadines,1996,70.466
VCT,St. Vincent and the Grenadines,1995,70.575
VCT,St. Vincent and the Grenadines,1994,70.602
VCT,St. Vincent and the Grenadines,1993,70.621
VCT,St. Vincent and the Grenadines,1992,70.745
VCT,St. Vincent and the Grenadines,1991,70.64
VCT,St. Vincent and the Grenadines,1990,70.647
SDN,Sudan,2020,65.124
SDN,Sudan,2019,65.803
SDN,Sudan,2018,65.501
SDN,Sudan,2017,65.146
SDN,Sudan,2016,64.677
SDN,Sudan,2015,64.375
SDN,Sudan,2014,63.99
SDN,Sudan,2013,63.443
SDN,Sudan,2012,63.427
SDN,Sudan,2011,63.181
SDN,Sudan,2010,62.979
SDN,Sudan,2009,62.676
SDN,Sudan,2008,61.261
SDN,Sudan,2007,61.442
SDN,Sudan,2006,60.4
SDN,Sudan,2005,57.226
SDN,Sudan,2004,56.773
SDN,Sudan,2003,58.319
SDN,Sudan,2002,59.308
SDN,Sudan,2001,59.264
SDN,Sudan,2000,58.946
SDN,Sudan,1999,58.607
SDN,Sudan,1998,58.308
SDN,Sudan,1997,58.058
SDN,Sudan,1996,57.638
SDN,Sudan,1995,57.447
SDN,Sudan,1994,57.022
SDN,Sudan,1993,56.102
SDN,Sudan,1992,55.952
SDN,Sudan,1991,55.553
SDN,Sudan,1990,55.497
SUR,Suriname,2020,72.321
SUR,Suriname,2019,71.773
SUR,Suriname,2018,71.468
SUR,Suriname,2017,71.247
SUR,Suriname,2016,70.979
SUR,Suriname,2015,70.567
SUR,Suriname,2014,70.33
SUR,Suriname,2013,70.11
SUR,Suriname,2012,69.957
SUR,Suriname,2011,69.82
SUR,Suriname,2010,69.626
SUR,Suriname,2009,69.323
SUR,Suriname,2008,68.873
SUR,Suriname,2007,68.307
SUR,Suriname,2006,67.643
SUR,Suriname,2005,66.997
SUR,Suriname,2004,66.362
SUR,Suriname,2003,65.778
SUR,Suriname,2002,65.274
SUR,Suriname,2001,64.82
SUR,Suriname,2000,64.409
SUR,Suriname,1999,64.035
SUR,Suriname,1998,63.706
SUR,Suriname,1997,63.385
SUR,Suriname,1996,63.079
SUR,Suriname,1995,62.779
SUR,Suriname,1994,62.542
SUR,Suriname,1993,62.382
SUR,Suriname,1992,62.246
SUR,Suriname,1991,62.151
SUR,Suriname,1990,62.088
SWE,Sweden,2020,82.3560975609756
SWE,Sweden,2019,83.109756097561
SWE,Sweden,2018,82.5585365853659
SWE,Sweden,2017,82.409756097561
SWE,Sweden,2016,82.3073170731707
SWE,Sweden,2015,82.2048780487805
SWE,Sweden,2014,82.2536585365854
SWE,Sweden,2013,81.9560975609756
SWE,Sweden,2012,81.7048780487805
SWE,Sweden,2011,81.8024390243903
SWE,Sweden,2010,81.4512195121951
SWE,Sweden,2009,81.3512195121951
SWE,Sweden,2008,81.1
SWE,Sweden,2007,80.9
SWE,Sweden,2006,80.7487804878049
SWE,Sweden,2005,80.5463414634146
SWE,Sweden,2004,80.4975609756098
SWE,Sweden,2003,80.0951219512195
SWE,Sweden,2002,79.8463414634146
SWE,Sweden,2001,79.7951219512195
SWE,Sweden,2000,79.6439024390244
SWE,Sweden,1999,79.4414634146342
SWE,Sweden,1998,79.3390243902439
SWE,Sweden,1997,79.1975609756098
SWE,Sweden,1996,78.9590243902439
SWE,Sweden,1995,78.7404878048781
SWE,Sweden,1994,78.650243902439
SWE,Sweden,1993,78.0604878048781
SWE,Sweden,1992,77.9987804878049
SWE,Sweden,1991,77.6668292682927
SWE,Sweden,1990,77.5368292682927
CHE,Switzerland,2020,83.0
CHE,Switzerland,2019,83.9048780487805
CHE,Switzerland,2018,83.7536585365854
CHE,Switzerland,2017,83.5512195121951
CHE,Switzerland,2016,83.6024390243903
CHE,Switzerland,2015,82.8975609756098
CHE,Switzerland,2014,83.1975609756098
CHE,Switzerland,2013,82.7975609756098
CHE,Switzerland,2012,82.6975609756098
CHE,Switzerland,2011,82.6951219512195
CHE,Switzerland,2010,82.2463414634147
CHE,Switzerland,2009,82.0439024390244
CHE,Switzerland,2008,81.9926829268293
CHE,Switzerland,2007,81.7414634146342
CHE,Switzerland,2006,81.490243902439
CHE,Switzerland,2005,81.2365853658537
CHE,Switzerland,2004,81.0878048780488
CHE,Switzerland,2003,80.5365853658537
CHE,Switzerland,2002,80.3853658536585
CHE,Switzerland,2001,80.1804878048781
CHE,Switzerland,2000,79.6804878048781
CHE,Switzerland,1999,79.580487804878
CHE,Switzerland,1998,79.3243902439025
CHE,Switzerland,1997,79.079512195122
CHE,Switzerland,1996,78.8960975609756
CHE,Switzerland,1995,78.4170731707317
CHE,Switzerland,1994,78.35
CHE,Switzerland,1993,78.0853658536586
CHE,Switzerland,1992,77.8060975609756
CHE,Switzerland,1991,77.5146341463415
CHE,Switzerland,1990,77.2424390243902
SYR,Syrian Arab Republic,2020,71.944
SYR,Syrian Arab Republic,2019,70.97
SYR,Syrian Arab Republic,2018,67.371
SYR,Syrian Arab Republic,2017,65.651
SYR,Syrian Arab Republic,2016,65.19
SYR,Syrian Arab Republic,2015,63.265
SYR,Syrian Arab Republic,2014,65.492
SYR,Syrian Arab Republic,2013,65.146
SYR,Syrian Arab Republic,2012,66.206
SYR,Syrian Arab Republic,2011,72.259
SYR,Syrian Arab Republic,2010,73.542
SYR,Syrian Arab Republic,2009,73.496
SYR,Syrian Arab Republic,2008,73.368
SYR,Syrian Arab Republic,2007,73.256
SYR,Syrian Arab Republic,2006,73.04
SYR,Syrian Arab Republic,2005,72.797
SYR,Syrian Arab Republic,2004,72.494
SYR,Syrian Arab Republic,2003,72.188
SYR,Syrian Arab Republic,2002,71.742
SYR,Syrian Arab Republic,2001,71.296
SYR,Syrian Arab Republic,2000,70.856
SYR,Syrian Arab Republic,1999,70.507
SYR,Syrian Arab Republic,1998,70.237
SYR,Syrian Arab Republic,1997,70.158
SYR,Syrian Arab Republic,1996,70.156
SYR,Syrian Arab Republic,1995,70.209
SYR,Syrian Arab Republic,1994,70.296
SYR,Syrian Arab Republic,1993,70.309
SYR,Syrian Arab Republic,1992,70.243
SYR,Syrian Arab Republic,1991,70.075
SYR,Syrian Arab Republic,1990,69.83
TJK,Tajikistan,2020,68.605
TJK,Tajikistan,2019,70.962
TJK,Tajikistan,2018,70.737
TJK,Tajikistan,2017,70.524
TJK,Tajikistan,2016,69.982
TJK,Tajikistan,2015,69.665
TJK,Tajikistan,2014,69.697
TJK,Tajikistan,2013,69.579
TJK,Tajikistan,2012,69.13
TJK,Tajikistan,2011,68.698
TJK,Tajikistan,2010,68.37
TJK,Tajikistan,2009,68.248
TJK,Tajikistan,2008,67.924
TJK,Tajikistan,2007,67.405
TJK,Tajikistan,2006,66.997
TJK,Tajikistan,2005,66.531
TJK,Tajikistan,2004,66.604
TJK,Tajikistan,2003,65.874
TJK,Tajikistan,2002,64.898
TJK,Tajikistan,2001,64.197
TJK,Tajikistan,2000,63.542
TJK,Tajikistan,1999,63.114
TJK,Tajikistan,1998,62.404
TJK,Tajikistan,1997,61.928
TJK,Tajikistan,1996,60.806
TJK,Tajikistan,1995,61.389
TJK,Tajikistan,1994,60.093
TJK,Tajikistan,1993,55.512
TJK,Tajikistan,1992,57.085
TJK,Tajikistan,1991,61.679
TJK,Tajikistan,1990,61.636
TZA,Tanzania,2020,66.771
TZA,Tanzania,2019,66.007
TZA,Tanzania,2018,65.488
TZA,Tanzania,2017,64.963
TZA,Tanzania,2016,64.404
TZA,Tanzania,2015,63.928
TZA,Tanzania,2014,63.364
TZA,Tanzania,2013,62.788
TZA,Tanzania,2012,62.286
TZA,Tanzania,2011,61.618
TZA,Tanzania,2010,61.127
TZA,Tanzania,2009,60.494
TZA,Tanzania,2008,59.896
TZA,Tanzania,2007,59.26
TZA,Tanzania,2006,58.512
TZA,Tanzania,2005,57.675
TZA,Tanzania,2004,56.836
TZA,Tanzania,2003,55.929
TZA,Tanzania,2002,54.94
TZA,Tanzania,2001,54.124
TZA,Tanzania,2000,53.244
TZA,Tanzania,1999,52.399
TZA,Tanzania,1998,51.807
TZA,Tanzania,1997,51.246
TZA,Tanzania,1996,51.132
TZA,Tanzania,1995,51.005
TZA,Tanzania,1994,51.077
TZA,Tanzania,1993,51.215
TZA,Tanzania,1992,51.432
TZA,Tanzania,1991,51.837
TZA,Tanzania,1990,51.985
THA,Thailand,2020,77.331
THA,Thailand,2019,77.197
THA,Thailand,2018,77.19
THA,Thailand,2017,76.989
THA,Thailand,2016,76.769
THA,Thailand,2015,76.563
THA,Thailand,2014,76.279
THA,Thailand,2013,75.96
THA,Thailand,2012,75.59
THA,Thailand,2011,75.302
THA,Thailand,2010,75.012
THA,Thailand,2009,74.669
THA,Thailand,2008,74.221
THA,Thailand,2007,73.779
THA,Thailand,2006,73.341
THA,Thailand,2005,72.894
THA,Thailand,2004,72.1
THA,Thailand,2003,72.101
THA,Thailand,2002,71.775
THA,Thailand,2001,71.52
THA,Thailand,2000,71.205
THA,Thailand,1999,70.979
THA,Thailand,1998,70.703
THA,Thailand,1997,70.362
THA,Thailand,1996,69.94
THA,Thailand,1995,69.757
THA,Thailand,1994,69.661
THA,Thailand,1993,69.568
THA,Thailand,1992,69.353
THA,Thailand,1991,69.132
THA,Thailand,1990,68.924
TLS,Timor-Leste,2020,66.919
TLS,Timor-Leste,2019,66.496
TLS,Timor-Leste,2018,66.204
TLS,Timor-Leste,2017,65.898
TLS,Timor-Leste,2016,65.61
TLS,Timor-Leste,2015,65.326
TLS,Timor-Leste,2014,65.027
TLS,Timor-Leste,2013,64.719
TLS,Timor-Leste,2012,64.384
TLS,Timor-Leste,2011,64.022
TLS,Timor-Leste,2010,63.66
TLS,Timor-Leste,2009,63.265
TLS,Timor-Leste,2008,62.858
TLS,Timor-Leste,2007,62.396
TLS,Timor-Leste,2006,61.881
TLS,Timor-Leste,2005,61.272
TLS,Timor-Leste,2004,60.743
TLS,Timor-Leste,2003,60.13
TLS,Timor-Leste,2002,59.477
TLS,Timor-Leste,2001,58.772
TLS,Timor-Leste,2000,58.097
TLS,Timor-Leste,1999,45.246
TLS,Timor-Leste,1998,48.583
TLS,Timor-Leste,1997,48.968
TLS,Timor-Leste,1996,48.26
TLS,Timor-Leste,1995,47.543
TLS,Timor-Leste,1994,47.861
TLS,Timor-Leste,1993,47.008
TLS,Timor-Leste,1992,46.19
TLS,Timor-Leste,1991,45.076
TLS,Timor-Leste,1990,45.185
TGO,Togo,2020,61.14
TGO,Togo,2019,61.061
TGO,Togo,2018,60.608
TGO,Togo,2017,60.145
TGO,Togo,2016,59.677
TGO,Togo,2015,59.23
TGO,Togo,2014,58.776
TGO,Togo,2013,58.356
TGO,Togo,2012,57.953
TGO,Togo,2011,57.624
TGO,Togo,2010,57.24
TGO,Togo,2009,56.94
TGO,Togo,2008,56.663
TGO,Togo,2007,56.395
TGO,Togo,2006,56.154
TGO,Togo,2005,55.931
TGO,Togo,2004,55.608
TGO,Togo,2003,55.312
TGO,Togo,2002,55.044
TGO,Togo,2001,54.757
TGO,Togo,2000,54.587
TGO,Togo,1999,54.318
TGO,Togo,1998,53.963
TGO,Togo,1997,53.855
TGO,Togo,1996,53.829
TGO,Togo,1995,53.708
TGO,Togo,1994,53.731
TGO,Togo,1993,53.858
TGO,Togo,1992,54.084
TGO,Togo,1991,54.263
TGO,Togo,1990,54.566
TON,Tonga,2020,72.379
TON,Tonga,2019,72.292
TON,Tonga,2018,72.169
TON,Tonga,2017,72.066
TON,Tonga,2016,71.951
TON,Tonga,2015,71.851
TON,Tonga,2014,71.721
TON,Tonga,2013,71.65
TON,Tonga,2012,71.546
TON,Tonga,2011,71.437
TON,Tonga,2010,71.319
TON,Tonga,2009,70.949
TON,Tonga,2008,71.041
TON,Tonga,2007,70.887
TON,Tonga,2006,70.71
TON,Tonga,2005,70.56
TON,Tonga,2004,70.433
TON,Tonga,2003,70.228
TON,Tonga,2002,70.03
TON,Tonga,2001,69.8
TON,Tonga,2000,69.635
TON,Tonga,1999,69.431
TON,Tonga,1998,69.224
TON,Tonga,1997,69.012
TON,Tonga,1996,68.803
TON,Tonga,1995,68.592
TON,Tonga,1994,68.371
TON,Tonga,1993,68.157
TON,Tonga,1992,67.927
TON,Tonga,1991,67.749
TON,Tonga,1990,67.539
TTO,Trinidad and Tobago,2020,72.645
TTO,Trinidad and Tobago,2019,72.836
TTO,Trinidad and Tobago,2018,72.658
TTO,Trinidad and Tobago,2017,72.984
TTO,Trinidad and Tobago,2016,72.935
TTO,Trinidad and Tobago,2015,72.882
TTO,Trinidad and Tobago,2014,72.898
TTO,Trinidad and Tobago,2013,72.785
TTO,Trinidad and Tobago,2012,72.513
TTO,Trinidad and Tobago,2011,72.232
TTO,Trinidad and Tobago,2010,71.809
TTO,Trinidad and Tobago,2009,71.404
TTO,Trinidad and Tobago,2008,71.117
TTO,Trinidad and Tobago,2007,70.797
TTO,Trinidad and Tobago,2006,70.437
TTO,Trinidad and Tobago,2005,70.185
TTO,Trinidad and Tobago,2004,69.879
TTO,Trinidad and Tobago,2003,69.454
TTO,Trinidad and Tobago,2002,69.232
TTO,Trinidad and Tobago,2001,68.874
TTO,Trinidad and Tobago,2000,68.629
TTO,Trinidad and Tobago,1999,68.509
TTO,Trinidad and Tobago,1998,68.331
TTO,Trinidad and Tobago,1997,68.143
TTO,Trinidad and Tobago,1996,68.039
TTO,Trinidad and Tobago,1995,67.995
TTO,Trinidad and Tobago,1994,67.837
TTO,Trinidad and Tobago,1993,67.825
TTO,Trinidad and Tobago,1992,67.78
TTO,Trinidad and Tobago,1991,67.782
TTO,Trinidad and Tobago,1990,67.591
TUN,Tunisia,2020,75.004
TUN,Tunisia,2019,75.599
TUN,Tunisia,2018,75.37
TUN,Tunisia,2017,75.177
TUN,Tunisia,2016,75.007
TUN,Tunisia,2015,74.875
TUN,Tunisia,2014,74.784
TUN,Tunisia,2013,74.674
TUN,Tunisia,2012,74.599
TUN,Tunisia,2011,74.471
TUN,Tunisia,2010,74.438
TUN,Tunisia,2009,74.32
TUN,Tunisia,2008,74.192
TUN,Tunisia,2007,74.039
TUN,Tunisia,2006,73.888
TUN,Tunisia,2005,73.712
TUN,Tunisia,2004,73.519
TUN,Tunisia,2003,73.304
TUN,Tunisia,2002,73.07
TUN,Tunisia,2001,72.822
TUN,Tunisia,2000,72.604
TUN,Tunisia,1999,72.344
TUN,Tunisia,1998,72.067
TUN,Tunisia,1997,71.67
TUN,Tunisia,1996,71.247
TUN,Tunisia,1995,70.785
TUN,Tunisia,1994,70.363
TUN,Tunisia,1993,69.992
TUN,Tunisia,1992,69.684
TUN,Tunisia,1991,69.398
TUN,Tunisia,1990,69.092
TUR,Turkiye,2020,76.525
TUR,Turkiye,2019,77.737
TUR,Turkiye,2018,77.454
TUR,Turkiye,2017,77.037
TUR,Turkiye,2016,76.595
TUR,Turkiye,2015,76.539
TUR,Turkiye,2014,76.452
TUR,Turkiye,2013,76.171
TUR,Turkiye,2012,75.552
TUR,Turkiye,2011,74.823
TUR,Turkiye,2010,74.964
TUR,Turkiye,2009,74.679
TUR,Turkiye,2008,74.38
TUR,Turkiye,2007,74.129
TUR,Turkiye,2006,73.804
TUR,Turkiye,2005,73.51
TUR,Turkiye,2004,73.223
TUR,Turkiye,2003,72.906
TUR,Turkiye,2002,72.605
TUR,Turkiye,2001,72.271
TUR,Turkiye,2000,71.931
TUR,Turkiye,1999,70.752
TUR,Turkiye,1998,71.144
TUR,Turkiye,1997,70.668
TUR,Turkiye,1996,70.245
TUR,Turkiye,1995,69.734
TUR,Turkiye,1994,69.402
TUR,Turkiye,1993,69.018
TUR,Turkiye,1992,68.603
TUR,Turkiye,1991,68.287
TUR,Turkiye,1990,67.835
TKM,Turkmenistan,2020,68.846
TKM,Turkmenistan,2019,69.405
TKM,Turkmenistan,2018,69.272
TKM,Turkmenistan,2017,69.19
TKM,Turkmenistan,2016,69.142
TKM,Turkmenistan,2015,69.061
TKM,Turkmenistan,2014,69.001
TKM,Turkmenistan,2013,68.968
TKM,Turkmenistan,2012,68.961
TKM,Turkmenistan,2011,68.87
TKM,Turkmenistan,2010,68.608
TKM,Turkmenistan,2009,68.155
TKM,Turkmenistan,2008,67.584
TKM,Turkmenistan,2007,67.02
TKM,Turkmenistan,2006,66.574
TKM,Turkmenistan,2005,66.275
TKM,Turkmenistan,2004,66.055
TKM,Turkmenistan,2003,65.854
TKM,Turkmenistan,2002,65.593
TKM,Turkmenistan,2001,65.325
TKM,Turkmenistan,2000,64.931
TKM,Turkmenistan,1999,64.475
TKM,Turkmenistan,1998,63.966
TKM,Turkmenistan,1997,63.667
TKM,Turkmenistan,1996,63.538
TKM,Turkmenistan,1995,63.514
TKM,Turkmenistan,1994,63.515
TKM,Turkmenistan,1993,63.586
TKM,Turkmenistan,1992,63.753
TKM,Turkmenistan,1991,63.842
TKM,Turkmenistan,1990,63.867
TCA,Turks and Caicos Islands,2020,77.499
TCA,Turks and Caicos Islands,2019,77.691
TCA,Turks and Caicos Islands,2018,77.596
TCA,Turks and Caicos Islands,2017,77.505
TCA,Turks and Caicos Islands,2016,77.437
TCA,Turks and Caicos Islands,2015,77.321
TCA,Turks and Caicos Islands,2014,77.212
TCA,Turks and Caicos Islands,2013,77.1
TCA,Turks and Caicos Islands,2012,76.969
TCA,Turks and Caicos Islands,2011,76.87
TCA,Turks and Caicos Islands,2010,76.784
TCA,Turks and Caicos Islands,2009,76.672
TCA,Turks and Caicos Islands,2008,76.084
TCA,Turks and Caicos Islands,2007,76.427
TCA,Turks and Caicos Islands,2006,76.197
TCA,Turks and Caicos Islands,2005,75.954
TCA,Turks and Caicos Islands,2004,75.63
TCA,Turks and Caicos Islands,2003,75.262
TCA,Turks and Caicos Islands,2002,74.843
TCA,Turks and Caicos Islands,2001,74.409
TCA,Turks and Caicos Islands,2000,73.972
TCA,Turks and Caicos Islands,1999,73.531
TCA,Turks and Caicos Islands,1998,73.113
TCA,Turks and Caicos Islands,1997,72.713
TCA,Turks and Caicos Islands,1996,72.328
TCA,Turks and Caicos Islands,1995,71.948
TCA,Turks and Caicos Islands,1994,71.575
TCA,Turks and Caicos Islands,1993,71.194
TCA,Turks and Caicos Islands,1992,70.887
TCA,Turks and Caicos Islands,1991,70.54
TCA,Turks and Caicos Islands,1990,70.218
TUV,Tuvalu,2020,66.357
TUV,Tuvalu,2019,66.109
TUV,Tuvalu,2018,65.871
TUV,Tuvalu,2017,65.683
TUV,Tuvalu,2016,65.51
TUV,Tuvalu,2015,65.365
TUV,Tuvalu,2014,65.278
TUV,Tuvalu,2013,65.171
TUV,Tuvalu,2012,65.079
TUV,Tuvalu,2011,64.96
TUV,Tuvalu,2010,64.834
TUV,Tuvalu,2009,64.693
TUV,Tuvalu,2008,64.516
TUV,Tuvalu,2007,64.402
TUV,Tuvalu,2006,64.247
TUV,Tuvalu,2005,64.096
TUV,Tuvalu,2004,63.989
TUV,Tuvalu,2003,63.897
TUV,Tuvalu,2002,63.825
TUV,Tuvalu,2001,63.709
TUV,Tuvalu,2000,63.536
TUV,Tuvalu,1999,63.346
TUV,Tuvalu,1998,63.162
TUV,Tuvalu,1997,62.942
TUV,Tuvalu,1996,62.709
TUV,Tuvalu,1995,62.505
TUV,Tuvalu,1994,62.317
TUV,Tuvalu,1993,62.11
TUV,Tuvalu,1992,60.29
TUV,Tuvalu,1991,61.809
TUV,Tuvalu,1990,61.643
UGA,Uganda,2020,66.41
UGA,Uganda,2019,66.354
UGA,Uganda,2018,65.775
UGA,Uganda,2017,65.174
UGA,Uganda,2016,64.494
UGA,Uganda,2015,63.831
UGA,Uganda,2014,63.057
UGA,Uganda,2013,62.353
UGA,Uganda,2012,61.579
UGA,Uganda,2011,60.791
UGA,Uganda,2010,59.959
UGA,Uganda,2009,59.157
UGA,Uganda,2008,58.253
UGA,Uganda,2007,57.248
UGA,Uganda,2006,56.118
UGA,Uganda,2005,54.926
UGA,Uganda,2004,53.699
UGA,Uganda,2003,52.414
UGA,Uganda,2002,51.443
UGA,Uganda,2001,50.576
UGA,Uganda,2000,49.64
UGA,Uganda,1999,48.977
UGA,Uganda,1998,48.263
UGA,Uganda,1997,48.026
UGA,Uganda,1996,47.759
UGA,Uganda,1995,47.706
UGA,Uganda,1994,47.675
UGA,Uganda,1993,47.681
UGA,Uganda,1992,47.671
UGA,Uganda,1991,47.549
UGA,Uganda,1990,47.561
UKR,Ukraine,2020,73.283
UKR,Ukraine,2019,73.92
UKR,Ukraine,2018,73.569
UKR,Ukraine,2017,73.993
UKR,Ukraine,2016,73.389
UKR,Ukraine,2015,72.686
UKR,Ukraine,2014,71.803
UKR,Ukraine,2013,71.474
UKR,Ukraine,2012,71.09
UKR,Ukraine,2011,70.711
UKR,Ukraine,2010,70.188
UKR,Ukraine,2009,69.159
UKR,Ukraine,2008,68.262
UKR,Ukraine,2007,67.715
UKR,Ukraine,2006,67.49
UKR,Ukraine,2005,67.517
UKR,Ukraine,2004,67.472
UKR,Ukraine,2003,67.638
UKR,Ukraine,2002,67.699
UKR,Ukraine,2001,67.675
UKR,Ukraine,2000,67.786
UKR,Ukraine,1999,68.004
UKR,Ukraine,1998,67.993
UKR,Ukraine,1997,67.658
UKR,Ukraine,1996,67.097
UKR,Ukraine,1995,67.114
UKR,Ukraine,1994,67.534
UKR,Ukraine,1993,68.287
UKR,Ukraine,1992,68.947
UKR,Ukraine,1991,69.688
UKR,Ukraine,1990,70.354
ARE,United Arab Emirates,2020,81.936
ARE,United Arab Emirates,2019,82.596
ARE,United Arab Emirates,2018,82.449
ARE,United Arab Emirates,2017,82.388
ARE,United Arab Emirates,2016,82.195
ARE,United Arab Emirates,2015,82.076
ARE,United Arab Emirates,2014,81.99
ARE,United Arab Emirates,2013,81.95
ARE,United Arab Emirates,2012,81.913
ARE,United Arab Emirates,2011,81.898
ARE,United Arab Emirates,2010,81.886
ARE,United Arab Emirates,2009,81.679
ARE,United Arab Emirates,2008,81.591
ARE,United Arab Emirates,2007,81.438
ARE,United Arab Emirates,2006,81.155
ARE,United Arab Emirates,2005,80.779
ARE,United Arab Emirates,2004,80.272
ARE,United Arab Emirates,2003,79.6
ARE,United Arab Emirates,2002,78.721
ARE,United Arab Emirates,2001,77.621
ARE,United Arab Emirates,2000,76.347
ARE,United Arab Emirates,1999,74.982
ARE,United Arab Emirates,1998,73.66
ARE,United Arab Emirates,1997,72.559
ARE,United Arab Emirates,1996,71.82
ARE,United Arab Emirates,1995,71.392
ARE,United Arab Emirates,1994,71.204
ARE,United Arab Emirates,1993,71.159
ARE,United Arab Emirates,1992,71.166
ARE,United Arab Emirates,1991,71.144
ARE,United Arab Emirates,1990,71.074
GBR,United Kingdom,2020,80.331756097561
GBR,United Kingdom,2019,81.3691219512195
GBR,United Kingdom,2018,81.2560975609756
GBR,United Kingdom,2017,81.2560975609756
GBR,United Kingdom,2016,81.1560975609756
GBR,United Kingdom,2015,80.9560975609756
GBR,United Kingdom,2014,81.3048780487805
GBR,United Kingdom,2013,81.0048780487805
GBR,United Kingdom,2012,80.9048780487805
GBR,United Kingdom,2011,80.9512195121951
GBR,United Kingdom,2010,80.4024390243902
GBR,United Kingdom,2009,80.0512195121951
GBR,United Kingdom,2008,79.6
GBR,United Kingdom,2007,79.4487804878049
GBR,United Kingdom,2006,79.2487804878049
GBR,United Kingdom,2005,79.0487804878049
GBR,United Kingdom,2004,78.7463414634146
GBR,United Kingdom,2003,78.4463414634146
GBR,United Kingdom,2002,78.1439024390244
GBR,United Kingdom,2001,77.9926829268293
GBR,United Kingdom,2000,77.7414634146342
GBR,United Kingdom,1999,77.390243902439
GBR,United Kingdom,1998,77.190243902439
GBR,United Kingdom,1997,77.2109756097561
GBR,United Kingdom,1996,77.0878048780488
GBR,United Kingdom,1995,76.8365853658537
GBR,United Kingdom,1994,76.8853658536585
GBR,United Kingdom,1993,76.3853658536585
GBR,United Kingdom,1992,76.4341463414634
GBR,United Kingdom,1991,76.0829268292683
GBR,United Kingdom,1990,75.8804878048781
USA,United States,2020,76.9804878048781
USA,United States,2019,78.7878048780488
USA,United States,2018,78.6390243902439
USA,United States,2017,78.5390243902439
USA,United States,2016,78.5390243902439
USA,United States,2015,78.690243902439
USA,United States,2014,78.8414634146341
USA,United States,2013,78.7414634146342
USA,United States,2012,78.7414634146342
USA,United States,2011,78.6414634146341
USA,United States,2010,78.5414634146342
USA,United States,2009,78.390243902439
USA,United States,2008,78.0390243902439
USA,United States,2007,77.9878048780488
USA,United States,2006,77.6878048780488
USA,United States,2005,77.4878048780488
USA,United States,2004,77.4878048780488
USA,United States,2003,77.0365853658537
USA,United States,2002,76.9365853658537
USA,United States,2001,76.8365853658537
USA,United States,2000,76.6365853658537
USA,United States,1999,76.5829268292683
USA,United States,1998,76.5804878048781
USA,United States,1997,76.4292682926829
USA,United States,1996,76.0268292682927
USA,United States,1995,75.6219512195122
USA,United States,1994,75.619512195122
USA,United States,1993,75.419512195122
USA,United States,1992,75.6170731707317
USA,United States,1991,75.3658536585366
USA,United States,1990,75.2146341463415
URY,Uruguay,2020,78.381
URY,Uruguay,2019,77.503
URY,Uruguay,2018,77.527
URY,Uruguay,2017,77.618
URY,Uruguay,2016,77.351
URY,Uruguay,2015,77.285
URY,Uruguay,2014,77.194
URY,Uruguay,2013,76.953
URY,Uruguay,2012,76.691
URY,Uruguay,2011,76.614
URY,Uruguay,2010,76.691
URY,Uruguay,2009,76.67
URY,Uruguay,2008,76.275
URY,Uruguay,2007,76.15
URY,Uruguay,2006,75.888
URY,Uruguay,2005,75.829
URY,Uruguay,2004,75.319
URY,Uruguay,2003,75.086
URY,Uruguay,2002,74.979
URY,Uruguay,2001,74.987
URY,Uruguay,2000,74.693
URY,Uruguay,1999,74.293
URY,Uruguay,1998,74.029
URY,Uruguay,1997,73.92
URY,Uruguay,1996,73.812
URY,Uruguay,1995,73.493
URY,Uruguay,1994,73.162
URY,Uruguay,1993,73.147
URY,Uruguay,1992,73.185
URY,Uruguay,1991,73.198
URY,Uruguay,1990,72.994
UZB,Uzbekistan,2020,71.461
UZB,Uzbekistan,2019,72.093
UZB,Uzbekistan,2018,71.999
UZB,Uzbekistan,2017,71.737
UZB,Uzbekistan,2016,71.58
UZB,Uzbekistan,2015,71.33
UZB,Uzbekistan,2014,70.973
UZB,Uzbekistan,2013,70.692
UZB,Uzbekistan,2012,70.411
UZB,Uzbekistan,2011,70.143
UZB,Uzbekistan,2010,69.836
UZB,Uzbekistan,2009,69.517
UZB,Uzbekistan,2008,69.035
UZB,Uzbekistan,2007,68.483
UZB,Uzbekistan,2006,67.905
UZB,Uzbekistan,2005,67.481
UZB,Uzbekistan,2004,67.203
UZB,Uzbekistan,2003,66.852
UZB,Uzbekistan,2002,66.376
UZB,Uzbekistan,2001,65.853
UZB,Uzbekistan,2000,65.456
UZB,Uzbekistan,1999,65.307
UZB,Uzbekistan,1998,65.169
UZB,Uzbekistan,1997,65.028
UZB,Uzbekistan,1996,64.78
UZB,Uzbekistan,1995,64.67
UZB,Uzbekistan,1994,64.681
UZB,Uzbekistan,1993,64.924
UZB,Uzbekistan,1992,65.236
UZB,Uzbekistan,1991,65.529
UZB,Uzbekistan,1990,65.772
VUT,Vanuatu,2020,70.385
VUT,Vanuatu,2019,70.783
VUT,Vanuatu,2018,70.626
VUT,Vanuatu,2017,70.5
VUT,Vanuatu,2016,70.397
VUT,Vanuatu,2015,70.163
VUT,Vanuatu,2014,70.043
VUT,Vanuatu,2013,69.986
VUT,Vanuatu,2012,69.898
VUT,Vanuatu,2011,69.729
VUT,Vanuatu,2010,69.57
VUT,Vanuatu,2009,69.422
VUT,Vanuatu,2008,69.302
VUT,Vanuatu,2007,69.144
VUT,Vanuatu,2006,69.126
VUT,Vanuatu,2005,69.166
VUT,Vanuatu,2004,68.985
VUT,Vanuatu,2003,68.933
VUT,Vanuatu,2002,68.836
VUT,Vanuatu,2001,68.722
VUT,Vanuatu,2000,68.586
VUT,Vanuatu,1999,67.924
VUT,Vanuatu,1998,68.372
VUT,Vanuatu,1997,68.309
VUT,Vanuatu,1996,68.176
VUT,Vanuatu,1995,68.104
VUT,Vanuatu,1994,67.984
VUT,Vanuatu,1993,67.724
VUT,Vanuatu,1992,67.433
VUT,Vanuatu,1991,67.114
VUT,Vanuatu,1990,66.684
VEN,"Venezuela, RB",2020,72.369
VEN,"Venezuela, RB",2019,72.766
VEN,"Venezuela, RB",2018,72.641
VEN,"Venezuela, RB",2017,71.903
VEN,"Venezuela, RB",2016,72.002
VEN,"Venezuela, RB",2015,73.004
VEN,"Venezuela, RB",2014,72.837
VEN,"Venezuela, RB",2013,73.076
VEN,"Venezuela, RB",2012,73.086
VEN,"Venezuela, RB",2011,73.09
VEN,"Venezuela, RB",2010,73.092
VEN,"Venezuela, RB",2009,72.785
VEN,"Venezuela, RB",2008,72.578
VEN,"Venezuela, RB",2007,73.348
VEN,"Venezuela, RB",2006,72.972
VEN,"Venezuela, RB",2005,73.075
VEN,"Venezuela, RB",2004,72.752
VEN,"Venezuela, RB",2003,72.056
VEN,"Venezuela, RB",2002,72.823
VEN,"Venezuela, RB",2001,71.019
VEN,"Venezuela, RB",2000,72.388
VEN,"Venezuela, RB",1999,72.088
VEN,"Venezuela, RB",1998,72.446
VEN,"Venezuela, RB",1997,72.56
VEN,"Venezuela, RB",1996,71.92
VEN,"Venezuela, RB",1995,71.714
VEN,"Venezuela, RB",1994,71.283
VEN,"Venezuela, RB",1993,71.385
VEN,"Venezuela, RB",1992,71.177
VEN,"Venezuela, RB",1991,71.172
VEN,"Venezuela, RB",1990,70.964
VNM,Viet Nam,2020,75.383
VNM,Viet Nam,2019,74.211
VNM,Viet Nam,2018,74.1
VNM,Viet Nam,2017,74.026
VNM,Viet Nam,2016,73.984
VNM,Viet Nam,2015,73.955
VNM,Viet Nam,2014,73.886
VNM,Viet Nam,2013,73.821
VNM,Viet Nam,2012,73.762
VNM,Viet Nam,2011,73.713
VNM,Viet Nam,2010,73.611
VNM,Viet Nam,2009,73.525
VNM,Viet Nam,2008,73.455
VNM,Viet Nam,2007,73.385
VNM,Viet Nam,2006,73.293
VNM,Viet Nam,2005,73.198
VNM,Viet Nam,2004,73.062
VNM,Viet Nam,2003,73.236
VNM,Viet Nam,2002,73.138
VNM,Viet Nam,2001,72.984
VNM,Viet Nam,2000,72.746
VNM,Viet Nam,1999,72.575
VNM,Viet Nam,1998,72.283
VNM,Viet Nam,1997,71.67
VNM,Viet Nam,1996,71.296
VNM,Viet Nam,1995,70.871
VNM,Viet Nam,1994,70.379
VNM,Viet Nam,1993,69.957
VNM,Viet Nam,1992,69.62
VNM,Viet Nam,1991,69.303
VNM,Viet Nam,1990,69.027
VIR,Virgin Islands (U.S.),2020,79.819512195122
VIR,Virgin Islands (U.S.),2019,79.6682926829268
VIR,Virgin Islands (U.S.),2018,79.5195121951219
VIR,Virgin Islands (U.S.),2017,79.3682926829268
VIR,Virgin Islands (U.S.),2016,79.1682926829268
VIR,Virgin Islands (U.S.),2015,79.0170731707317
VIR,Virgin Islands (U.S.),2014,78.8682926829268
VIR,Virgin Islands (U.S.),2013,78.7170731707317
VIR,Virgin Islands (U.S.),2012,78.5170731707317
VIR,Virgin Islands (U.S.),2011,78.3170731707317
VIR,Virgin Islands (U.S.),2010,77.8658536585366
VIR,Virgin Islands (U.S.),2009,77.5146341463415
VIR,Virgin Islands (U.S.),2008,77.1634146341463
VIR,Virgin Islands (U.S.),2007,76.8634146341463
VIR,Virgin Islands (U.S.),2006,78.3243902439024
VIR,Virgin Islands (U.S.),2005,77.4219512195122
VIR,Virgin Islands (U.S.),2004,77.7731707317073
VIR,Virgin Islands (U.S.),2003,77.5219512195122
VIR,Virgin Islands (U.S.),2002,77.5219512195122
VIR,Virgin Islands (U.S.),2001,77.6219512195122
VIR,Virgin Islands (U.S.),2000,76.619512195122
VIR,Virgin Islands (U.S.),1999,71.1116097560976
VIR,Virgin Islands (U.S.),1998,71.2462682926829
VIR,Virgin Islands (U.S.),1997,70.9152195121951
VIR,Virgin Islands (U.S.),1996,71.575512195122
VIR,Virgin Islands (U.S.),1995,71.1666097560976
VIR,Virgin Islands (U.S.),1994,71.2246341463415
VIR,Virgin Islands (U.S.),1993,71.0782682926829
VIR,Virgin Islands (U.S.),1992,70.9626097560976
VIR,Virgin Islands (U.S.),1991,70.8079268292683
VIR,Virgin Islands (U.S.),1990,70.6799756097561
PSE,West Bank and Gaza,2020,74.998
PSE,West Bank and Gaza,2019,75.811
PSE,West Bank and Gaza,2018,75.38
PSE,West Bank and Gaza,2017,75.216
PSE,West Bank and Gaza,2016,74.917
PSE,West Bank and Gaza,2015,74.577
PSE,West Bank and Gaza,2014,72.781
PSE,West Bank and Gaza,2013,74.14
PSE,West Bank and Gaza,2012,73.722
PSE,West Bank and Gaza,2011,73.557
PSE,West Bank and Gaza,2010,73.302
PSE,West Bank and Gaza,2009,72.306
PSE,West Bank and Gaza,2008,72.204
PSE,West Bank and Gaza,2007,72.064
PSE,West Bank and Gaza,2006,71.831
PSE,West Bank and Gaza,2005,72.004
PSE,West Bank and Gaza,2004,71.094
PSE,West Bank and Gaza,2003,70.967
PSE,West Bank and Gaza,2002,70.88
PSE,West Bank and Gaza,2001,69.75
PSE,West Bank and Gaza,2000,70.298
PSE,West Bank and Gaza,1999,70.789
PSE,West Bank and Gaza,1998,70.564
PSE,West Bank and Gaza,1997,70.328
PSE,West Bank and Gaza,1996,69.982
PSE,West Bank and Gaza,1995,69.583
PSE,West Bank and Gaza,1994,69.328
PSE,West Bank and Gaza,1993,68.759
PSE,West Bank and Gaza,1992,68.478
PSE,West Bank and Gaza,1991,68.222
PSE,West Bank and Gaza,1990,67.803
YEM,"Yemen, Rep.",2020,66.435
YEM,"Yemen, Rep.",2019,66.567
YEM,"Yemen, Rep.",2018,65.915
YEM,"Yemen, Rep.",2017,67.12
YEM,"Yemen, Rep.",2016,67.105
YEM,"Yemen, Rep.",2015,66.761
YEM,"Yemen, Rep.",2014,68.003
YEM,"Yemen, Rep.",2013,67.961
YEM,"Yemen, Rep.",2012,67.569
YEM,"Yemen, Rep.",2011,67.412
YEM,"Yemen, Rep.",2010,67.223
YEM,"Yemen, Rep.",2009,66.905
YEM,"Yemen, Rep.",2008,66.609
YEM,"Yemen, Rep.",2007,66.23
YEM,"Yemen, Rep.",2006,65.8
YEM,"Yemen, Rep.",2005,65.356
YEM,"Yemen, Rep.",2004,64.881
YEM,"Yemen, Rep.",2003,64.407
YEM,"Yemen, Rep.",2002,63.807
YEM,"Yemen, Rep.",2001,63.286
YEM,"Yemen, Rep.",2000,62.761
YEM,"Yemen, Rep.",1999,62.275
YEM,"Yemen, Rep.",1998,61.788
YEM,"Yemen, Rep.",1997,61.34
YEM,"Yemen, Rep.",1996,60.884
YEM,"Yemen, Rep.",1995,60.532
YEM,"Yemen, Rep.",1994,59.828
YEM,"Yemen, Rep.",1993,59.655
YEM,"Yemen, Rep.",1992,59.26
YEM,"Yemen, Rep.",1991,58.805
YEM,"Yemen, Rep.",1990,58.528
ZMB,Zambia,2020,63.361
ZMB,Zambia,2019,62.914
ZMB,Zambia,2018,62.138
ZMB,Zambia,2017,61.564
ZMB,Zambia,2016,61.129
ZMB,Zambia,2015,60.728
ZMB,Zambia,2014,60.109
ZMB,Zambia,2013,59.445
ZMB,Zambia,2012,58.704
ZMB,Zambia,2011,57.843
ZMB,Zambia,2010,56.896
ZMB,Zambia,2009,55.886
ZMB,Zambia,2008,54.835
ZMB,Zambia,2007,53.73
ZMB,Zambia,2006,52.693
ZMB,Zambia,2005,51.615
ZMB,Zambia,2004,50.54
ZMB,Zambia,2003,49.616
ZMB,Zambia,2002,48.461
ZMB,Zambia,2001,47.408
ZMB,Zambia,2000,46.577
ZMB,Zambia,1999,45.924
ZMB,Zambia,1998,45.709
ZMB,Zambia,1997,45.743
ZMB,Zambia,1996,45.757
ZMB,Zambia,1995,46.051
ZMB,Zambia,1994,46.344
ZMB,Zambia,1993,46.678
ZMB,Zambia,1992,46.968
ZMB,Zambia,1991,47.443
ZMB,Zambia,1990,48.204
ZWE,Zimbabwe,2020,61.53
ZWE,Zimbabwe,2019,61.06
ZWE,Zimbabwe,2018,60.906
ZWE,Zimbabwe,2017,60.263
ZWE,Zimbabwe,2016,59.76
ZWE,Zimbabwe,2015,58.989
ZWE,Zimbabwe,2014,58.106
ZWE,Zimbabwe,2013,56.842
ZWE,Zimbabwe,2012,55.386
ZWE,Zimbabwe,2011,53.911
ZWE,Zimbabwe,2010,51.925
ZWE,Zimbabwe,2009,49.75
ZWE,Zimbabwe,2008,48.456
ZWE,Zimbabwe,2007,47.576
ZWE,Zimbabwe,2006,47.056
ZWE,Zimbabwe,2005,46.57
ZWE,Zimbabwe,2004,46.043
ZWE,Zimbabwe,2003,45.373
ZWE,Zimbabwe,2002,45.938
ZWE,Zimbabwe,2001,44.525
ZWE,Zimbabwe,2000,46.034
ZWE,Zimbabwe,1999,46.379
ZWE,Zimbabwe,1998,47.551
ZWE,Zimbabwe,1997,48.536
ZWE,Zimbabwe,1996,48.981
ZWE,Zimbabwe,1995,51.144
ZWE,Zimbabwe,1994,52.537
ZWE,Zimbabwe,1993,53.976
ZWE,Zimbabwe,1992,55.602
ZWE,Zimbabwe,1991,57.037
ZWE,Zimbabwe,1990,58.319
