country_code,country,year,population
AFE,Africa Eastern and Southern,2020,694446100
AFE,Africa Eastern and Southern,2019,675950189
AFE,Africa Eastern and Southern,2018,657801085
AFE,Africa Eastern and Southern,2017,640058741
AFE,Africa Eastern and Southern,2016,623369401
AFE,Africa Eastern and Southern,2015,607123269
AFE,Africa Eastern and Southern,2014,590968990
AFE,Africa Eastern and Southern,2013,575202699
AFE,Africa Eastern and Southern,2012,559609961
AFE,Africa Eastern and Southern,2011,544737983
AFE,Africa Eastern and Southern,2010,530308387
AFE,Africa Eastern and Southern,2009,516003448
AFE,Africa Eastern and Southern,2008,502070763
AFE,Africa Eastern and Southern,2007,488580707
AFE,Africa Eastern and Southern,2006,475606210
AFE,Africa Eastern and Southern,2005,463076637
AFE,Africa Eastern and Southern,2004,450928044
AFE,Africa Eastern and Southern,2003,439173286
AFE,Africa Eastern and Southern,2002,427820358
AFE,Africa Eastern and Southern,2001,416807868
AFE,Africa Eastern and Southern,2000,406156661
AFE,Africa Eastern and Southern,1999,395750933
AFE,Africa Eastern and Southern,1998,385505757
AFE,Africa Eastern and Southern,1997,375646235
AFE,Africa Eastern and Southern,1996,366138524
AFE,Africa Eastern and Southern,1995,356580375
AFE,Africa Eastern and Southern,1994,347441809
AFE,Africa Eastern and Southern,1993,338324002
AFE,Africa Eastern and Southern,1992,329082707
AFE,Africa Eastern and Southern,1991,320442961
AFE,Africa Eastern and Southern,1990,311748681
AFW,Africa Western and Central,2020,473687685
AFW,Africa Western and Central,2019,462522286
AFW,Africa Western and Central,2018,451395343
AFW,Africa Western and Central,2017,440150152
AFW,Africa Western and Central,2016,428797338
AFW,Africa Western and Central,2015,417536152
AFW,Africa Western and Central,2014,406457241
AFW,Africa Western and Central,2013,395543613
AFW,Africa Western and Central,2012,384913331
AFW,Africa Western and Central,2011,374374251
AFW,Africa Western and Central,2010,363951468
AFW,Africa Western and Central,2009,353922925
AFW,Africa Western and Central,2008,344153435
AFW,Africa Western and Central,2007,334544275
AFW,Africa Western and Central,2006,325222154
AFW,Africa Western and Central,2005,316156999
AFW,Africa Western and Central,2004,307309912
AFW,Africa Western and Central,2003,298744790
AFW,Africa Western and Central,2002,290455651
AFW,Africa Western and Central,2001,282407479
AFW,Africa Western and Central,2000,274612131
AFW,Africa Western and Central,1999,267171783
AFW,Africa Western and Central,1998,259988556
AFW,Africa Western and Central,1997,252921348
AFW,Africa Western and Central,1996,246128722
AFW,Africa Western and Central,1995,239501493
AFW,Africa Western and Central,1994,233041347
AFW,Africa Western and Central,1993,226927299
AFW,Africa Western and Central,1992,220890339
AFW,Africa Western and Central,1991,214885785
AFW,Africa Western and Central,1990,209281291
ARB,Arab World,2020,453723239
ARB,Arab World,2019,444281315
ARB,Arab World,2018,435998060
ARB,Arab World,2017,428315886
ARB,Arab World,2016,419808341
ARB,Arab World,2015,410190679
ARB,Arab World,2014,400231008
ARB,Arab World,2013,390954281
ARB,Arab World,2012,381030177
ARB,Arab World,2011,372054934
ARB,Arab World,2010,363568534
ARB,Arab World,2009,356386673
ARB,Arab World,2008,347684619
ARB,Arab World,2007,338947976
ARB,Arab World,2006,330526310
ARB,Arab World,2005,322628451
ARB,Arab World,2004,315060277
ARB,Arab World,2003,307815105
ARB,Arab World,2002,300691509
ARB,Arab World,2001,293580252
ARB,Arab World,2000,286548096
ARB,Arab World,1999,279709634
ARB,Arab World,1998,273094199
ARB,Arab World,1997,266565183
ARB,Arab World,1996,260229121
ARB,Arab World,1995,253952538
ARB,Arab World,1994,247626514
ARB,Arab World,1993,240926205
ARB,Arab World,1992,234321565
ARB,Arab World,1991,228402316
ARB,Arab World,1990,223184294
CSS,Caribbean small states,2020,4459302
CSS,Caribbean small states,2019,4443134
CSS,Caribbean small states,2018,4407658
CSS,Caribbean small states,2017,4366140
CSS,Caribbean small states,2016,4341333
CSS,Caribbean small states,2015,4314191
CSS,Caribbean small states,2014,4286546
CSS,Caribbean small states,2013,4257682
CSS,Caribbean small states,2012,4228445
CSS,Caribbean small states,2011,4201107
CSS,Caribbean small states,2010,4173335
CSS,Caribbean small states,2009,4146899
CSS,Caribbean small states,2008,4124966
CSS,Caribbean small states,2007,4098855
CSS,Caribbean small states,2006,4072929
CSS,Caribbean small states,2005,4049468
CSS,Caribbean small states,2004,4080569
CSS,Caribbean small states,2003,4050990
CSS,Caribbean small states,2002,4018796
CSS,Caribbean small states,2001,3987087
CSS,Caribbean small states,2000,3956229
CSS,Caribbean small states,1999,3925229
CSS,Caribbean small states,1998,3893594
CSS,Caribbean small states,1997,3861673
CSS,Caribbean small states,1996,3829184
CSS,Caribbean small states,1995,3795917
CSS,Caribbean small states,1994,3763806
CSS,Caribbean small states,1993,3735156
CSS,Caribbean small states,1992,3706523
CSS,Caribbean small states,1991,3677765
CSS,Caribbean small states,1990,3654949
CEB,Central Europe and the Baltics,2020,101215763
CEB,Central Europe and the Baltics,2019,101864274
CEB,Central Europe and the Baltics,2018,102074201
CEB,Central Europe and the Baltics,2017,102337501
CEB,Central Europe and the Baltics,2016,102647939
CEB,Central Europe and the Baltics,2015,102973167
CEB,Central Europe and the Baltics,2014,103280478
CEB,Central Europe and the Baltics,2013,103570062
CEB,Central Europe and the Baltics,2012,103929494
CEB,Central Europe and the Baltics,2011,104174038
CEB,Central Europe and the Baltics,2010,104421447
CEB,Central Europe and the Baltics,2009,104800475
CEB,Central Europe and the Baltics,2008,105001883
CEB,Central Europe and the Baltics,2007,105378748
CEB,Central Europe and the Baltics,2006,105772481
CEB,Central Europe and the Baltics,2005,106041911
CEB,Central Europe and the Baltics,2004,106331716
CEB,Central Europe and the Baltics,2003,106624167
CEB,Central Europe and the Baltics,2002,106959751
CEB,Central Europe and the Baltics,2001,107660041
CEB,Central Europe and the Baltics,2000,108447824
CEB,Central Europe and the Baltics,1999,109060951
CEB,Central Europe and the Baltics,1998,109238340
CEB,Central Europe and the Baltics,1997,109422013
CEB,Central Europe and the Baltics,1996,109626194
CEB,Central Europe and the Baltics,1995,109864246
CEB,Central Europe and the Baltics,1994,110021594
CEB,Central Europe and the Baltics,1993,110041924
CEB,Central Europe and the Baltics,1992,110111454
CEB,Central Europe and the Baltics,1991,110469467
CEB,Central Europe and the Baltics,1990,110743128
EAR,Early-demographic dividend,2020,3396051187
EAR,Early-demographic dividend,2019,3355014793
EAR,Early-demographic dividend,2018,3314245247
EAR,Early-demographic dividend,2017,3274060446
EAR,Early-demographic dividend,2016,3233033717
EAR,Early-demographic dividend,2015,3190318707
EAR,Early-demographic dividend,2014,3146800078
EAR,Early-demographic dividend,2013,3103677284
EAR,Early-demographic dividend,2012,3058869436
EAR,Early-demographic dividend,2011,3013476947
EAR,Early-demographic dividend,2010,2967104472
EAR,Early-demographic dividend,2009,2921563644
EAR,Early-demographic dividend,2008,2875943965
EAR,Early-demographic dividend,2007,2830531957
EAR,Early-demographic dividend,2006,2784726644
EAR,Early-demographic dividend,2005,2738846905
EAR,Early-demographic dividend,2004,2693184997
EAR,Early-demographic dividend,2003,2647109296
EAR,Early-demographic dividend,2002,2601917557
EAR,Early-demographic dividend,2001,2556335424
EAR,Early-demographic dividend,2000,2509431470
EAR,Early-demographic dividend,1999,2462704115
EAR,Early-demographic dividend,1998,2416119734
EAR,Early-demographic dividend,1997,2369042441
EAR,Early-demographic dividend,1996,2321284245
EAR,Early-demographic dividend,1995,2273692181
EAR,Early-demographic dividend,1994,2228719169
EAR,Early-demographic dividend,1993,2184656122
EAR,Early-demographic dividend,1992,2138854231
EAR,Early-demographic dividend,1991,2092102478
EAR,Early-demographic dividend,1990,2044241467
EAS,East Asia & Pacific,2020,2369420882
EAS,East Asia & Pacific,2019,2359762190
EAS,East Asia & Pacific,2018,2347576325
EAS,East Asia & Pacific,2017,2333475520
EAS,East Asia & Pacific,2016,2317076058
EAS,East Asia & Pacific,2015,2300844269
EAS,East Asia & Pacific,2014,2284385542
EAS,East Asia & Pacific,2013,2267072102
EAS,East Asia & Pacific,2012,2249081393
EAS,East Asia & Pacific,2011,2230826576
EAS,East Asia & Pacific,2010,2214613815
EAS,East Asia & Pacific,2009,2199148703
EAS,East Asia & Pacific,2008,2183472438
EAS,East Asia & Pacific,2007,2167046538
EAS,East Asia & Pacific,2006,2150688938
EAS,East Asia & Pacific,2005,2134573057
EAS,East Asia & Pacific,2004,2118747885
EAS,East Asia & Pacific,2003,2102761941
EAS,East Asia & Pacific,2002,2086144389
EAS,East Asia & Pacific,2001,2068682053
EAS,East Asia & Pacific,2000,2050149617
EAS,East Asia & Pacific,1999,2030912462
EAS,East Asia & Pacific,1998,2010443502
EAS,East Asia & Pacific,1997,1988067577
EAS,East Asia & Pacific,1996,1964830092
EAS,East Asia & Pacific,1995,1941185229
EAS,East Asia & Pacific,1994,1917389243
EAS,East Asia & Pacific,1993,1893258583
EAS,East Asia & Pacific,1992,1869074614
EAS,East Asia & Pacific,1991,1844189975
EAS,East Asia & Pacific,1990,1817735909
EAP,East Asia & Pacific (excluding high income),2020,2121866294
EAP,East Asia & Pacific (excluding high income),2019,2112289891
EAP,East Asia & Pacific (excluding high income),2018,2100698838
EAP,East Asia & Pacific (excluding high income),2017,2087238522
EAP,East Asia & Pacific (excluding high income),2016,2071486140
EAP,East Asia & Pacific (excluding high income),2015,2056050896
EAP,East Asia & Pacific (excluding high income),2014,2040383789
EAP,East Asia & Pacific (excluding high income),2013,2023850158
EAP,East Asia & Pacific (excluding high income),2012,2006566431
EAP,East Asia & Pacific (excluding high income),2011,1989106668
EAP,East Asia & Pacific (excluding high income),2010,1973602166
EAP,East Asia & Pacific (excluding high income),2009,1959017463
EAP,East Asia & Pacific (excluding high income),2008,1944305887
EAP,East Asia & Pacific (excluding high income),2007,1929185103
EAP,East Asia & Pacific (excluding high income),2006,1914002124
EAP,East Asia & Pacific (excluding high income),2005,1898853723
EAP,East Asia & Pacific (excluding high income),2004,1883675167
EAP,East Asia & Pacific (excluding high income),2003,1868409996
EAP,East Asia & Pacific (excluding high income),2002,1852659155
EAP,East Asia & Pacific (excluding high income),2001,1836260943
EAP,East Asia & Pacific (excluding high income),2000,1819011507
EAP,East Asia & Pacific (excluding high income),1999,1800932833
EAP,East Asia & Pacific (excluding high income),1998,1781546477
EAP,East Asia & Pacific (excluding high income),1997,1760512371
EAP,East Asia & Pacific (excluding high income),1996,1738632397
EAP,East Asia & Pacific (excluding high income),1995,1716602413
EAP,East Asia & Pacific (excluding high income),1994,1694244506
EAP,East Asia & Pacific (excluding high income),1993,1671604370
EAP,East Asia & Pacific (excluding high income),1992,1648872786
EAP,East Asia & Pacific (excluding high income),1991,1625498444
EAP,East Asia & Pacific (excluding high income),1990,1600739173
TEA,East Asia & Pacific (IDA & IBRD countries),2020,2095759417
TEA,East Asia & Pacific (IDA & IBRD countries),2019,2086281644
TEA,East Asia & Pacific (IDA & IBRD countries),2018,2074796982
TEA,East Asia & Pacific (IDA & IBRD countries),2017,2061449949
TEA,East Asia & Pacific (IDA & IBRD countries),2016,2045816761
TEA,East Asia & Pacific (IDA & IBRD countries),2015,2030504270
TEA,East Asia & Pacific (IDA & IBRD countries),2014,2014960984
TEA,East Asia & Pacific (IDA & IBRD countries),2013,1998548872
TEA,East Asia & Pacific (IDA & IBRD countries),2012,1981382735
TEA,East Asia & Pacific (IDA & IBRD countries),2011,1964036970
TEA,East Asia & Pacific (IDA & IBRD countries),2010,1948643347
TEA,East Asia & Pacific (IDA & IBRD countries),2009,1934167856
TEA,East Asia & Pacific (IDA & IBRD countries),2008,1919570287
TEA,East Asia & Pacific (IDA & IBRD countries),2007,1904568042
TEA,East Asia & Pacific (IDA & IBRD countries),2006,1889507244
TEA,East Asia & Pacific (IDA & IBRD countries),2005,1874487158
TEA,East Asia & Pacific (IDA & IBRD countries),2004,1859450104
TEA,East Asia & Pacific (IDA & IBRD countries),2003,1844349334
TEA,East Asia & Pacific (IDA & IBRD countries),2002,1828744767
TEA,East Asia & Pacific (IDA & IBRD countries),2001,1812475067
TEA,East Asia & Pacific (IDA & IBRD countries),2000,1795374943
TEA,East Asia & Pacific (IDA & IBRD countries),1999,1777464322
TEA,East Asia & Pacific (IDA & IBRD countries),1998,1758263635
TEA,East Asia & Pacific (IDA & IBRD countries),1997,1737429846
TEA,East Asia & Pacific (IDA & IBRD countries),1996,1715764488
TEA,East Asia & Pacific (IDA & IBRD countries),1995,1693960469
TEA,East Asia & Pacific (IDA & IBRD countries),1994,1671877438
TEA,East Asia & Pacific (IDA & IBRD countries),1993,1649557492
TEA,East Asia & Pacific (IDA & IBRD countries),1992,1627147885
TEA,East Asia & Pacific (IDA & IBRD countries),1991,1604095270
TEA,East Asia & Pacific (IDA & IBRD countries),1990,1579651917
EMU,Euro area,2020,353536838
EMU,Euro area,2019,353113327
EMU,Euro area,2018,352303991
EMU,Euro area,2017,351613647
EMU,Euro area,2016,351027116
EMU,Euro area,2015,350164707
EMU,Euro area,2014,349302135
EMU,Euro area,2013,348799535
EMU,Euro area,2012,348406547
EMU,Euro area,2011,347715695
EMU,Euro area,2010,348398403
EMU,Euro area,2009,347581287
EMU,Euro area,2008,346471036
EMU,Euro area,2007,344828323
EMU,Euro area,2006,343100724
EMU,Euro area,2005,341556724
EMU,Euro area,2004,339856977
EMU,Euro area,2003,338061667
EMU,Euro area,2002,336306839
EMU,Euro area,2001,334870337
EMU,Euro area,2000,333959803
EMU,Euro area,1999,332992575
EMU,Euro area,1998,332233144
EMU,Euro area,1997,331618343
EMU,Euro area,1996,330931209
EMU,Euro area,1995,330214252
EMU,Euro area,1994,329467622
EMU,Euro area,1993,328525489
EMU,Euro area,1992,327283137
EMU,Euro area,1991,326040277
EMU,Euro area,1990,324805296
ECS,Europe & Central Asia,2020,923660463
ECS,Europe & Central Asia,2019,921929161
ECS,Europe & Central Asia,2018,918415818
ECS,Europe & Central Asia,2017,915063823
ECS,Europe & Central Asia,2016,911578015
ECS,Europe & Central Asia,2015,907526485
ECS,Europe & Central Asia,2014,903560070
ECS,Europe & Central Asia,2013,899906171
ECS,Europe & Central Asia,2012,896514509
ECS,Europe & Central Asia,2011,893009594
ECS,Europe & Central Asia,2010,890990370
ECS,Europe & Central Asia,2009,887741127
ECS,Europe & Central Asia,2008,884224673
ECS,Europe & Central Asia,2007,880656346
ECS,Europe & Central Asia,2006,878166933
ECS,Europe & Central Asia,2005,875563919
ECS,Europe & Central Asia,2004,873069464
ECS,Europe & Central Asia,2003,870529446
ECS,Europe & Central Asia,2002,868234843
ECS,Europe & Central Asia,2001,866590696
ECS,Europe & Central Asia,2000,865392479
ECS,Europe & Central Asia,1999,864306932
ECS,Europe & Central Asia,1998,863317613
ECS,Europe & Central Asia,1997,862335057
ECS,Europe & Central Asia,1996,861073426
ECS,Europe & Central Asia,1995,859504754
ECS,Europe & Central Asia,1994,857724587
ECS,Europe & Central Asia,1993,855554222
ECS,Europe & Central Asia,1992,852664501
ECS,Europe & Central Asia,1991,849169385
ECS,Europe & Central Asia,1990,845290252
ECA,Europe & Central Asia (excluding high income),2020,250351240
ECA,Europe & Central Asia (excluding high income),2019,248576676
ECA,Europe & Central Asia (excluding high income),2018,246400484
ECA,Europe & Central Asia (excluding high income),2017,244308649
ECA,Europe & Central Asia (excluding high income),2016,242224182
ECA,Europe & Central Asia (excluding high income),2015,240083379
ECA,Europe & Central Asia (excluding high income),2014,237999321
ECA,Europe & Central Asia (excluding high income),2013,235905150
ECA,Europe & Central Asia (excluding high income),2012,233875199
ECA,Europe & Central Asia (excluding high income),2011,231988438
ECA,Europe & Central Asia (excluding high income),2010,230106440
ECA,Europe & Central Asia (excluding high income),2009,228250911
ECA,Europe & Central Asia (excluding high income),2008,226524480
ECA,Europe & Central Asia (excluding high income),2007,225016072
ECA,Europe & Central Asia (excluding high income),2006,224417513
ECA,Europe & Central Asia (excluding high income),2005,223360135
ECA,Europe & Central Asia (excluding high income),2004,222413290
ECA,Europe & Central Asia (excluding high income),2003,221399692
ECA,Europe & Central Asia (excluding high income),2002,220400259
ECA,Europe & Central Asia (excluding high income),2001,219435056
ECA,Europe & Central Asia (excluding high income),2000,218486598
ECA,Europe & Central Asia (excluding high income),1999,217579952
ECA,Europe & Central Asia (excluding high income),1998,217104725
ECA,Europe & Central Asia (excluding high income),1997,216672059
ECA,Europe & Central Asia (excluding high income),1996,216002100
ECA,Europe & Central Asia (excluding high income),1995,215114964
ECA,Europe & Central Asia (excluding high income),1994,214329901
ECA,Europe & Central Asia (excluding high income),1993,213395945
ECA,Europe & Central Asia (excluding high income),1992,212032319
ECA,Europe & Central Asia (excluding high income),1991,210169114
ECA,Europe & Central Asia (excluding high income),1990,208212866
TEC,Europe & Central Asia (IDA & IBRD countries),2020,462842288
TEC,Europe & Central Asia (IDA & IBRD countries),2019,461933206
TEC,Europe & Central Asia (IDA & IBRD countries),2018,459946883
TEC,Europe & Central Asia (IDA & IBRD countries),2017,458010325
TEC,Europe & Central Asia (IDA & IBRD countries),2016,455913002
TEC,Europe & Central Asia (IDA & IBRD countries),2015,453662073
TEC,Europe & Central Asia (IDA & IBRD countries),2014,451432428
TEC,Europe & Central Asia (IDA & IBRD countries),2013,449128604
TEC,Europe & Central Asia (IDA & IBRD countries),2012,446941101
TEC,Europe & Central Asia (IDA & IBRD countries),2011,444846366
TEC,Europe & Central Asia (IDA & IBRD countries),2010,442936599
TEC,Europe & Central Asia (IDA & IBRD countries),2009,441304973
TEC,Europe & Central Asia (IDA & IBRD countries),2008,439732746
TEC,Europe & Central Asia (IDA & IBRD countries),2007,438680283
TEC,Europe & Central Asia (IDA & IBRD countries),2006,438714358
TEC,Europe & Central Asia (IDA & IBRD countries),2005,438333196
TEC,Europe & Central Asia (IDA & IBRD countries),2004,438136036
TEC,Europe & Central Asia (IDA & IBRD countries),2003,437905932
TEC,Europe & Central Asia (IDA & IBRD countries),2002,437806951
TEC,Europe & Central Asia (IDA & IBRD countries),2001,438100368
TEC,Europe & Central Asia (IDA & IBRD countries),2000,438423541
TEC,Europe & Central Asia (IDA & IBRD countries),1999,438650260
TEC,Europe & Central Asia (IDA & IBRD countries),1998,438735255
TEC,Europe & Central Asia (IDA & IBRD countries),1997,438638046
TEC,Europe & Central Asia (IDA & IBRD countries),1996,438325526
TEC,Europe & Central Asia (IDA & IBRD countries),1995,437796116
TEC,Europe & Central Asia (IDA & IBRD countries),1994,437106291
TEC,Europe & Central Asia (IDA & IBRD countries),1993,436152186
TEC,Europe & Central Asia (IDA & IBRD countries),1992,434844449
TEC,Europe & Central Asia (IDA & IBRD countries),1991,433132067
TEC,Europe & Central Asia (IDA & IBRD countries),1990,430990546
EUU,European Union,2020,446870959
EUU,European Union,2019,446910453
EUU,European Union,2018,446058453
EUU,European Union,2017,445321060
EUU,European Union,2016,444676652
EUU,European Union,2015,443793218
EUU,European Union,2014,442920819
EUU,European Union,2013,442425741
EUU,European Union,2012,442069839
EUU,European Union,2011,441414078
EUU,European Union,2010,442088310
EUU,European Union,2009,441388573
EUU,European Union,2008,440270719
EUU,European Union,2007,438796003
EUU,European Union,2006,437263803
EUU,European Union,2005,435789139
EUU,European Union,2004,434193248
EUU,European Union,2003,432512916
EUU,European Union,2002,430924112
EUU,European Union,2001,429909307
EUU,European Union,2000,429339162
EUU,European Union,1999,428825949
EUU,European Union,1998,428120105
EUU,European Union,1997,427547651
EUU,European Union,1996,426905134
EUU,European Union,1995,426210050
EUU,European Union,1994,425404352
EUU,European Union,1993,424344744
EUU,European Union,1992,422968989
EUU,European Union,1991,421741276
EUU,European Union,1990,420525030
HPC,Heavily indebted poor countries (HIPC),2020,846861642
HPC,Heavily indebted poor countries (HIPC),2019,823805910
HPC,Heavily indebted poor countries (HIPC),2018,801220102
HPC,Heavily indebted poor countries (HIPC),2017,778657210
HPC,Heavily indebted poor countries (HIPC),2016,756237630
HPC,Heavily indebted poor countries (HIPC),2015,734837721
HPC,Heavily indebted poor countries (HIPC),2014,714234635
HPC,Heavily indebted poor countries (HIPC),2013,694136340
HPC,Heavily indebted poor countries (HIPC),2012,674950539
HPC,Heavily indebted poor countries (HIPC),2011,656367599
HPC,Heavily indebted poor countries (HIPC),2010,638389596
HPC,Heavily indebted poor countries (HIPC),2009,620916734
HPC,Heavily indebted poor countries (HIPC),2008,603575028
HPC,Heavily indebted poor countries (HIPC),2007,586992483
HPC,Heavily indebted poor countries (HIPC),2006,571013586
HPC,Heavily indebted poor countries (HIPC),2005,554927452
HPC,Heavily indebted poor countries (HIPC),2004,539388313
HPC,Heavily indebted poor countries (HIPC),2003,524375932
HPC,Heavily indebted poor countries (HIPC),2002,509293837
HPC,Heavily indebted poor countries (HIPC),2001,494824112
HPC,Heavily indebted poor countries (HIPC),2000,481628012
HPC,Heavily indebted poor countries (HIPC),1999,468742376
HPC,Heavily indebted poor countries (HIPC),1998,455629985
HPC,Heavily indebted poor countries (HIPC),1997,442909917
HPC,Heavily indebted poor countries (HIPC),1996,430720216
HPC,Heavily indebted poor countries (HIPC),1995,418529718
HPC,Heavily indebted poor countries (HIPC),1994,406616961
HPC,Heavily indebted poor countries (HIPC),1993,394532014
HPC,Heavily indebted poor countries (HIPC),1992,382206581
HPC,Heavily indebted poor countries (HIPC),1991,371118724
HPC,Heavily indebted poor countries (HIPC),1990,361373197
IBD,IBRD only,2020,4878296727
IBD,IBRD only,2019,4845075024
IBD,IBRD only,2018,4806981820
IBD,IBRD only,2017,4765773411
IBD,IBRD only,2016,4721566970
IBD,IBRD only,2015,4676773551
IBD,IBRD only,2014,4630607878
IBD,IBRD only,2013,4581958556
IBD,IBRD only,2012,4532100585
IBD,IBRD only,2011,4483152627
IBD,IBRD only,2010,4436714947
IBD,IBRD only,2009,4391389527
IBD,IBRD only,2008,4346234014
IBD,IBRD only,2007,4302067550
IBD,IBRD only,2006,4258827055
IBD,IBRD only,2005,4214082145
IBD,IBRD only,2004,4168676771
IBD,IBRD only,2003,4122775918
IBD,IBRD only,2002,4077229003
IBD,IBRD only,2001,4031080605
IBD,IBRD only,2000,3983328255
IBD,IBRD only,1999,3934521819
IBD,IBRD only,1998,3884078902
IBD,IBRD only,1997,3832391543
IBD,IBRD only,1996,3780446473
IBD,IBRD only,1995,3728290191
IBD,IBRD only,1994,3675872938
IBD,IBRD only,1993,3622924380
IBD,IBRD only,1992,3568890021
IBD,IBRD only,1991,3513390696
IBD,IBRD only,1990,3455533853
IBT,IDA & IBRD total,2020,6665588686
IBT,IDA & IBRD total,2019,6593373309
IBT,IDA & IBRD total,2018,6517257782
IBT,IDA & IBRD total,2017,6439279067
IBT,IDA & IBRD total,2016,6359496256
IBT,IDA & IBRD total,2015,6280370137
IBT,IDA & IBRD total,2014,6201072972
IBT,IDA & IBRD total,2013,6119970296
IBT,IDA & IBRD total,2012,6038511525
IBT,IDA & IBRD total,2011,5956303101
IBT,IDA & IBRD total,2010,5876238780
IBT,IDA & IBRD total,2009,5797573486
IBT,IDA & IBRD total,2008,5719633233
IBT,IDA & IBRD total,2007,5643066022
IBT,IDA & IBRD total,2006,5567795358
IBT,IDA & IBRD total,2005,5492049553
IBT,IDA & IBRD total,2004,5416713041
IBT,IDA & IBRD total,2003,5341441991
IBT,IDA & IBRD total,2002,5266759631
IBT,IDA & IBRD total,2001,5191975532
IBT,IDA & IBRD total,2000,5116367192
IBT,IDA & IBRD total,1999,5040311234
IBT,IDA & IBRD total,1998,4962944802
IBT,IDA & IBRD total,1997,4884445385
IBT,IDA & IBRD total,1996,4805912319
IBT,IDA & IBRD total,1995,4727266098
IBT,IDA & IBRD total,1994,4648924378
IBT,IDA & IBRD total,1993,4570457550
IBT,IDA & IBRD total,1992,4491023184
IBT,IDA & IBRD total,1991,4411294822
IBT,IDA & IBRD total,1990,4330405013
IDB,IDA blend,2020,626440308
IDB,IDA blend,2019,614017319
IDB,IDA blend,2018,601951913
IDB,IDA blend,2017,590024074
IDB,IDA blend,2016,578463670
IDB,IDA blend,2015,567234056
IDB,IDA blend,2014,555868551
IDB,IDA blend,2013,544442648
IDB,IDA blend,2012,532980174
IDB,IDA blend,2011,520984443
IDB,IDA blend,2010,508422508
IDB,IDA blend,2009,495610570
IDB,IDA blend,2008,482975881
IDB,IDA blend,2007,470476526
IDB,IDA blend,2006,458394453
IDB,IDA blend,2005,447132945
IDB,IDA blend,2004,436147454
IDB,IDA blend,2003,425311302
IDB,IDA blend,2002,414935066
IDB,IDA blend,2001,404662385
IDB,IDA blend,2000,394129957
IDB,IDA blend,1999,384018319
IDB,IDA blend,1998,374262946
IDB,IDA blend,1997,364489851
IDB,IDA blend,1996,354861820
IDB,IDA blend,1995,345327214
IDB,IDA blend,1994,336096421
IDB,IDA blend,1993,327140314
IDB,IDA blend,1992,318337815
IDB,IDA blend,1991,309491517
IDB,IDA blend,1990,300366368
IDX,IDA only,2020,1160851651
IDX,IDA only,2019,1134280966
IDX,IDA only,2018,1108324049
IDX,IDA only,2017,1083481582
IDX,IDA only,2016,1059465616
IDX,IDA only,2015,1036362530
IDX,IDA only,2014,1014596543
IDX,IDA only,2013,993569092
IDX,IDA only,2012,973430766
IDX,IDA only,2011,952166031
IDX,IDA only,2010,931101325
IDX,IDA only,2009,910573389
IDX,IDA only,2008,890423338
IDX,IDA only,2007,870521946
IDX,IDA only,2006,850573850
IDX,IDA only,2005,830834463
IDX,IDA only,2004,811888816
IDX,IDA only,2003,793354771
IDX,IDA only,2002,774595562
IDX,IDA only,2001,756232542
IDX,IDA only,2000,738908980
IDX,IDA only,1999,721771096
IDX,IDA only,1998,704602954
IDX,IDA only,1997,687563991
IDX,IDA only,1996,670604026
IDX,IDA only,1995,653648693
IDX,IDA only,1994,636955019
IDX,IDA only,1993,620392856
IDX,IDA only,1992,603795348
IDX,IDA only,1991,588412609
IDX,IDA only,1990,574504792
IDA,IDA total,2020,1787291959
IDA,IDA total,2019,1748298285
IDA,IDA total,2018,1710275962
IDA,IDA total,2017,1673505656
IDA,IDA total,2016,1637929286
IDA,IDA total,2015,1603596586
IDA,IDA total,2014,1570465094
IDA,IDA total,2013,1538011740
IDA,IDA total,2012,1506410940
IDA,IDA total,2011,1473150474
IDA,IDA total,2010,1439523833
IDA,IDA total,2009,1406183959
IDA,IDA total,2008,1373399219
IDA,IDA total,2007,1340998472
IDA,IDA total,2006,1308968303
IDA,IDA total,2005,1277967408
IDA,IDA total,2004,1248036270
IDA,IDA total,2003,1218666073
IDA,IDA total,2002,1189530628
IDA,IDA total,2001,1160894927
IDA,IDA total,2000,1133038937
IDA,IDA total,1999,1105789415
IDA,IDA total,1998,1078865900
IDA,IDA total,1997,1052053842
IDA,IDA total,1996,1025465846
IDA,IDA total,1995,998975907
IDA,IDA total,1994,973051440
IDA,IDA total,1993,947533170
IDA,IDA total,1992,922133163
IDA,IDA total,1991,897904126
IDA,IDA total,1990,874871160
LTE,Late-demographic dividend,2020,2316152452
LTE,Late-demographic dividend,2019,2308878047
LTE,Late-demographic dividend,2018,2298394042
LTE,Late-demographic dividend,2017,2285870134
LTE,Late-demographic dividend,2016,2270841806
LTE,Late-demographic dividend,2015,2256126712
LTE,Late-demographic dividend,2014,2241122152
LTE,Late-demographic dividend,2013,2225005187
LTE,Late-demographic dividend,2012,2209319631
LTE,Late-demographic dividend,2011,2193171336
LTE,Late-demographic dividend,2010,2179525352
LTE,Late-demographic dividend,2009,2167303374
LTE,Late-demographic dividend,2008,2153941306
LTE,Late-demographic dividend,2007,2139958608
LTE,Late-demographic dividend,2006,2126122277
LTE,Late-demographic dividend,2005,2112603351
LTE,Late-demographic dividend,2004,2099412663
LTE,Late-demographic dividend,2003,2086139068
LTE,Late-demographic dividend,2002,2072599555
LTE,Late-demographic dividend,2001,2058600486
LTE,Late-demographic dividend,2000,2043581322
LTE,Late-demographic dividend,1999,2027628907
LTE,Late-demographic dividend,1998,2010169496
LTE,Late-demographic dividend,1997,1991505992
LTE,Late-demographic dividend,1996,1972254664
LTE,Late-demographic dividend,1995,1952702058
LTE,Late-demographic dividend,1994,1932650915
LTE,Late-demographic dividend,1993,1912010271
LTE,Late-demographic dividend,1992,1890820460
LTE,Late-demographic dividend,1991,1868272190
LTE,Late-demographic dividend,1990,1844718134
LCN,Latin America & Caribbean,2020,645498187
LCN,Latin America & Caribbean,2019,640962372
LCN,Latin America & Caribbean,2018,635778081
LCN,Latin America & Caribbean,2017,630414986
LCN,Latin America & Caribbean,2016,624737786
LCN,Latin America & Caribbean,2015,618868462
LCN,Latin America & Caribbean,2014,612849401
LCN,Latin America & Caribbean,2013,606683307
LCN,Latin America & Caribbean,2012,600420316
LCN,Latin America & Caribbean,2011,594086829
LCN,Latin America & Caribbean,2010,587752505
LCN,Latin America & Caribbean,2009,581388129
LCN,Latin America & Caribbean,2008,574908733
LCN,Latin America & Caribbean,2007,568345245
LCN,Latin America & Caribbean,2006,561751999
LCN,Latin America & Caribbean,2005,555120780
LCN,Latin America & Caribbean,2004,548455563
LCN,Latin America & Caribbean,2003,541643365
LCN,Latin America & Caribbean,2002,534691591
LCN,Latin America & Caribbean,2001,527572583
LCN,Latin America & Caribbean,2000,520272118
LCN,Latin America & Caribbean,1999,512730984
LCN,Latin America & Caribbean,1998,504952583
LCN,Latin America & Caribbean,1997,497097004
LCN,Latin America & Caribbean,1996,489235073
LCN,Latin America & Caribbean,1995,481309028
LCN,Latin America & Caribbean,1994,473328616
LCN,Latin America & Caribbean,1993,465325731
LCN,Latin America & Caribbean,1992,457245250
LCN,Latin America & Caribbean,1991,449128999
LCN,Latin America & Caribbean,1990,440958144
LAC,Latin America & Caribbean (excluding high income),2020,606535582
LAC,Latin America & Caribbean (excluding high income),2019,602249777
LAC,Latin America & Caribbean (excluding high income),2018,597518751
LAC,Latin America & Caribbean (excluding high income),2017,592522502
LAC,Latin America & Caribbean (excluding high income),2016,587206002
LAC,Latin America & Caribbean (excluding high income),2015,581649117
LAC,Latin America & Caribbean (excluding high income),2014,575915671
LAC,Latin America & Caribbean (excluding high income),2013,570030910
LAC,Latin America & Caribbean (excluding high income),2012,564057086
LAC,Latin America & Caribbean (excluding high income),2011,558007918
LAC,Latin America & Caribbean (excluding high income),2010,551960581
LAC,Latin America & Caribbean (excluding high income),2009,545898245
LAC,Latin America & Caribbean (excluding high income),2008,539713061
LAC,Latin America & Caribbean (excluding high income),2007,533442703
LAC,Latin America & Caribbean (excluding high income),2006,527135313
LAC,Latin America & Caribbean (excluding high income),2005,520792375
LAC,Latin America & Caribbean (excluding high income),2004,514373324
LAC,Latin America & Caribbean (excluding high income),2003,507870430
LAC,Latin America & Caribbean (excluding high income),2002,501234679
LAC,Latin America & Caribbean (excluding high income),2001,494443065
LAC,Latin America & Caribbean (excluding high income),2000,487480396
LAC,Latin America & Caribbean (excluding high income),1999,480290143
LAC,Latin America & Caribbean (excluding high income),1998,472884494
LAC,Latin America & Caribbean (excluding high income),1997,465414409
LAC,Latin America & Caribbean (excluding high income),1996,457961655
LAC,Latin America & Caribbean (excluding high income),1995,450462160
LAC,Latin America & Caribbean (excluding high income),1994,442904735
LAC,Latin America & Caribbean (excluding high income),1993,435329971
LAC,Latin America & Caribbean (excluding high income),1992,427679842
LAC,Latin America & Caribbean (excluding high income),1991,419987984
LAC,Latin America & Caribbean (excluding high income),1990,412240357
TLA,Latin America & the Caribbean (IDA & IBRD countries),2020,630051021
TLA,Latin America & the Caribbean (IDA & IBRD countries),2019,625467307
TLA,Latin America & the Caribbean (IDA & IBRD countries),2018,620274430
TLA,Latin America & the Caribbean (IDA & IBRD countries),2017,614776664
TLA,Latin America & the Caribbean (IDA & IBRD countries),2016,609017063
TLA,Latin America & the Caribbean (IDA & IBRD countries),2015,603091701
TLA,Latin America & the Caribbean (IDA & IBRD countries),2014,597023419
TLA,Latin America & the Caribbean (IDA & IBRD countries),2013,590809938
TLA,Latin America & the Caribbean (IDA & IBRD countries),2012,584524334
TLA,Latin America & the Caribbean (IDA & IBRD countries),2011,578171855
TLA,Latin America & the Caribbean (IDA & IBRD countries),2010,571822092
TLA,Latin America & the Caribbean (IDA & IBRD countries),2009,565454932
TLA,Latin America & the Caribbean (IDA & IBRD countries),2008,558968822
TLA,Latin America & the Caribbean (IDA & IBRD countries),2007,552399650
TLA,Latin America & the Caribbean (IDA & IBRD countries),2006,545805913
TLA,Latin America & the Caribbean (IDA & IBRD countries),2005,539188798
TLA,Latin America & the Caribbean (IDA & IBRD countries),2004,532556401
TLA,Latin America & the Caribbean (IDA & IBRD countries),2003,525787222
TLA,Latin America & the Caribbean (IDA & IBRD countries),2002,518881965
TLA,Latin America & the Caribbean (IDA & IBRD countries),2001,511809816
TLA,Latin America & the Caribbean (IDA & IBRD countries),2000,504556065
TLA,Latin America & the Caribbean (IDA & IBRD countries),1999,497065139
TLA,Latin America & the Caribbean (IDA & IBRD countries),1998,489346270
TLA,Latin America & the Caribbean (IDA & IBRD countries),1997,481555614
TLA,Latin America & the Caribbean (IDA & IBRD countries),1996,473775482
TLA,Latin America & the Caribbean (IDA & IBRD countries),1995,465939463
TLA,Latin America & the Caribbean (IDA & IBRD countries),1994,458042874
TLA,Latin America & the Caribbean (IDA & IBRD countries),1993,450131381
TLA,Latin America & the Caribbean (IDA & IBRD countries),1992,442150885
TLA,Latin America & the Caribbean (IDA & IBRD countries),1991,434138780
TLA,Latin America & the Caribbean (IDA & IBRD countries),1990,426091608
LDC,Least developed countries: UN classification,2020,1082754466
LDC,Least developed countries: UN classification,2019,1057170371
LDC,Least developed countries: UN classification,2018,1032309742
LDC,Least developed countries: UN classification,2017,1008260714
LDC,Least developed countries: UN classification,2016,984757534
LDC,Least developed countries: UN classification,2015,961916563
LDC,Least developed countries: UN classification,2014,939749332
LDC,Least developed countries: UN classification,2013,917783039
LDC,Least developed countries: UN classification,2012,896237933
LDC,Least developed countries: UN classification,2011,875269186
LDC,Least developed countries: UN classification,2010,854941316
LDC,Least developed countries: UN classification,2009,835266189
LDC,Least developed countries: UN classification,2008,815835455
LDC,Least developed countries: UN classification,2007,797076099
LDC,Least developed countries: UN classification,2006,778789026
LDC,Least developed countries: UN classification,2005,760310134
LDC,Least developed countries: UN classification,2004,742302769
LDC,Least developed countries: UN classification,2003,724713713
LDC,Least developed countries: UN classification,2002,706880665
LDC,Least developed countries: UN classification,2001,689505567
LDC,Least developed countries: UN classification,2000,673273787
LDC,Least developed countries: UN classification,1999,657282408
LDC,Least developed countries: UN classification,1998,641091745
LDC,Least developed countries: UN classification,1997,624981579
LDC,Least developed countries: UN classification,1996,609120975
LDC,Least developed countries: UN classification,1995,593309261
LDC,Least developed countries: UN classification,1994,577710180
LDC,Least developed countries: UN classification,1993,562170402
LDC,Least developed countries: UN classification,1992,546604195
LDC,Least developed countries: UN classification,1991,532302593
LDC,Least developed countries: UN classification,1990,519409097
LMY,Low & middle income,2020,6460393883
LMY,Low & middle income,2019,6387395177
LMY,Low & middle income,2018,6311329885
LMY,Low & middle income,2017,6233470764
LMY,Low & middle income,2016,6153938165
LMY,Low & middle income,2015,6075072158
LMY,Low & middle income,2014,5996036961
LMY,Low & middle income,2013,5915255859
LMY,Low & middle income,2012,5834053766
LMY,Low & middle income,2011,5752146479
LMY,Low & middle income,2010,5672202320
LMY,Low & middle income,2009,5593414145
LMY,Low & middle income,2008,5515409827
LMY,Low & middle income,2007,5438471388
LMY,Low & middle income,2006,5362644527
LMY,Low & middle income,2005,5286284172
LMY,Low & middle income,2004,5210186432
LMY,Low & middle income,2003,5134151809
LMY,Low & middle income,2002,5058611691
LMY,Low & middle income,2001,4982645927
LMY,Low & middle income,2000,4905832166
LMY,Low & middle income,1999,4828702462
LMY,Low & middle income,1998,4750833060
LMY,Low & middle income,1997,4672049917
LMY,Low & middle income,1996,4593154555
LMY,Low & middle income,1995,4514148949
LMY,Low & middle income,1994,4435669010
LMY,Low & middle income,1993,4357137200
LMY,Low & middle income,1992,4277557740
LMY,Low & middle income,1991,4197582653
LMY,Low & middle income,1990,4116772079
MEA,"Middle East, North Africa, Afghanistan & Pakistan",2020,756405281
MEA,"Middle East, North Africa, Afghanistan & Pakistan",2019,742714463
MEA,"Middle East, North Africa, Afghanistan & Pakistan",2018,730362334
MEA,"Middle East, North Africa, Afghanistan & Pakistan",2017,718887744
MEA,"Middle East, North Africa, Afghanistan & Pakistan",2016,707023525
MEA,"Middle East, North Africa, Afghanistan & Pakistan",2015,694232973
MEA,"Middle East, North Africa, Afghanistan & Pakistan",2014,680716578
MEA,"Middle East, North Africa, Afghanistan & Pakistan",2013,667464006
MEA,"Middle East, North Africa, Afghanistan & Pakistan",2012,653273442
MEA,"Middle East, North Africa, Afghanistan & Pakistan",2011,639053870
MEA,"Middle East, North Africa, Afghanistan & Pakistan",2010,624828664
MEA,"Middle East, North Africa, Afghanistan & Pakistan",2009,612128501
MEA,"Middle East, North Africa, Afghanistan & Pakistan",2008,597799097
MEA,"Middle East, North Africa, Afghanistan & Pakistan",2007,583743828
MEA,"Middle East, North Africa, Afghanistan & Pakistan",2006,569898499
MEA,"Middle East, North Africa, Afghanistan & Pakistan",2005,556210211
MEA,"Middle East, North Africa, Afghanistan & Pakistan",2004,543086512
MEA,"Middle East, North Africa, Afghanistan & Pakistan",2003,530338988
MEA,"Middle East, North Africa, Afghanistan & Pakistan",2002,518193093
MEA,"Middle East, North Africa, Afghanistan & Pakistan",2001,506478256
MEA,"Middle East, North Africa, Afghanistan & Pakistan",2000,494850317
MEA,"Middle East, North Africa, Afghanistan & Pakistan",1999,483430509
MEA,"Middle East, North Africa, Afghanistan & Pakistan",1998,472047033
MEA,"Middle East, North Africa, Afghanistan & Pakistan",1997,460864078
MEA,"Middle East, North Africa, Afghanistan & Pakistan",1996,449859387
MEA,"Middle East, North Africa, Afghanistan & Pakistan",1995,438968860
MEA,"Middle East, North Africa, Afghanistan & Pakistan",1994,428117445
MEA,"Middle East, North Africa, Afghanistan & Pakistan",1993,417150344
MEA,"Middle East, North Africa, Afghanistan & Pakistan",1992,405847278
MEA,"Middle East, North Africa, Afghanistan & Pakistan",1991,394251647
MEA,"Middle East, North Africa, Afghanistan & Pakistan",1990,383279026
MNA,"Middle East, North Africa, Afghanistan & Pakistan (excluding high income)",2020,692532027
MNA,"Middle East, North Africa, Afghanistan & Pakistan (excluding high income)",2019,680490997
MNA,"Middle East, North Africa, Afghanistan & Pakistan (excluding high income)",2018,668447432
MNA,"Middle East, North Africa, Afghanistan & Pakistan (excluding high income)",2017,656767614
MNA,"Middle East, North Africa, Afghanistan & Pakistan (excluding high income)",2016,645837915
MNA,"Middle East, North Africa, Afghanistan & Pakistan (excluding high income)",2015,635352686
MNA,"Middle East, North Africa, Afghanistan & Pakistan (excluding high income)",2014,624564062
MNA,"Middle East, North Africa, Afghanistan & Pakistan (excluding high income)",2013,613151287
MNA,"Middle East, North Africa, Afghanistan & Pakistan (excluding high income)",2012,601566988
MNA,"Middle East, North Africa, Afghanistan & Pakistan (excluding high income)",2011,589646039
MNA,"Middle East, North Africa, Afghanistan & Pakistan (excluding high income)",2010,577396038
MNA,"Middle East, North Africa, Afghanistan & Pakistan (excluding high income)",2009,565038251
MNA,"Middle East, North Africa, Afghanistan & Pakistan (excluding high income)",2008,552681993
MNA,"Middle East, North Africa, Afghanistan & Pakistan (excluding high income)",2007,540838105
MNA,"Middle East, North Africa, Afghanistan & Pakistan (excluding high income)",2006,529158464
MNA,"Middle East, North Africa, Afghanistan & Pakistan (excluding high income)",2005,517240777
MNA,"Middle East, North Africa, Afghanistan & Pakistan (excluding high income)",2004,505618583
MNA,"Middle East, North Africa, Afghanistan & Pakistan (excluding high income)",2003,494288606
MNA,"Middle East, North Africa, Afghanistan & Pakistan (excluding high income)",2002,483540516
MNA,"Middle East, North Africa, Afghanistan & Pakistan (excluding high income)",2001,473223662
MNA,"Middle East, North Africa, Afghanistan & Pakistan (excluding high income)",2000,462980522
MNA,"Middle East, North Africa, Afghanistan & Pakistan (excluding high income)",1999,452793419
MNA,"Middle East, North Africa, Afghanistan & Pakistan (excluding high income)",1998,442475967
MNA,"Middle East, North Africa, Afghanistan & Pakistan (excluding high income)",1997,432334916
MNA,"Middle East, North Africa, Afghanistan & Pakistan (excluding high income)",1996,422368926
MNA,"Middle East, North Africa, Afghanistan & Pakistan (excluding high income)",1995,412447289
MNA,"Middle East, North Africa, Afghanistan & Pakistan (excluding high income)",1994,402475400
MNA,"Middle East, North Africa, Afghanistan & Pakistan (excluding high income)",1993,392371485
MNA,"Middle East, North Africa, Afghanistan & Pakistan (excluding high income)",1992,381995940
MNA,"Middle East, North Africa, Afghanistan & Pakistan (excluding high income)",1991,371610655
MNA,"Middle East, North Africa, Afghanistan & Pakistan (excluding high income)",1990,361322200
TMN,"Middle East, North Africa, Afghanistan & Pakistan (IDA & IBRD)",2020,687728758
TMN,"Middle East, North Africa, Afghanistan & Pakistan (IDA & IBRD)",2019,675805691
TMN,"Middle East, North Africa, Afghanistan & Pakistan (IDA & IBRD)",2018,663878345
TMN,"Middle East, North Africa, Afghanistan & Pakistan (IDA & IBRD)",2017,652312809
TMN,"Middle East, North Africa, Afghanistan & Pakistan (IDA & IBRD)",2016,641470827
TMN,"Middle East, North Africa, Afghanistan & Pakistan (IDA & IBRD)",2015,631082594
TMN,"Middle East, North Africa, Afghanistan & Pakistan (IDA & IBRD)",2014,620390664
TMN,"Middle East, North Africa, Afghanistan & Pakistan (IDA & IBRD)",2013,609074579
TMN,"Middle East, North Africa, Afghanistan & Pakistan (IDA & IBRD)",2012,597586990
TMN,"Middle East, North Africa, Afghanistan & Pakistan (IDA & IBRD)",2011,585763053
TMN,"Middle East, North Africa, Afghanistan & Pakistan (IDA & IBRD)",2010,573609877
TMN,"Middle East, North Africa, Afghanistan & Pakistan (IDA & IBRD)",2009,561349152
TMN,"Middle East, North Africa, Afghanistan & Pakistan (IDA & IBRD)",2008,549090016
TMN,"Middle East, North Africa, Afghanistan & Pakistan (IDA & IBRD)",2007,537343609
TMN,"Middle East, North Africa, Afghanistan & Pakistan (IDA & IBRD)",2006,525752130
TMN,"Middle East, North Africa, Afghanistan & Pakistan (IDA & IBRD)",2005,513920381
TMN,"Middle East, North Africa, Afghanistan & Pakistan (IDA & IBRD)",2004,502381957
TMN,"Middle East, North Africa, Afghanistan & Pakistan (IDA & IBRD)",2003,491133637
TMN,"Middle East, North Africa, Afghanistan & Pakistan (IDA & IBRD)",2002,480465143
TMN,"Middle East, North Africa, Afghanistan & Pakistan (IDA & IBRD)",2001,470225878
TMN,"Middle East, North Africa, Afghanistan & Pakistan (IDA & IBRD)",2000,460058369
TMN,"Middle East, North Africa, Afghanistan & Pakistan (IDA & IBRD)",1999,449944988
TMN,"Middle East, North Africa, Afghanistan & Pakistan (IDA & IBRD)",1998,439699399
TMN,"Middle East, North Africa, Afghanistan & Pakistan (IDA & IBRD)",1997,429628398
TMN,"Middle East, North Africa, Afghanistan & Pakistan (IDA & IBRD)",1996,419780929
TMN,"Middle East, North Africa, Afghanistan & Pakistan (IDA & IBRD)",1995,409972623
TMN,"Middle East, North Africa, Afghanistan & Pakistan (IDA & IBRD)",1994,400109102
TMN,"Middle East, North Africa, Afghanistan & Pakistan (IDA & IBRD)",1993,390108809
TMN,"Middle East, North Africa, Afghanistan & Pakistan (IDA & IBRD)",1992,379832349
TMN,"Middle East, North Africa, Afghanistan & Pakistan (IDA & IBRD)",1991,369541810
TMN,"Middle East, North Africa, Afghanistan & Pakistan (IDA & IBRD)",1990,359343952
MIC,Middle income,2020,5789502859
MIC,Middle income,2019,5735139879
MIC,Middle income,2018,5677402468
MIC,Middle income,2017,5616970904
MIC,Middle income,2016,5553928978
MIC,Middle income,2015,5490559951
MIC,Middle income,2014,5425923034
MIC,Middle income,2013,5359014668
MIC,Middle income,2012,5291702846
MIC,Middle income,2011,5224254229
MIC,Middle income,2010,5158880800
MIC,Middle income,2009,5094380988
MIC,Middle income,2008,5030372259
MIC,Middle income,2007,4967108168
MIC,Middle income,2006,4904910704
MIC,Middle income,2005,4841973136
MIC,Middle income,2004,4778500089
MIC,Middle income,2003,4714626871
MIC,Middle income,2002,4651354120
MIC,Middle income,2001,4587166020
MIC,Middle income,2000,4520892472
MIC,Middle income,1999,4454002200
MIC,Middle income,1998,4386612062
MIC,Middle income,1997,4317953411
MIC,Middle income,1996,4248932284
MIC,Middle income,1995,4179853300
MIC,Middle income,1994,4110771898
MIC,Middle income,1993,4041747514
MIC,Middle income,1992,3972120504
MIC,Middle income,1991,3901045292
MIC,Middle income,1990,3827822600
NAC,North America,2020,369671124
NAC,North America,2019,367908829
NAC,North America,2018,365666028
NAC,North America,2017,363217262
NAC,North America,2016,360527592
NAC,North America,2015,357583083
NAC,North America,2014,354755155
NAC,North America,2013,351870848
NAC,North America,2012,349116140
NAC,North America,2011,346242415
NAC,North America,2010,343447854
NAC,North America,2009,340465163
NAC,North America,2008,337404564
NAC,North America,2007,334183103
NAC,North America,2006,331013939
NAC,North America,2005,327822042
NAC,North America,2004,324806660
NAC,North America,2003,321812780
NAC,North America,2002,319046534
NAC,North America,2001,316051677
NAC,North America,2000,312909691
NAC,North America,1999,309502410
NAC,North America,1998,306069812
NAC,North America,1997,302623125
NAC,North America,1996,299064031
NAC,North America,1995,295639837
NAC,North America,1994,292185857
NAC,North America,1993,288662580
NAC,North America,1992,284943671
NAC,North America,1991,281076404
NAC,North America,1990,277371697
OED,OECD members,2020,1369306579
OED,OECD members,2019,1364143219
OED,OECD members,2018,1356197538
OED,OECD members,2017,1348125258
OED,OECD members,2016,1340141055
OED,OECD members,2015,1331674197
OED,OECD members,2014,1323458714
OED,OECD members,2013,1315426979
OED,OECD members,2012,1307733583
OED,OECD members,2011,1299644689
OED,OECD members,2010,1292701737
OED,OECD members,2009,1283973216
OED,OECD members,2008,1274711058
OED,OECD members,2007,1264728255
OED,OECD members,2006,1255746646
OED,OECD members,2005,1246656490
OED,OECD members,2004,1237896576
OED,OECD members,2003,1229012217
OED,OECD members,2002,1220101353
OED,OECD members,2001,1211109104
OED,OECD members,2000,1202226474
OED,OECD members,1999,1193682861
OED,OECD members,1998,1184928348
OED,OECD members,1997,1176191803
OED,OECD members,1996,1167149370
OED,OECD members,1995,1158068699
OED,OECD members,1994,1148779736
OED,OECD members,1993,1139203498
OED,OECD members,1992,1129039882
OED,OECD members,1991,1118410105
OED,OECD members,1990,1107695519
OSS,Other small states,2020,12417333
OSS,Other small states,2019,12281907
OSS,Other small states,2018,12135267
OSS,Other small states,2017,11989367
OSS,Other small states,2016,11851918
OSS,Other small states,2015,11722398
OSS,Other small states,2014,11591200
OSS,Other small states,2013,11466589
OSS,Other small states,2012,11346082
OSS,Other small states,2011,11226214
OSS,Other small states,2010,11112466
OSS,Other small states,2009,10989567
OSS,Other small states,2008,10862640
OSS,Other small states,2007,10730365
OSS,Other small states,2006,10601352
OSS,Other small states,2005,10479844
OSS,Other small states,2004,10371059
OSS,Other small states,2003,10269557
OSS,Other small states,2002,10136134
OSS,Other small states,2001,9961679
OSS,Other small states,2000,9788238
OSS,Other small states,1999,9758520
OSS,Other small states,1998,9746302
OSS,Other small states,1997,9618823
OSS,Other small states,1996,9493131
OSS,Other small states,1995,9389918
OSS,Other small states,1994,9328189
OSS,Other small states,1993,9249106
OSS,Other small states,1992,9201490
OSS,Other small states,1991,9131087
OSS,Other small states,1990,8949306
PSS,Pacific island small states,2020,2595522
PSS,Pacific island small states,2019,2568656
PSS,Pacific island small states,2018,2542009
PSS,Pacific island small states,2017,2509999
PSS,Pacific island small states,2016,2477794
PSS,Pacific island small states,2015,2445989
PSS,Pacific island small states,2014,2414338
PSS,Pacific island small states,2013,2382931
PSS,Pacific island small states,2012,2351924
PSS,Pacific island small states,2011,2320899
PSS,Pacific island small states,2010,2289399
PSS,Pacific island small states,2009,2262456
PSS,Pacific island small states,2008,2240739
PSS,Pacific island small states,2007,2218230
PSS,Pacific island small states,2006,2194265
PSS,Pacific island small states,2005,2170029
PSS,Pacific island small states,2004,2145505
PSS,Pacific island small states,2003,2120592
PSS,Pacific island small states,2002,2095273
PSS,Pacific island small states,2001,2069097
PSS,Pacific island small states,2000,2042274
PSS,Pacific island small states,1999,2014289
PSS,Pacific island small states,1998,1984859
PSS,Pacific island small states,1997,1954642
PSS,Pacific island small states,1996,1926342
PSS,Pacific island small states,1995,1901782
PSS,Pacific island small states,1994,1878007
PSS,Pacific island small states,1993,1853148
PSS,Pacific island small states,1992,1827395
PSS,Pacific island small states,1991,1801531
PSS,Pacific island small states,1990,1775607
PST,Post-demographic dividend,2020,1117003860
PST,Post-demographic dividend,2019,1114895817
PST,Post-demographic dividend,2018,1111104033
PST,Post-demographic dividend,2017,1107159559
PST,Post-demographic dividend,2016,1102965925
PST,Post-demographic dividend,2015,1097889139
PST,Post-demographic dividend,2014,1093024476
PST,Post-demographic dividend,2013,1088423167
PST,Post-demographic dividend,2012,1084193277
PST,Post-demographic dividend,2011,1079468050
PST,Post-demographic dividend,2010,1076208648
PST,Post-demographic dividend,2009,1071118156
PST,Post-demographic dividend,2008,1065603711
PST,Post-demographic dividend,2007,1059147302
PST,Post-demographic dividend,2006,1052866351
PST,Post-demographic dividend,2005,1047140108
PST,Post-demographic dividend,2004,1041890752
PST,Post-demographic dividend,2003,1036498631
PST,Post-demographic dividend,2002,1031302538
PST,Post-demographic dividend,2001,1026105872
PST,Post-demographic dividend,2000,1021150563
PST,Post-demographic dividend,1999,1015990094
PST,Post-demographic dividend,1998,1011086034
PST,Post-demographic dividend,1997,1006102041
PST,Post-demographic dividend,1996,1000836719
PST,Post-demographic dividend,1995,995338472
PST,Post-demographic dividend,1994,990028770
PST,Post-demographic dividend,1993,984398082
PST,Post-demographic dividend,1992,978087877
PST,Post-demographic dividend,1991,971291914
PST,Post-demographic dividend,1990,964371624
PRE,Pre-demographic dividend,2020,997742595
PRE,Pre-demographic dividend,2019,971459360
PRE,Pre-demographic dividend,2018,945516605
PRE,Pre-demographic dividend,2017,919835947
PRE,Pre-demographic dividend,2016,894582467
PRE,Pre-demographic dividend,2015,869996107
PRE,Pre-demographic dividend,2014,845885930
PRE,Pre-demographic dividend,2013,821651825
PRE,Pre-demographic dividend,2012,797555707
PRE,Pre-demographic dividend,2011,774151525
PRE,Pre-demographic dividend,2010,751639870
PRE,Pre-demographic dividend,2009,729873044
PRE,Pre-demographic dividend,2008,708363596
PRE,Pre-demographic dividend,2007,688282695
PRE,Pre-demographic dividend,2006,669788208
PRE,Pre-demographic dividend,2005,650889143
PRE,Pre-demographic dividend,2004,632030219
PRE,Pre-demographic dividend,2003,613871091
PRE,Pre-demographic dividend,2002,595728391
PRE,Pre-demographic dividend,2001,578214152
PRE,Pre-demographic dividend,2000,562071710
PRE,Pre-demographic dividend,1999,546555560
PRE,Pre-demographic dividend,1998,531140936
PRE,Pre-demographic dividend,1997,516443569
PRE,Pre-demographic dividend,1996,503086910
PRE,Pre-demographic dividend,1995,489818238
PRE,Pre-demographic dividend,1994,474703936
PRE,Pre-demographic dividend,1993,459209732
PRE,Pre-demographic dividend,1992,445110952
PRE,Pre-demographic dividend,1991,432818968
PRE,Pre-demographic dividend,1990,422186377
SST,Small states,2020,19472157
SST,Small states,2019,19293697
SST,Small states,2018,19084934
SST,Small states,2017,18865506
SST,Small states,2016,18671045
SST,Small states,2015,18482578
SST,Small states,2014,18292084
SST,Small states,2013,18107202
SST,Small states,2012,17926451
SST,Small states,2011,17748220
SST,Small states,2010,17575200
SST,Small states,2009,17398922
SST,Small states,2008,17228345
SST,Small states,2007,17047450
SST,Small states,2006,16868546
SST,Small states,2005,16699341
SST,Small states,2004,16597133
SST,Small states,2003,16441139
SST,Small states,2002,16250203
SST,Small states,2001,16017863
SST,Small states,2000,15786741
SST,Small states,1999,15698038
SST,Small states,1998,15624755
SST,Small states,1997,15435138
SST,Small states,1996,15248657
SST,Small states,1995,15087617
SST,Small states,1994,14970002
SST,Small states,1993,14837410
SST,Small states,1992,14735408
SST,Small states,1991,14610383
SST,Small states,1990,14379862
SAS,South Asia,2020,1621073417
SAS,South Asia,2019,1605412986
SAS,South Asia,2018,1589164714
SAS,South Asia,2017,1572520427
SAS,South Asia,2016,1555111864
SAS,South Asia,2015,1537370078
SAS,South Asia,2014,1519839246
SAS,South Asia,2013,1501661991
SAS,South Asia,2012,1483553073
SAS,South Asia,2011,1464372623
SAS,South Asia,2010,1444967010
SAS,South Asia,2009,1425370200
SAS,South Asia,2008,1406047164
SAS,South Asia,2007,1386949456
SAS,South Asia,2006,1367187349
SAS,South Asia,2005,1346886384
SAS,South Asia,2004,1325950587
SAS,South Asia,2003,1304347790
SAS,South Asia,2002,1282584796
SAS,South Asia,2001,1260149056
SAS,South Asia,2000,1237185482
SAS,South Asia,1999,1214263809
SAS,South Asia,1998,1191405930
SAS,South Asia,1997,1168625898
SAS,South Asia,1996,1145998648
SAS,South Asia,1995,1123515559
SAS,South Asia,1994,1101305517
SAS,South Asia,1993,1079256381
SAS,South Asia,1992,1057074570
SAS,South Asia,1991,1035058149
SAS,South Asia,1990,1013297018
TSA,South Asia (IDA & IBRD),2020,1621073417
TSA,South Asia (IDA & IBRD),2019,1605412986
TSA,South Asia (IDA & IBRD),2018,1589164714
TSA,South Asia (IDA & IBRD),2017,1572520427
TSA,South Asia (IDA & IBRD),2016,1555111864
TSA,South Asia (IDA & IBRD),2015,1537370078
TSA,South Asia (IDA & IBRD),2014,1519839246
TSA,South Asia (IDA & IBRD),2013,1501661991
TSA,South Asia (IDA & IBRD),2012,1483553073
TSA,South Asia (IDA & IBRD),2011,1464372623
TSA,South Asia (IDA & IBRD),2010,1444967010
TSA,South Asia (IDA & IBRD),2009,1425370200
TSA,South Asia (IDA & IBRD),2008,1406047164
TSA,South Asia (IDA & IBRD),2007,1386949456
TSA,South Asia (IDA & IBRD),2006,1367187349
TSA,South Asia (IDA & IBRD),2005,1346886384
TSA,South Asia (IDA & IBRD),2004,1325950587
TSA,South Asia (IDA & IBRD),2003,1304347790
TSA,South Asia (IDA & IBRD),2002,1282584796
TSA,South Asia (IDA & IBRD),2001,1260149056
TSA,South Asia (IDA & IBRD),2000,1237185482
TSA,South Asia (IDA & IBRD),1999,1214263809
TSA,South Asia (IDA & IBRD),1998,1191405930
TSA,South Asia (IDA & IBRD),1997,1168625898
TSA,South Asia (IDA & IBRD),1996,1145998648
TSA,South Asia (IDA & IBRD),1995,1123515559
TSA,South Asia (IDA & IBRD),1994,1101305517
TSA,South Asia (IDA & IBRD),1993,1079256381
TSA,South Asia (IDA & IBRD),1992,1057074570
TSA,South Asia (IDA & IBRD),1991,1035058149
TSA,South Asia (IDA & IBRD),1990,1013297018
SSF,Sub-Saharan Africa,2020,1168133785
SSF,Sub-Saharan Africa,2019,1138472475
SSF,Sub-Saharan Africa,2018,1109196428
SSF,Sub-Saharan Africa,2017,1080208893
SSF,Sub-Saharan Africa,2016,1052166739
SSF,Sub-Saharan Africa,2015,1024659421
SSF,Sub-Saharan Africa,2014,997426231
SSF,Sub-Saharan Africa,2013,970746312
SSF,Sub-Saharan Africa,2012,944523292
SSF,Sub-Saharan Africa,2011,919112234
SSF,Sub-Saharan Africa,2010,894259855
SSF,Sub-Saharan Africa,2009,869926373
SSF,Sub-Saharan Africa,2008,846224198
SSF,Sub-Saharan Africa,2007,823124982
SSF,Sub-Saharan Africa,2006,800828364
SSF,Sub-Saharan Africa,2005,779233636
SSF,Sub-Saharan Africa,2004,758237956
SSF,Sub-Saharan Africa,2003,737918076
SSF,Sub-Saharan Africa,2002,718276009
SSF,Sub-Saharan Africa,2001,699215347
SSF,Sub-Saharan Africa,2000,680768792
SSF,Sub-Saharan Africa,1999,662922716
SSF,Sub-Saharan Africa,1998,645494313
SSF,Sub-Saharan Africa,1997,628567583
SSF,Sub-Saharan Africa,1996,612267246
SSF,Sub-Saharan Africa,1995,596081868
SSF,Sub-Saharan Africa,1994,580483156
SSF,Sub-Saharan Africa,1993,565251301
SSF,Sub-Saharan Africa,1992,549973046
SSF,Sub-Saharan Africa,1991,535328746
SSF,Sub-Saharan Africa,1990,521029972
SSA,Sub-Saharan Africa (excluding high income),2020,1168035323
SSA,Sub-Saharan Africa (excluding high income),2019,1138374850
SSA,Sub-Saharan Africa (excluding high income),2018,1109099666
SSA,Sub-Saharan Africa (excluding high income),2017,1080113050
SSA,Sub-Saharan Africa (excluding high income),2016,1052072062
SSA,Sub-Saharan Africa (excluding high income),2015,1024566002
SSA,Sub-Saharan Africa (excluding high income),2014,997334872
SSA,Sub-Saharan Africa (excluding high income),2013,970656363
SSA,Sub-Saharan Africa (excluding high income),2012,944434989
SSA,Sub-Saharan Africa (excluding high income),2011,919024793
SSA,Sub-Saharan Africa (excluding high income),2010,894170085
SSA,Sub-Saharan Africa (excluding high income),2009,869839075
SSA,Sub-Saharan Africa (excluding high income),2008,846137242
SSA,Sub-Saharan Africa (excluding high income),2007,823039949
SSA,Sub-Saharan Africa (excluding high income),2006,800743764
SSA,Sub-Saharan Africa (excluding high income),2005,779150778
SSA,Sub-Saharan Africa (excluding high income),2004,758155481
SSA,Sub-Saharan Africa (excluding high income),2003,737835295
SSA,Sub-Saharan Africa (excluding high income),2002,718192286
SSA,Sub-Saharan Africa (excluding high income),2001,699134145
SSA,Sub-Saharan Africa (excluding high income),2000,680687661
SSA,Sub-Saharan Africa (excluding high income),1999,662842306
SSA,Sub-Saharan Africa (excluding high income),1998,645415467
SSA,Sub-Saharan Africa (excluding high income),1997,628490264
SSA,Sub-Saharan Africa (excluding high income),1996,612190829
SSA,Sub-Saharan Africa (excluding high income),1995,596006564
SSA,Sub-Saharan Africa (excluding high income),1994,580408951
SSA,Sub-Saharan Africa (excluding high income),1993,565179048
SSA,Sub-Saharan Africa (excluding high income),1992,549902283
SSA,Sub-Saharan Africa (excluding high income),1991,535258307
SSA,Sub-Saharan Africa (excluding high income),1990,520960465
TSS,Sub-Saharan Africa (IDA & IBRD countries),2020,1168133785
TSS,Sub-Saharan Africa (IDA & IBRD countries),2019,1138472475
TSS,Sub-Saharan Africa (IDA & IBRD countries),2018,1109196428
TSS,Sub-Saharan Africa (IDA & IBRD countries),2017,1080208893
TSS,Sub-Saharan Africa (IDA & IBRD countries),2016,1052166739
TSS,Sub-Saharan Africa (IDA & IBRD countries),2015,1024659421
TSS,Sub-Saharan Africa (IDA & IBRD countries),2014,997426231
TSS,Sub-Saharan Africa (IDA & IBRD countries),2013,970746312
TSS,Sub-Saharan Africa (IDA & IBRD countries),2012,944523292
TSS,Sub-Saharan Africa (IDA & IBRD countries),2011,919112234
TSS,Sub-Saharan Africa (IDA & IBRD countries),2010,894259855
TSS,Sub-Saharan Africa (IDA & IBRD countries),2009,869926373
TSS,Sub-Saharan Africa (IDA & IBRD countries),2008,846224198
TSS,Sub-Saharan Africa (IDA & IBRD countries),2007,823124982
TSS,Sub-Saharan Africa (IDA & IBRD countries),2006,800828364
TSS,Sub-Saharan Africa (IDA & IBRD countries),2005,779233636
TSS,Sub-Saharan Africa (IDA & IBRD countries),2004,758237956
TSS,Sub-Saharan Africa (IDA & IBRD countries),2003,737918076
TSS,Sub-Saharan Africa (IDA & IBRD countries),2002,718276009
TSS,Sub-Saharan Africa (IDA & IBRD countries),2001,699215347
TSS,Sub-Saharan Africa (IDA & IBRD countries),2000,680768792
TSS,Sub-Saharan Africa (IDA & IBRD countries),1999,662922716
TSS,Sub-Saharan Africa (IDA & IBRD countries),1998,645494313
TSS,Sub-Saharan Africa (IDA & IBRD countries),1997,628567583
TSS,Sub-Saharan Africa (IDA & IBRD countries),1996,612267246
TSS,Sub-Saharan Africa (IDA & IBRD countries),1995,596081868
TSS,Sub-Saharan Africa (IDA & IBRD countries),1994,580483156
TSS,Sub-Saharan Africa (IDA & IBRD countries),1993,565251301
TSS,Sub-Saharan Africa (IDA & IBRD countries),1992,549973046
TSS,Sub-Saharan Africa (IDA & IBRD countries),1991,535328746
TSS,Sub-Saharan Africa (IDA & IBRD countries),1990,521029972
WLD,World,2020,7853863139
WLD,World,2019,7777162476
WLD,World,2018,7696159728
WLD,World,2017,7613788655
WLD,World,2016,7528221579
WLD,World,2015,7441084771
WLD,World,2014,7353532223
WLD,World,2013,7265404737
WLD,World,2012,7176482165
WLD,World,2011,7086704141
WLD,World,2010,7000860073
WLD,World,2009,6916168196
WLD,World,2008,6830080867
WLD,World,2007,6744049498
WLD,World,2006,6659536021
WLD,World,2005,6575410029
WLD,World,2004,6492354627
WLD,World,2003,6409352386
WLD,World,2002,6327171255
WLD,World,2001,6244739668
WLD,World,2000,6161528496
WLD,World,1999,6078069822
WLD,World,1998,5993730786
WLD,World,1997,5908180322
WLD,World,1996,5822327903
WLD,World,1995,5736205135
WLD,World,1994,5650534421
WLD,World,1993,5564459142
WLD,World,1992,5476822930
WLD,World,1991,5388203305
WLD,World,1990,5298962018
AFG,Afghanistan,2020,39068979
AFG,Afghanistan,2019,37856121
AFG,Afghanistan,2018,36743039
AFG,Afghanistan,2017,35688935
AFG,Afghanistan,2016,34700612
AFG,Afghanistan,2015,33831764
AFG,Afghanistan,2014,32792523
AFG,Afghanistan,2013,31622704
AFG,Afghanistan,2012,30560034
AFG,Afghanistan,2011,29347708
AFG,Afghanistan,2010,28284089
AFG,Afghanistan,2009,27466101
AFG,Afghanistan,2008,26482622
AFG,Afghanistan,2007,25909852
AFG,Afghanistan,2006,25424094
AFG,Afghanistan,2005,24404567
AFG,Afghanistan,2004,23560654
AFG,Afghanistan,2003,22733049
AFG,Afghanistan,2002,21378117
AFG,Afghanistan,2001,20284307
AFG,Afghanistan,2000,20130327
AFG,Afghanistan,1999,19887785
AFG,Afghanistan,1998,19159996
AFG,Afghanistan,1997,18452091
AFG,Afghanistan,1996,17763266
AFG,Afghanistan,1995,17065836
AFG,Afghanistan,1994,16250794
AFG,Afghanistan,1993,14943172
AFG,Afghanistan,1992,13278974
AFG,Afghanistan,1991,12238879
AFG,Afghanistan,1990,12045660
ALB,Albania,2020,2528480
ALB,Albania,2019,2567801
ALB,Albania,2018,2607733
ALB,Albania,2017,2648285
ALB,Albania,2016,2689469
ALB,Albania,2015,2731293
ALB,Albania,2014,2773767
ALB,Albania,2013,2816902
ALB,Albania,2012,2860708
ALB,Albania,2011,2905195
ALB,Albania,2010,2913021
ALB,Albania,2009,2927519
ALB,Albania,2008,2947314
ALB,Albania,2007,2970017
ALB,Albania,2006,2992547
ALB,Albania,2005,3011487
ALB,Albania,2004,3026939
ALB,Albania,2003,3039616
ALB,Albania,2002,3051010
ALB,Albania,2001,3060173
ALB,Albania,2000,3089027
ALB,Albania,1999,3108778
ALB,Albania,1998,3128530
ALB,Albania,1997,3148281
ALB,Albania,1996,3168033
ALB,Albania,1995,3187784
ALB,Albania,1994,3207536
ALB,Albania,1993,3227287
ALB,Albania,1992,3247039
ALB,Albania,1991,3266790
ALB,Albania,1990,3286542
DZA,Algeria,2020,44042091
DZA,Algeria,2019,43294546
DZA,Algeria,2018,42505035
DZA,Algeria,2017,41689299
DZA,Algeria,2016,40850721
DZA,Algeria,2015,40019529
DZA,Algeria,2014,39205031
DZA,Algeria,2013,38414171
DZA,Algeria,2012,37646166
DZA,Algeria,2011,36903376
DZA,Algeria,2010,36188236
DZA,Algeria,2009,35490445
DZA,Algeria,2008,34816961
DZA,Algeria,2007,34189416
DZA,Algeria,2006,33623506
DZA,Algeria,2005,33109249
DZA,Algeria,2004,32628286
DZA,Algeria,2003,32175818
DZA,Algeria,2002,31750835
DZA,Algeria,2001,31331221
DZA,Algeria,2000,30903893
DZA,Algeria,1999,30474354
DZA,Algeria,1998,30054133
DZA,Algeria,1997,29579301
DZA,Algeria,1996,29033044
DZA,Algeria,1995,28470191
DZA,Algeria,1994,27887279
DZA,Algeria,1993,27277048
DZA,Algeria,1992,26628568
DZA,Algeria,1991,25987928
DZA,Algeria,1990,25375810
ASM,American Samoa,2020,49761
ASM,American Samoa,2019,50209
ASM,American Samoa,2018,50908
ASM,American Samoa,2017,51586
ASM,American Samoa,2016,52245
ASM,American Samoa,2015,52878
ASM,American Samoa,2014,53466
ASM,American Samoa,2013,54006
ASM,American Samoa,2012,54489
ASM,American Samoa,2011,54895
ASM,American Samoa,2010,55228
ASM,American Samoa,2009,55528
ASM,American Samoa,2008,55828
ASM,American Samoa,2007,56113
ASM,American Samoa,2006,56374
ASM,American Samoa,2005,56617
ASM,American Samoa,2004,56818
ASM,American Samoa,2003,56971
ASM,American Samoa,2002,57062
ASM,American Samoa,2001,57053
ASM,American Samoa,2000,56855
ASM,American Samoa,1999,56248
ASM,American Samoa,1998,55334
ASM,American Samoa,1997,54362
ASM,American Samoa,1996,53353
ASM,American Samoa,1995,52316
ASM,American Samoa,1994,51251
ASM,American Samoa,1993,50159
ASM,American Samoa,1992,49038
ASM,American Samoa,1991,47882
ASM,American Samoa,1990,46640
AND,Andorra,2020,77380
AND,Andorra,2019,76474
AND,Andorra,2018,75162
AND,Andorra,2017,73763
AND,Andorra,2016,72181
AND,Andorra,2015,72174
AND,Andorra,2014,73737
AND,Andorra,2013,75194
AND,Andorra,2012,76834
AND,Andorra,2011,77783
AND,Andorra,2010,80706
AND,Andorra,2009,83888
AND,Andorra,2008,83495
AND,Andorra,2007,81877
AND,Andorra,2006,79585
AND,Andorra,2005,77421
AND,Andorra,2004,74325
AND,Andorra,2003,69486
AND,Andorra,2002,66506
AND,Andorra,2001,65852
AND,Andorra,2000,65685
AND,Andorra,1999,65710
AND,Andorra,1998,65382
AND,Andorra,1997,64700
AND,Andorra,1996,63984
AND,Andorra,1995,63912
AND,Andorra,1994,64612
AND,Andorra,1993,63272
AND,Andorra,1992,60200
AND,Andorra,1991,56667
AND,Andorra,1990,52597
AGO,Angola,2020,33451132
AGO,Angola,2019,32375632
AGO,Angola,2018,31297155
AGO,Angola,2017,30234839
AGO,Angola,2016,29183070
AGO,Angola,2015,28157798
AGO,Angola,2014,27160769
AGO,Angola,2013,26165620
AGO,Angola,2012,25177394
AGO,Angola,2011,24218352
AGO,Angola,2010,23294825
AGO,Angola,2009,22414773
AGO,Angola,2008,21578655
AGO,Angola,2007,20778561
AGO,Angola,2006,20015279
AGO,Angola,2005,19291161
AGO,Angola,2004,18600423
AGO,Angola,2003,17943712
AGO,Angola,2002,17327699
AGO,Angola,2001,16747208
AGO,Angola,2000,16194869
AGO,Angola,1999,15667235
AGO,Angola,1998,15159370
AGO,Angola,1997,14660413
AGO,Angola,1996,14170973
AGO,Angola,1995,13699778
AGO,Angola,1994,13249764
AGO,Angola,1993,12827135
AGO,Angola,1992,12423712
AGO,Angola,1991,12023529
AGO,Angola,1990,11626360
ATG,Antigua and Barbuda,2020,91846
ATG,Antigua and Barbuda,2019,91364
ATG,Antigua and Barbuda,2018,90926
ATG,Antigua and Barbuda,2017,90468
ATG,Antigua and Barbuda,2016,89969
ATG,Antigua and Barbuda,2015,89409
ATG,Antigua and Barbuda,2014,88765
ATG,Antigua and Barbuda,2013,88064
ATG,Antigua and Barbuda,2012,87260
ATG,Antigua and Barbuda,2011,86332
ATG,Antigua and Barbuda,2010,85320
ATG,Antigua and Barbuda,2009,84173
ATG,Antigua and Barbuda,2008,82912
ATG,Antigua and Barbuda,2007,81704
ATG,Antigua and Barbuda,2006,80604
ATG,Antigua and Barbuda,2005,79611
ATG,Antigua and Barbuda,2004,78719
ATG,Antigua and Barbuda,2003,77884
ATG,Antigua and Barbuda,2002,77032
ATG,Antigua and Barbuda,2001,76069
ATG,Antigua and Barbuda,2000,74912
ATG,Antigua and Barbuda,1999,73666
ATG,Antigua and Barbuda,1998,72412
ATG,Antigua and Barbuda,1997,71053
ATG,Antigua and Barbuda,1996,69612
ATG,Antigua and Barbuda,1995,68189
ATG,Antigua and Barbuda,1994,66843
ATG,Antigua and Barbuda,1993,65587
ATG,Antigua and Barbuda,1992,64404
ATG,Antigua and Barbuda,1991,63387
ATG,Antigua and Barbuda,1990,63066
ARG,Argentina,2020,45191965
ARG,Argentina,2019,44973465
ARG,Argentina,2018,44654882
ARG,Argentina,2017,44288894
ARG,Argentina,2016,43900313
ARG,Argentina,2015,43477012
ARG,Argentina,2014,43024071
ARG,Argentina,2013,42582455
ARG,Argentina,2012,42161721
ARG,Argentina,2011,41730660
ARG,Argentina,2010,41288694
ARG,Argentina,2009,40854831
ARG,Argentina,2008,40424148
ARG,Argentina,2007,40016763
ARG,Argentina,2006,39622115
ARG,Argentina,2005,39216789
ARG,Argentina,2004,38815916
ARG,Argentina,2003,38424282
ARG,Argentina,2002,38029349
ARG,Argentina,2001,37624825
ARG,Argentina,2000,37213984
ARG,Argentina,1999,36794682
ARG,Argentina,1998,36372860
ARG,Argentina,1997,35947791
ARG,Argentina,1996,35513793
ARG,Argentina,1995,35070020
ARG,Argentina,1994,34613491
ARG,Argentina,1993,34152717
ARG,Argentina,1992,33693527
ARG,Argentina,1991,33230294
ARG,Argentina,1990,32755901
ARM,Armenia,2020,2961500
ARM,Armenia,2019,2962500
ARM,Armenia,2018,2969000
ARM,Armenia,2017,2979400
ARM,Armenia,2016,2992300
ARM,Armenia,2015,3004600
ARM,Armenia,2014,3013800
ARM,Armenia,2013,3022000
ARM,Armenia,2012,3024100
ARM,Armenia,2011,3027900
ARM,Armenia,2010,3044800
ARM,Armenia,2009,3066000
ARM,Armenia,2008,3087100
ARM,Armenia,2007,3107400
ARM,Armenia,2006,3127100
ARM,Armenia,2005,3146400
ARM,Armenia,2004,3164900
ARM,Armenia,2003,3182500
ARM,Armenia,2002,3199800
ARM,Armenia,2001,3211800
ARM,Armenia,2000,3221100
ARM,Armenia,1999,3167286
ARM,Armenia,1998,3208401
ARM,Armenia,1997,3246289
ARM,Armenia,1996,3278735
ARM,Armenia,1995,3307581
ARM,Armenia,1994,3364610
ARM,Armenia,1993,3453332
ARM,Armenia,1992,3571861
ARM,Armenia,1991,3613977
ARM,Armenia,1990,3552128
ABW,Aruba,2020,108587
ABW,Aruba,2019,109203
ABW,Aruba,2018,108908
ABW,Aruba,2017,108735
ABW,Aruba,2016,108727
ABW,Aruba,2015,107906
ABW,Aruba,2014,106807
ABW,Aruba,2013,105675
ABW,Aruba,2012,104110
ABW,Aruba,2011,102591
ABW,Aruba,2010,101838
ABW,Aruba,2009,101604
ABW,Aruba,2008,100917
ABW,Aruba,2007,100150
ABW,Aruba,2006,99405
ABW,Aruba,2005,97635
ABW,Aruba,2004,95138
ABW,Aruba,2003,93128
ABW,Aruba,2002,92074
ABW,Aruba,2001,91439
ABW,Aruba,2000,90588
ABW,Aruba,1999,89659
ABW,Aruba,1998,88451
ABW,Aruba,1997,86301
ABW,Aruba,1996,83021
ABW,Aruba,1995,79805
ABW,Aruba,1994,77595
ABW,Aruba,1993,73685
ABW,Aruba,1992,69005
ABW,Aruba,1991,65896
ABW,Aruba,1990,62753
AUS,Australia,2020,25649248
AUS,Australia,2019,25334826
AUS,Australia,2018,24963258
AUS,Australia,2017,24592588
AUS,Australia,2016,24190907
AUS,Australia,2015,23815995
AUS,Australia,2014,23475686
AUS,Australia,2013,23128129
AUS,Australia,2012,22733465
AUS,Australia,2011,22340024
AUS,Australia,2010,22031750
AUS,Australia,2009,21691653
AUS,Australia,2008,21249199
AUS,Australia,2007,20827622
AUS,Australia,2006,20450966
AUS,Australia,2005,20176844
AUS,Australia,2004,19932722
AUS,Australia,2003,19720737
AUS,Australia,2002,19495210
AUS,Australia,2001,19274701
AUS,Australia,2000,19028802
AUS,Australia,1999,18812264
AUS,Australia,1998,18607584
AUS,Australia,1997,18423037
AUS,Australia,1996,18224767
AUS,Australia,1995,18004882
AUS,Australia,1994,17805468
AUS,Australia,1993,17634808
AUS,Australia,1992,17478635
AUS,Australia,1991,17284036
AUS,Australia,1990,17065128
AUT,Austria,2020,8916864
AUT,Austria,2019,8879920
AUT,Austria,2018,8840521
AUT,Austria,2017,8797566
AUT,Austria,2016,8736668
AUT,Austria,2015,8642699
AUT,Austria,2014,8546356
AUT,Austria,2013,8479823
AUT,Austria,2012,8429991
AUT,Austria,2011,8391643
AUT,Austria,2010,8363404
AUT,Austria,2009,8343323
AUT,Austria,2008,8321496
AUT,Austria,2007,8295487
AUT,Austria,2006,8268641
AUT,Austria,2005,8227829
AUT,Austria,2004,8171966
AUT,Austria,2003,8121423
AUT,Austria,2002,8081957
AUT,Austria,2001,8042293
AUT,Austria,2000,8011566
AUT,Austria,1999,7992324
AUT,Austria,1998,7976789
AUT,Austria,1997,7968041
AUT,Austria,1996,7959017
AUT,Austria,1995,7948278
AUT,Austria,1994,7936118
AUT,Austria,1993,7905633
AUT,Austria,1992,7840709
AUT,Austria,1991,7754891
AUT,Austria,1990,7677850
AZE,Azerbaijan,2020,10093121
AZE,Azerbaijan,2019,10024283
AZE,Azerbaijan,2018,9939771
AZE,Azerbaijan,2017,9854033
AZE,Azerbaijan,2016,9757812
AZE,Azerbaijan,2015,9649341
AZE,Azerbaijan,2014,9535079
AZE,Azerbaijan,2013,9416801
AZE,Azerbaijan,2012,9295784
AZE,Azerbaijan,2011,9173082
AZE,Azerbaijan,2010,9054332
AZE,Azerbaijan,2009,8947243
AZE,Azerbaijan,2008,8763400
AZE,Azerbaijan,2007,8581300
AZE,Azerbaijan,2006,8484550
AZE,Azerbaijan,2005,8391850
AZE,Azerbaijan,2004,8306500
AZE,Azerbaijan,2003,8234100
AZE,Azerbaijan,2002,8171950
AZE,Azerbaijan,2001,8111200
AZE,Azerbaijan,2000,8048600
AZE,Azerbaijan,1999,7982750
AZE,Azerbaijan,1998,7913000
AZE,Azerbaijan,1997,7838250
AZE,Azerbaijan,1996,7763000
AZE,Azerbaijan,1995,7684850
AZE,Azerbaijan,1994,7596550
AZE,Azerbaijan,1993,7494800
AZE,Azerbaijan,1992,7382050
AZE,Azerbaijan,1991,7271300
AZE,Azerbaijan,1990,7175200
BHS,"Bahamas, The",2020,395863
BHS,"Bahamas, The",2019,394675
BHS,"Bahamas, The",2018,392717
BHS,"Bahamas, The",2017,390485
BHS,"Bahamas, The",2016,388055
BHS,"Bahamas, The",2015,385346
BHS,"Bahamas, The",2014,382298
BHS,"Bahamas, The",2013,378953
BHS,"Bahamas, The",2012,375469
BHS,"Bahamas, The",2011,371729
BHS,"Bahamas, The",2010,367478
BHS,"Bahamas, The",2009,362810
BHS,"Bahamas, The",2008,358120
BHS,"Bahamas, The",2007,353334
BHS,"Bahamas, The",2006,348375
BHS,"Bahamas, The",2005,343894
BHS,"Bahamas, The",2004,339782
BHS,"Bahamas, The",2003,335618
BHS,"Bahamas, The",2002,331614
BHS,"Bahamas, The",2001,327836
BHS,"Bahamas, The",2000,323835
BHS,"Bahamas, The",1999,319614
BHS,"Bahamas, The",1998,315368
BHS,"Bahamas, The",1997,310904
BHS,"Bahamas, The",1996,306268
BHS,"Bahamas, The",1995,301461
BHS,"Bahamas, The",1994,296509
BHS,"Bahamas, The",1993,291339
BHS,"Bahamas, The",1992,285927
BHS,"Bahamas, The",1991,280731
BHS,"Bahamas, The",1990,275945
BHR,Bahrain,2020,1472204
BHR,Bahrain,2019,1483756
BHR,Bahrain,2018,1503091
BHR,Bahrain,2017,1501116
BHR,Bahrain,2016,1423726
BHR,Bahrain,2015,1370322
BHR,Bahrain,2014,1314562
BHR,Bahrain,2013,1253191
BHR,Bahrain,2012,1208964
BHR,Bahrain,2011,1195020
BHR,Bahrain,2010,1228543
BHR,Bahrain,2009,1178415
BHR,Bahrain,2008,1103496
BHR,Bahrain,2007,1039295
BHR,Bahrain,2006,960424
BHR,Bahrain,2005,888822
BHR,Bahrain,2004,823741
BHR,Bahrain,2003,764517
BHR,Bahrain,2002,710553
BHR,Bahrain,2001,661316
BHR,Bahrain,2000,637582
BHR,Bahrain,1999,620989
BHR,Bahrain,1998,604842
BHR,Bahrain,1997,589115
BHR,Bahrain,1996,573792
BHR,Bahrain,1995,558879
BHR,Bahrain,1994,544366
BHR,Bahrain,1993,530225
BHR,Bahrain,1992,516458
BHR,Bahrain,1991,503052
BHR,Bahrain,1990,514797
BGD,Bangladesh,2020,166298024
BGD,Bangladesh,2019,164913055
BGD,Bangladesh,2018,163523103
BGD,Bangladesh,2017,162186147
BGD,Bangladesh,2016,160811932
BGD,Bangladesh,2015,159383179
BGD,Bangladesh,2014,157964929
BGD,Bangladesh,2013,156532141
BGD,Bangladesh,2012,155070101
BGD,Bangladesh,2011,153591076
BGD,Bangladesh,2010,152201981
BGD,Bangladesh,2009,150873714
BGD,Bangladesh,2008,149474264
BGD,Bangladesh,2007,147989278
BGD,Bangladesh,2006,146405973
BGD,Bangladesh,2005,144715786
BGD,Bangladesh,2004,142902856
BGD,Bangladesh,2003,140970351
BGD,Bangladesh,2002,138933658
BGD,Bangladesh,2001,136805810
BGD,Bangladesh,2000,134544304
BGD,Bangladesh,1999,132108065
BGD,Bangladesh,1998,129622332
BGD,Bangladesh,1997,127198069
BGD,Bangladesh,1996,124862179
BGD,Bangladesh,1995,122600370
BGD,Bangladesh,1994,120343179
BGD,Bangladesh,1993,118132360
BGD,Bangladesh,1992,115952192
BGD,Bangladesh,1991,113787109
BGD,Bangladesh,1990,111633717
BRB,Barbados,2020,281698
BRB,Barbados,2019,281207
BRB,Barbados,2018,280711
BRB,Barbados,2017,280171
BRB,Barbados,2016,279598
BRB,Barbados,2015,278990
BRB,Barbados,2014,278348
BRB,Barbados,2013,277665
BRB,Barbados,2012,276938
BRB,Barbados,2011,276139
BRB,Barbados,2010,275243
BRB,Barbados,2009,274123
BRB,Barbados,2008,272714
BRB,Barbados,2007,271288
BRB,Barbados,2006,270002
BRB,Barbados,2005,268706
BRB,Barbados,2004,267298
BRB,Barbados,2003,265776
BRB,Barbados,2002,264148
BRB,Barbados,2001,262425
BRB,Barbados,2000,262063
BRB,Barbados,1999,262517
BRB,Barbados,1998,262436
BRB,Barbados,1997,262392
BRB,Barbados,1996,262284
BRB,Barbados,1995,262039
BRB,Barbados,1994,261620
BRB,Barbados,1993,261027
BRB,Barbados,1992,260267
BRB,Barbados,1991,259373
BRB,Barbados,1990,258582
BLR,Belarus,2020,9379952
BLR,Belarus,2019,9419758
BLR,Belarus,2018,9438785
BLR,Belarus,2017,9458989
BLR,Belarus,2016,9469379
BLR,Belarus,2015,9461076
BLR,Belarus,2014,9448515
BLR,Belarus,2013,9443211
BLR,Belarus,2012,9446836
BLR,Belarus,2011,9461643
BLR,Belarus,2010,9483836
BLR,Belarus,2009,9504583
BLR,Belarus,2008,9527985
BLR,Belarus,2007,9560953
BLR,Belarus,2006,9604924
BLR,Belarus,2005,9663915
BLR,Belarus,2004,9730146
BLR,Belarus,2003,9796749
BLR,Belarus,2002,9865548
BLR,Belarus,2001,9928549
BLR,Belarus,2000,9979610
BLR,Belarus,1999,10026738
BLR,Belarus,1998,10071963
BLR,Belarus,1997,10117433
BLR,Belarus,1996,10159569
BLR,Belarus,1995,10193831
BLR,Belarus,1994,10226955
BLR,Belarus,1993,10239050
BLR,Belarus,1992,10216470
BLR,Belarus,1991,10194050
BLR,Belarus,1990,10189348
BEL,Belgium,2020,11538604
BEL,Belgium,2019,11488980
BEL,Belgium,2018,11427054
BEL,Belgium,2017,11375158
BEL,Belgium,2016,11331422
BEL,Belgium,2015,11274196
BEL,Belgium,2014,11209057
BEL,Belgium,2013,11159407
BEL,Belgium,2012,11106932
BEL,Belgium,2011,11038264
BEL,Belgium,2010,10895586
BEL,Belgium,2009,10796493
BEL,Belgium,2008,10709973
BEL,Belgium,2007,10625700
BEL,Belgium,2006,10547958
BEL,Belgium,2005,10478617
BEL,Belgium,2004,10421137
BEL,Belgium,2003,10376133
BEL,Belgium,2002,10332785
BEL,Belgium,2001,10286570
BEL,Belgium,2000,10251250
BEL,Belgium,1999,10226419
BEL,Belgium,1998,10203008
BEL,Belgium,1997,10181245
BEL,Belgium,1996,10156637
BEL,Belgium,1995,10136811
BEL,Belgium,1994,10115603
BEL,Belgium,1993,10084475
BEL,Belgium,1992,10045158
BEL,Belgium,1991,10004486
BEL,Belgium,1990,9967379
BLZ,Belize,2020,390812
BLZ,Belize,2019,385829
BLZ,Belize,2018,380226
BLZ,Belize,2017,373202
BLZ,Belize,2016,364705
BLZ,Belize,2015,356333
BLZ,Belize,2014,348923
BLZ,Belize,2013,341627
BLZ,Belize,2012,334414
BLZ,Belize,2011,327298
BLZ,Belize,2010,320245
BLZ,Belize,2009,312614
BLZ,Belize,2008,304361
BLZ,Belize,2007,296100
BLZ,Belize,2006,287878
BLZ,Belize,2005,279731
BLZ,Belize,2004,271688
BLZ,Belize,2003,263780
BLZ,Belize,2002,256009
BLZ,Belize,2001,248379
BLZ,Belize,2000,240799
BLZ,Belize,1999,233059
BLZ,Belize,1998,225173
BLZ,Belize,1997,217446
BLZ,Belize,1996,210310
BLZ,Belize,1995,204146
BLZ,Belize,1994,199097
BLZ,Belize,1993,194902
BLZ,Belize,1992,190983
BLZ,Belize,1991,187040
BLZ,Belize,1990,183076
BEN,Benin,2020,13070169
BEN,Benin,2019,12726755
BEN,Benin,2018,12383347
BEN,Benin,2017,12039780
BEN,Benin,2016,11697842
BEN,Benin,2015,11360681
BEN,Benin,2014,11030004
BEN,Benin,2013,10708834
BEN,Benin,2012,10397657
BEN,Benin,2011,10093623
BEN,Benin,2010,9797484
BEN,Benin,2009,9509423
BEN,Benin,2008,9228466
BEN,Benin,2007,8953969
BEN,Benin,2006,8693242
BEN,Benin,2005,8426144
BEN,Benin,2004,8159094
BEN,Benin,2003,7913070
BEN,Benin,2002,7675426
BEN,Benin,2001,7445596
BEN,Benin,2000,7221619
BEN,Benin,1999,7002818
BEN,Benin,1998,6789489
BEN,Benin,1997,6583365
BEN,Benin,1996,6391858
BEN,Benin,1995,6226773
BEN,Benin,1994,6096506
BEN,Benin,1993,5872706
BEN,Benin,1992,5617844
BEN,Benin,1991,5446932
BEN,Benin,1990,5281479
BMU,Bermuda,2020,64382
BMU,Bermuda,2019,64107
BMU,Bermuda,2018,63831
BMU,Bermuda,2017,63578
BMU,Bermuda,2016,63449
BMU,Bermuda,2015,63464
BMU,Bermuda,2014,63529
BMU,Bermuda,2013,63574
BMU,Bermuda,2012,63646
BMU,Bermuda,2011,63733
BMU,Bermuda,2010,63725
BMU,Bermuda,2009,63565
BMU,Bermuda,2008,63300
BMU,Bermuda,2007,63010
BMU,Bermuda,2006,62834
BMU,Bermuda,2005,62711
BMU,Bermuda,2004,62555
BMU,Bermuda,2003,62386
BMU,Bermuda,2002,62142
BMU,Bermuda,2001,61867
BMU,Bermuda,2000,61550
BMU,Bermuda,1999,61124
BMU,Bermuda,1998,60639
BMU,Bermuda,1997,60177
BMU,Bermuda,1996,59813
BMU,Bermuda,1995,59526
BMU,Bermuda,1994,59194
BMU,Bermuda,1993,58816
BMU,Bermuda,1992,58407
BMU,Bermuda,1991,57984
BMU,Bermuda,1990,57559
BTN,Bhutan,2020,770006
BTN,Bhutan,2019,764824
BTN,Bhutan,2018,759759
BTN,Bhutan,2017,754335
BTN,Bhutan,2016,747866
BTN,Bhutan,2015,740618
BTN,Bhutan,2014,733139
BTN,Bhutan,2013,725273
BTN,Bhutan,2012,717279
BTN,Bhutan,2011,709377
BTN,Bhutan,2010,701632
BTN,Bhutan,2009,693988
BTN,Bhutan,2008,686351
BTN,Bhutan,2007,678641
BTN,Bhutan,2006,670799
BTN,Bhutan,2005,661865
BTN,Bhutan,2004,650544
BTN,Bhutan,2003,637663
BTN,Bhutan,2002,624409
BTN,Bhutan,2001,610794
BTN,Bhutan,2000,596863
BTN,Bhutan,1999,582579
BTN,Bhutan,1998,569435
BTN,Bhutan,1997,558697
BTN,Bhutan,1996,548784
BTN,Bhutan,1995,547989
BTN,Bhutan,1994,554497
BTN,Bhutan,1993,554673
BTN,Bhutan,1992,577774
BTN,Bhutan,1991,599784
BTN,Bhutan,1990,589287
BOL,Bolivia,2020,11816299
BOL,Bolivia,2019,11671386
BOL,Bolivia,2018,11508368
BOL,Bolivia,2017,11344587
BOL,Bolivia,2016,11180020
BOL,Bolivia,2015,11014705
BOL,Bolivia,2014,10848888
BOL,Bolivia,2013,10682608
BOL,Bolivia,2012,10515807
BOL,Bolivia,2011,10348929
BOL,Bolivia,2010,10182345
BOL,Bolivia,2009,10016275
BOL,Bolivia,2008,9850858
BOL,Bolivia,2007,9685960
BOL,Bolivia,2006,9521689
BOL,Bolivia,2005,9360754
BOL,Bolivia,2004,9204287
BOL,Bolivia,2003,9050700
BOL,Bolivia,2002,8900355
BOL,Bolivia,2001,8752736
BOL,Bolivia,2000,8606326
BOL,Bolivia,1999,8459806
BOL,Bolivia,1998,8313394
BOL,Bolivia,1997,8167900
BOL,Bolivia,1996,8021736
BOL,Bolivia,1995,7874676
BOL,Bolivia,1994,7727322
BOL,Bolivia,1993,7579195
BOL,Bolivia,1992,7430336
BOL,Bolivia,1991,7280289
BOL,Bolivia,1990,7130142
BIH,Bosnia and Herzegovina,2020,3299349
BIH,Bosnia and Herzegovina,2019,3345533
BIH,Bosnia and Herzegovina,2018,3387000
BIH,Bosnia and Herzegovina,2017,3428682
BIH,Bosnia and Herzegovina,2016,3473003
BIH,Bosnia and Herzegovina,2015,3518541
BIH,Bosnia and Herzegovina,2014,3564829
BIH,Bosnia and Herzegovina,2013,3610859
BIH,Bosnia and Herzegovina,2012,3670113
BIH,Bosnia and Herzegovina,2011,3741798
BIH,Bosnia and Herzegovina,2010,3811472
BIH,Bosnia and Herzegovina,2009,3879794
BIH,Bosnia and Herzegovina,2008,3947544
BIH,Bosnia and Herzegovina,2007,4013424
BIH,Bosnia and Herzegovina,2006,4063272
BIH,Bosnia and Herzegovina,2005,4096493
BIH,Bosnia and Herzegovina,2004,4140987
BIH,Bosnia and Herzegovina,2003,4178523
BIH,Bosnia and Herzegovina,2002,4188002
BIH,Bosnia and Herzegovina,2001,4179438
BIH,Bosnia and Herzegovina,2000,4159771
BIH,Bosnia and Herzegovina,1999,4130305
BIH,Bosnia and Herzegovina,1998,4089356
BIH,Bosnia and Herzegovina,1997,4018227
BIH,Bosnia and Herzegovina,1996,3875246
BIH,Bosnia and Herzegovina,1995,3715564
BIH,Bosnia and Herzegovina,1994,3725412
BIH,Bosnia and Herzegovina,1993,3904482
BIH,Bosnia and Herzegovina,1992,4234616
BIH,Bosnia and Herzegovina,1991,4458343
BIH,Bosnia and Herzegovina,1990,4448652
BWA,Botswana,2020,2365894
BWA,Botswana,2019,2332083
BWA,Botswana,2018,2299141
BWA,Botswana,2017,2266747
BWA,Botswana,2016,2234776
BWA,Botswana,2015,2203273
BWA,Botswana,2014,2172044
BWA,Botswana,2013,2140682
BWA,Botswana,2012,2108617
BWA,Botswana,2011,2073535
BWA,Botswana,2010,2033111
BWA,Botswana,2009,1990673
BWA,Botswana,2008,1949970
BWA,Botswana,2007,1911201
BWA,Botswana,2006,1874516
BWA,Botswana,2005,1839877
BWA,Botswana,2004,1807146
BWA,Botswana,2003,1775736
BWA,Botswana,2002,1744763
BWA,Botswana,2001,1712254
BWA,Botswana,2000,1677382
BWA,Botswana,1999,1641997
BWA,Botswana,1998,1606899
BWA,Botswana,1997,1571691
BWA,Botswana,1996,1535914
BWA,Botswana,1995,1498836
BWA,Botswana,1994,1460023
BWA,Botswana,1993,1420115
BWA,Botswana,1992,1380033
BWA,Botswana,1991,1341756
BWA,Botswana,1990,1305696
BRA,Brazil,2020,208660842
BRA,Brazil,2019,207455459
BRA,Brazil,2018,206107261
BRA,Brazil,2017,204703445
BRA,Brazil,2016,203218114
BRA,Brazil,2015,201675532
BRA,Brazil,2014,200085127
BRA,Brazil,2013,198478299
BRA,Brazil,2012,196876111
BRA,Brazil,2011,195284734
BRA,Brazil,2010,193701929
BRA,Brazil,2009,192079951
BRA,Brazil,2008,190367302
BRA,Brazil,2007,188552320
BRA,Brazil,2006,186653106
BRA,Brazil,2005,184688101
BRA,Brazil,2004,182675143
BRA,Brazil,2003,180622688
BRA,Brazil,2002,178503484
BRA,Brazil,2001,176301203
BRA,Brazil,2000,174018282
BRA,Brazil,1999,171641543
BRA,Brazil,1998,169159655
BRA,Brazil,1997,166661659
BRA,Brazil,1996,164202549
BRA,Brazil,1995,161735073
BRA,Brazil,1994,159265006
BRA,Brazil,1993,156794577
BRA,Brazil,1992,154275079
BRA,Brazil,1991,151724256
BRA,Brazil,1990,149143223
VGB,British Virgin Islands,2020,37135
VGB,British Virgin Islands,2019,36395
VGB,British Virgin Islands,2018,34657
VGB,British Virgin Islands,2017,32699
VGB,British Virgin Islands,2016,33878
VGB,British Virgin Islands,2015,34498
VGB,British Virgin Islands,2014,32962
VGB,British Virgin Islands,2013,31703
VGB,British Virgin Islands,2012,30345
VGB,British Virgin Islands,2011,28710
VGB,British Virgin Islands,2010,27675
VGB,British Virgin Islands,2009,27218
VGB,British Virgin Islands,2008,26288
VGB,British Virgin Islands,2007,25366
VGB,British Virgin Islands,2006,24493
VGB,British Virgin Islands,2005,23665
VGB,British Virgin Islands,2004,22881
VGB,British Virgin Islands,2003,22134
VGB,British Virgin Islands,2002,21430
VGB,British Virgin Islands,2001,20796
VGB,British Virgin Islands,2000,20241
VGB,British Virgin Islands,1999,19730
VGB,British Virgin Islands,1998,19238
VGB,British Virgin Islands,1997,18756
VGB,British Virgin Islands,1996,18287
VGB,British Virgin Islands,1995,17840
VGB,British Virgin Islands,1994,17406
VGB,British Virgin Islands,1993,16989
VGB,British Virgin Islands,1992,16593
VGB,British Virgin Islands,1991,16187
VGB,British Virgin Islands,1990,15704
BRN,Brunei Darussalam,2020,447404
BRN,Brunei Darussalam,2019,442680
BRN,Brunei Darussalam,2018,437810
BRN,Brunei Darussalam,2017,432772
BRN,Brunei Darussalam,2016,427564
BRN,Brunei Darussalam,2015,422212
BRN,Brunei Darussalam,2014,416750
BRN,Brunei Darussalam,2013,411202
BRN,Brunei Darussalam,2012,405557
BRN,Brunei Darussalam,2011,399389
BRN,Brunei Darussalam,2010,392332
BRN,Brunei Darussalam,2009,384952
BRN,Brunei Darussalam,2008,377793
BRN,Brunei Darussalam,2007,370873
BRN,Brunei Darussalam,2006,364663
BRN,Brunei Darussalam,2005,358916
BRN,Brunei Darussalam,2004,352911
BRN,Brunei Darussalam,2003,346637
BRN,Brunei Darussalam,2002,340099
BRN,Brunei Darussalam,2001,333345
BRN,Brunei Darussalam,2000,326424
BRN,Brunei Darussalam,1999,319411
BRN,Brunei Darussalam,1998,312385
BRN,Brunei Darussalam,1997,305341
BRN,Brunei Darussalam,1996,298276
BRN,Brunei Darussalam,1995,291195
BRN,Brunei Darussalam,1994,284091
BRN,Brunei Darussalam,1993,276971
BRN,Brunei Darussalam,1992,269839
BRN,Brunei Darussalam,1991,262596
BRN,Brunei Darussalam,1990,255292
BGR,Bulgaria,2020,6550696
BGR,Bulgaria,2019,6616726
BGR,Bulgaria,2018,6710798
BGR,Bulgaria,2017,6803468
BGR,Bulgaria,2016,6894139
BGR,Bulgaria,2015,6984225
BGR,Bulgaria,2014,7073572
BGR,Bulgaria,2013,7160005
BGR,Bulgaria,2012,7305888
BGR,Bulgaria,2011,7348328
BGR,Bulgaria,2010,7395599
BGR,Bulgaria,2009,7444443
BGR,Bulgaria,2008,7492561
BGR,Bulgaria,2007,7545338
BGR,Bulgaria,2006,7601022
BGR,Bulgaria,2005,7658972
BGR,Bulgaria,2004,7716860
BGR,Bulgaria,2003,7775327
BGR,Bulgaria,2002,7837161
BGR,Bulgaria,2001,8009142
BGR,Bulgaria,2000,8170172
BGR,Bulgaria,1999,8210624
BGR,Bulgaria,1998,8256786
BGR,Bulgaria,1997,8312068
BGR,Bulgaria,1996,8362826
BGR,Bulgaria,1995,8406067
BGR,Bulgaria,1994,8443591
BGR,Bulgaria,1993,8472313
BGR,Bulgaria,1992,8540164
BGR,Bulgaria,1991,8632367
BGR,Bulgaria,1990,8718289
BFA,Burkina Faso,2020,21478690
BFA,Burkina Faso,2019,20961952
BFA,Burkina Faso,2018,20438288
BFA,Burkina Faso,2017,19894407
BFA,Burkina Faso,2016,19334856
BFA,Burkina Faso,2015,18777487
BFA,Burkina Faso,2014,18229461
BFA,Burkina Faso,2013,17695409
BFA,Burkina Faso,2012,17172287
BFA,Burkina Faso,2011,16661908
BFA,Burkina Faso,2010,16176498
BFA,Burkina Faso,2009,15710066
BFA,Burkina Faso,2008,15258093
BFA,Burkina Faso,2007,14816307
BFA,Burkina Faso,2006,14373707
BFA,Burkina Faso,2005,13932123
BFA,Burkina Faso,2004,13500533
BFA,Burkina Faso,2003,13082532
BFA,Burkina Faso,2002,12680897
BFA,Burkina Faso,2001,12295001
BFA,Burkina Faso,2000,11925546
BFA,Burkina Faso,1999,11574928
BFA,Burkina Faso,1998,11240664
BFA,Burkina Faso,1997,10934223
BFA,Burkina Faso,1996,10655942
BFA,Burkina Faso,1995,10386722
BFA,Burkina Faso,1994,10123798
BFA,Burkina Faso,1993,9871713
BFA,Burkina Faso,1992,9629275
BFA,Burkina Faso,1991,9394632
BFA,Burkina Faso,1990,9159356
BDI,Burundi,2020,12617036
BDI,Burundi,2019,12255336
BDI,Burundi,2018,11859446
BDI,Burundi,2017,11506762
BDI,Burundi,2016,11239451
BDI,Burundi,2015,11047580
BDI,Burundi,2014,10799785
BDI,Burundi,2013,10439341
BDI,Burundi,2012,10071028
BDI,Burundi,2011,9717978
BDI,Burundi,2010,9376444
BDI,Burundi,2009,8947646
BDI,Burundi,2008,8505637
BDI,Burundi,2007,8161874
BDI,Burundi,2006,7865547
BDI,Burundi,2005,7587299
BDI,Burundi,2004,7310656
BDI,Burundi,2003,7043154
BDI,Burundi,2002,6824132
BDI,Burundi,2001,6634365
BDI,Burundi,2000,6470194
BDI,Burundi,1999,6337155
BDI,Burundi,1998,6187108
BDI,Burundi,1997,6070042
BDI,Burundi,1996,6070506
BDI,Burundi,1995,6066316
BDI,Burundi,1994,5713854
BDI,Burundi,1993,5676843
BDI,Burundi,1992,5858407
BDI,Burundi,1991,5703857
BDI,Burundi,1990,5587052
CPV,Cabo Verde,2020,514679
CPV,Cabo Verde,2019,514104
CPV,Cabo Verde,2018,513415
CPV,Cabo Verde,2017,512893
CPV,Cabo Verde,2016,512554
CPV,Cabo Verde,2015,512394
CPV,Cabo Verde,2014,512326
CPV,Cabo Verde,2013,512225
CPV,Cabo Verde,2012,511955
CPV,Cabo Verde,2011,511447
CPV,Cabo Verde,2010,509784
CPV,Cabo Verde,2009,506141
CPV,Cabo Verde,2008,501355
CPV,Cabo Verde,2007,496190
CPV,Cabo Verde,2006,490728
CPV,Cabo Verde,2005,485115
CPV,Cabo Verde,2004,479370
CPV,Cabo Verde,2003,473383
CPV,Cabo Verde,2002,467046
CPV,Cabo Verde,2001,460293
CPV,Cabo Verde,2000,453317
CPV,Cabo Verde,1999,446519
CPV,Cabo Verde,1998,439784
CPV,Cabo Verde,1997,432798
CPV,Cabo Verde,1996,425581
CPV,Cabo Verde,1995,418104
CPV,Cabo Verde,1994,410228
CPV,Cabo Verde,1993,401965
CPV,Cabo Verde,1992,393415
CPV,Cabo Verde,1991,384586
CPV,Cabo Verde,1990,375428
KHM,Cambodia,2020,16725474
KHM,Cambodia,2019,16481304
KHM,Cambodia,2018,16274522
KHM,Cambodia,2017,16073372
KHM,Cambodia,2016,15852803
KHM,Cambodia,2015,15623251
KHM,Cambodia,2014,15396772
KHM,Cambodia,2013,15170208
KHM,Cambodia,2012,14945085
KHM,Cambodia,2011,14722584
KHM,Cambodia,2010,14500726
KHM,Cambodia,2009,14276810
KHM,Cambodia,2008,14053479
KHM,Cambodia,2007,13841770
KHM,Cambodia,2006,13639028
KHM,Cambodia,2005,13439202
KHM,Cambodia,2004,13244731
KHM,Cambodia,2003,13050968
KHM,Cambodia,2002,12855241
KHM,Cambodia,2001,12658484
KHM,Cambodia,2000,12462336
KHM,Cambodia,1999,12265731
KHM,Cambodia,1998,12058173
KHM,Cambodia,1997,11570982
KHM,Cambodia,1996,10801270
KHM,Cambodia,1995,10018497
KHM,Cambodia,1994,9239162
KHM,Cambodia,1993,8616381
KHM,Cambodia,1992,8113083
KHM,Cambodia,1991,7686850
KHM,Cambodia,1990,7374752
CMR,Cameroon,2020,26210558
CMR,Cameroon,2019,25506095
CMR,Cameroon,2018,24806383
CMR,Cameroon,2017,24128601
CMR,Cameroon,2016,23454161
CMR,Cameroon,2015,22763414
CMR,Cameroon,2014,22059893
CMR,Cameroon,2013,21402376
CMR,Cameroon,2012,20809529
CMR,Cameroon,2011,20232304
CMR,Cameroon,2010,19668066
CMR,Cameroon,2009,19113974
CMR,Cameroon,2008,18574056
CMR,Cameroon,2007,18049896
CMR,Cameroon,2006,17550407
CMR,Cameroon,2005,17074594
CMR,Cameroon,2004,16610487
CMR,Cameroon,2003,16160340
CMR,Cameroon,2002,15725528
CMR,Cameroon,2001,15309490
CMR,Cameroon,2000,14912631
CMR,Cameroon,1999,14525140
CMR,Cameroon,1998,14144860
CMR,Cameroon,1997,13775214
CMR,Cameroon,1996,13414757
CMR,Cameroon,1995,13058516
CMR,Cameroon,1994,12704903
CMR,Cameroon,1993,12353131
CMR,Cameroon,1992,12006353
CMR,Cameroon,1991,11667180
CMR,Cameroon,1990,11331821
CAN,Canada,2020,38028638
CAN,Canada,2019,37618495
CAN,Canada,2018,37072620
CAN,Canada,2017,36545075
CAN,Canada,2016,36110803
CAN,Canada,2015,35704498
CAN,Canada,2014,35434066
CAN,Canada,2013,35080992
CAN,Canada,2012,34713395
CAN,Canada,2011,34339221
CAN,Canada,2010,34005902
CAN,Canada,2009,33630069
CAN,Canada,2008,33247298
CAN,Canada,2007,32888886
CAN,Canada,2006,32571193
CAN,Canada,2005,32242732
CAN,Canada,2004,31938807
CAN,Canada,2003,31642461
CAN,Canada,2002,31359199
CAN,Canada,2001,31020855
CAN,Canada,2000,30685730
CAN,Canada,1999,30401286
CAN,Canada,1998,30155173
CAN,Canada,1997,29905948
CAN,Canada,1996,29610218
CAN,Canada,1995,29302311
CAN,Canada,1994,29000663
CAN,Canada,1993,28684764
CAN,Canada,1992,28371264
CAN,Canada,1991,28037420
CAN,Canada,1990,27691138
CYM,Cayman Islands,2020,68684
CYM,Cayman Islands,2019,67327
CYM,Cayman Islands,2018,65941
CYM,Cayman Islands,2017,64535
CYM,Cayman Islands,2016,63100
CYM,Cayman Islands,2015,61642
CYM,Cayman Islands,2014,60160
CYM,Cayman Islands,2013,58655
CYM,Cayman Islands,2012,57136
CYM,Cayman Islands,2011,55606
CYM,Cayman Islands,2010,54099
CYM,Cayman Islands,2009,52618
CYM,Cayman Islands,2008,51151
CYM,Cayman Islands,2007,49687
CYM,Cayman Islands,2006,48232
CYM,Cayman Islands,2005,46788
CYM,Cayman Islands,2004,45352
CYM,Cayman Islands,2003,43934
CYM,Cayman Islands,2002,42514
CYM,Cayman Islands,2001,41089
CYM,Cayman Islands,2000,39674
CYM,Cayman Islands,1999,38284
CYM,Cayman Islands,1998,36922
CYM,Cayman Islands,1997,35543
CYM,Cayman Islands,1996,34143
CYM,Cayman Islands,1995,32743
CYM,Cayman Islands,1994,31352
CYM,Cayman Islands,1993,29976
CYM,Cayman Islands,1992,28621
CYM,Cayman Islands,1991,27294
CYM,Cayman Islands,1990,25999
CAF,Central African Republic,2020,5026628
CAF,Central African Republic,2019,4944703
CAF,Central African Republic,2018,4878657
CAF,Central African Republic,2017,4793511
CAF,Central African Republic,2016,4713663
CAF,Central African Republic,2015,4629320
CAF,Central African Republic,2014,4623182
CAF,Central African Republic,2013,4642419
CAF,Central African Republic,2012,4610848
CAF,Central African Republic,2011,4565021
CAF,Central African Republic,2010,4492995
CAF,Central African Republic,2009,4529047
CAF,Central African Republic,2008,4558984
CAF,Central African Republic,2007,4462770
CAF,Central African Republic,2006,4377579
CAF,Central African Republic,2005,4288810
CAF,Central African Republic,2004,4192826
CAF,Central African Republic,2003,4103086
CAF,Central African Republic,2002,4006077
CAF,Central African Republic,2001,3919487
CAF,Central African Republic,2000,3833416
CAF,Central African Republic,1999,3729450
CAF,Central African Republic,1998,3628827
CAF,Central African Republic,1997,3531700
CAF,Central African Republic,1996,3435965
CAF,Central African Republic,1995,3348052
CAF,Central African Republic,1994,3257954
CAF,Central African Republic,1993,3157839
CAF,Central African Republic,1992,3058831
CAF,Central African Republic,1991,2963191
CAF,Central African Republic,1990,2871910
TCD,Chad,2020,17224679
TCD,Chad,2019,16685223
TCD,Chad,2018,16156531
TCD,Chad,2017,15622759
TCD,Chad,2016,15114655
TCD,Chad,2015,14647621
TCD,Chad,2014,14188678
TCD,Chad,2013,13691079
TCD,Chad,2012,13210998
TCD,Chad,2011,12754997
TCD,Chad,2010,12312575
TCD,Chad,2009,11893754
TCD,Chad,2008,11476296
TCD,Chad,2007,11081660
TCD,Chad,2006,10706424
TCD,Chad,2005,10328092
TCD,Chad,2004,9920036
TCD,Chad,2003,9487833
TCD,Chad,2002,9116192
TCD,Chad,2001,8804124
TCD,Chad,2000,8512093
TCD,Chad,1999,8222705
TCD,Chad,1998,7938840
TCD,Chad,1997,7670366
TCD,Chad,1996,7410108
TCD,Chad,1995,7089064
TCD,Chad,1994,6783450
TCD,Chad,1993,6629146
TCD,Chad,1992,6474656
TCD,Chad,1991,6205676
TCD,Chad,1990,5982833
CHI,Channel Islands,2020,166235
CHI,Channel Islands,2019,165639
CHI,Channel Islands,2018,164949
CHI,Channel Islands,2017,164319
CHI,Channel Islands,2016,163883
CHI,Channel Islands,2015,163454
CHI,Channel Islands,2014,162726
CHI,Channel Islands,2013,161777
CHI,Channel Islands,2012,160767
CHI,Channel Islands,2011,159706
CHI,Channel Islands,2010,158621
CHI,Channel Islands,2009,157511
CHI,Channel Islands,2008,156408
CHI,Channel Islands,2007,155309
CHI,Channel Islands,2006,154214
CHI,Channel Islands,2005,153126
CHI,Channel Islands,2004,152039
CHI,Channel Islands,2003,150960
CHI,Channel Islands,2002,149881
CHI,Channel Islands,2001,148850
CHI,Channel Islands,2000,148110
CHI,Channel Islands,1999,147554
CHI,Channel Islands,1998,146906
CHI,Channel Islands,1997,146214
CHI,Channel Islands,1996,145565
CHI,Channel Islands,1995,145247
CHI,Channel Islands,1994,145163
CHI,Channel Islands,1993,144984
CHI,Channel Islands,1992,144733
CHI,Channel Islands,1991,144269
CHI,Channel Islands,1990,143087
CHL,Chile,2020,19370624
CHL,Chile,2019,19197744
CHL,Chile,2018,18893191
CHL,Chile,2017,18558868
CHL,Chile,2016,18267221
CHL,Chile,2015,18047625
CHL,Chile,2014,17864195
CHL,Chile,2013,17687006
CHL,Chile,2012,17519119
CHL,Chile,2011,17351816
CHL,Chile,2010,17181464
CHL,Chile,2009,17009731
CHL,Chile,2008,16838988
CHL,Chile,2007,16671581
CHL,Chile,2006,16509195
CHL,Chile,2005,16348778
CHL,Chile,2004,16187322
CHL,Chile,2003,16024752
CHL,Chile,2002,15857925
CHL,Chile,2001,15683849
CHL,Chile,2000,15503635
CHL,Chile,1999,15319313
CHL,Chile,1998,15127799
CHL,Chile,1997,14932434
CHL,Chile,1996,14734046
CHL,Chile,1995,14527381
CHL,Chile,1994,14316256
CHL,Chile,1993,14102276
CHL,Chile,1992,13884577
CHL,Chile,1991,13662491
CHL,Chile,1990,13437176
CHN,China,2020,1411100000
CHN,China,2019,1407745000
CHN,China,2018,1402760000
CHN,China,2017,1396215000
CHN,China,2016,1387790000
CHN,China,2015,1379860000
CHN,China,2014,1371860000
CHN,China,2013,1363240000
CHN,China,2012,1354190000
CHN,China,2011,1345035000
CHN,China,2010,1337705000
CHN,China,2009,1331260000
CHN,China,2008,1324655000
CHN,China,2007,1317885000
CHN,China,2006,1311020000
CHN,China,2005,1303720000
CHN,China,2004,1296075000
CHN,China,2003,1288400000
CHN,China,2002,1280400000
CHN,China,2001,1271850000
CHN,China,2000,1262645000
CHN,China,1999,1252735000
CHN,China,1998,1241935000
CHN,China,1997,1230075000
CHN,China,1996,1217550000
CHN,China,1995,1204855000
CHN,China,1994,1191835000
CHN,China,1993,1178440000
CHN,China,1992,1164970000
CHN,China,1991,1150780000
CHN,China,1990,1135185000
COL,Colombia,2020,50629997
COL,Colombia,2019,49907985
COL,Colombia,2018,49024465
COL,Colombia,2017,48131078
COL,Colombia,2016,47437512
COL,Colombia,2015,46969940
COL,Colombia,2014,46565429
COL,Colombia,2013,46151584
COL,Colombia,2012,45715810
COL,Colombia,2011,45259614
COL,Colombia,2010,44777319
COL,Colombia,2009,44271541
COL,Colombia,2008,43758808
COL,Colombia,2007,43235374
COL,Colombia,2006,42691084
COL,Colombia,2005,42128977
COL,Colombia,2004,41543171
COL,Colombia,2003,40937429
COL,Colombia,2002,40324680
COL,Colombia,2001,39709262
COL,Colombia,2000,39089934
COL,Colombia,1999,38454863
COL,Colombia,1998,37792165
COL,Colombia,1997,37121149
COL,Colombia,1996,36462745
COL,Colombia,1995,35804662
COL,Colombia,1994,35127410
COL,Colombia,1993,34441473
COL,Colombia,1992,33760571
COL,Colombia,1991,33098372
COL,Colombia,1990,32440069
COM,Comoros,2020,802163
COM,Comoros,2019,786578
COM,Comoros,2018,771590
COM,Comoros,2017,756669
COM,Comoros,2016,741741
COM,Comoros,2015,726682
COM,Comoros,2014,711503
COM,Comoros,2013,696192
COM,Comoros,2012,681630
COM,Comoros,2011,668056
COM,Comoros,2010,654836
COM,Comoros,2009,641947
COM,Comoros,2008,629307
COM,Comoros,2007,616927
COM,Comoros,2006,604753
COM,Comoros,2005,592677
COM,Comoros,2004,580704
COM,Comoros,2003,569798
COM,Comoros,2002,558923
COM,Comoros,2001,547220
COM,Comoros,2000,536080
COM,Comoros,1999,525886
COM,Comoros,1998,516597
COM,Comoros,1997,507777
COM,Comoros,1996,499107
COM,Comoros,1995,490586
COM,Comoros,1994,482142
COM,Comoros,1993,473682
COM,Comoros,1992,465113
COM,Comoros,1991,455556
COM,Comoros,1990,444596
COD,"Congo, Dem. Rep.",2020,95989998
COD,"Congo, Dem. Rep.",2019,92947442
COD,"Congo, Dem. Rep.",2018,90047644
COD,"Congo, Dem. Rep.",2017,87083398
COD,"Congo, Dem. Rep.",2016,83956415
COD,"Congo, Dem. Rep.",2015,81035531
COD,"Congo, Dem. Rep.",2014,78403242
COD,"Congo, Dem. Rep.",2013,75789395
COD,"Congo, Dem. Rep.",2012,73254618
COD,"Congo, Dem. Rep.",2011,70849311
COD,"Congo, Dem. Rep.",2010,68563038
COD,"Congo, Dem. Rep.",2009,66412044
COD,"Congo, Dem. Rep.",2008,64390664
COD,"Congo, Dem. Rep.",2007,62477752
COD,"Congo, Dem. Rep.",2006,60615908
COD,"Congo, Dem. Rep.",2005,58775724
COD,"Congo, Dem. Rep.",2004,56997741
COD,"Congo, Dem. Rep.",2003,55343867
COD,"Congo, Dem. Rep.",2002,53750524
COD,"Congo, Dem. Rep.",2001,52132646
COD,"Congo, Dem. Rep.",2000,50507442
COD,"Congo, Dem. Rep.",1999,48912971
COD,"Congo, Dem. Rep.",1998,47297600
COD,"Congo, Dem. Rep.",1997,46029902
COD,"Congo, Dem. Rep.",1996,45296124
COD,"Congo, Dem. Rep.",1995,44433704
COD,"Congo, Dem. Rep.",1994,42626876
COD,"Congo, Dem. Rep.",1993,40656336
COD,"Congo, Dem. Rep.",1992,39228910
COD,"Congo, Dem. Rep.",1991,37925817
COD,"Congo, Dem. Rep.",1990,36684063
COG,"Congo, Rep.",2020,5752791
COG,"Congo, Rep.",2019,5616661
COG,"Congo, Rep.",2018,5483118
COG,"Congo, Rep.",2017,5351011
COG,"Congo, Rep.",2016,5222536
COG,"Congo, Rep.",2015,5097581
COG,"Congo, Rep.",2014,4975880
COG,"Congo, Rep.",2013,4857099
COG,"Congo, Rep.",2012,4740450
COG,"Congo, Rep.",2011,4609724
COG,"Congo, Rep.",2010,4462290
COG,"Congo, Rep.",2009,4281219
COG,"Congo, Rep.",2008,4113517
COG,"Congo, Rep.",2007,3980430
COG,"Congo, Rep.",2006,3837409
COG,"Congo, Rep.",2005,3696393
COG,"Congo, Rep.",2004,3565554
COG,"Congo, Rep.",2003,3445753
COG,"Congo, Rep.",2002,3350771
COG,"Congo, Rep.",2001,3272537
COG,"Congo, Rep.",2000,3151345
COG,"Congo, Rep.",1999,3032874
COG,"Congo, Rep.",1998,2952061
COG,"Congo, Rep.",1997,2887862
COG,"Congo, Rep.",1996,2826785
COG,"Congo, Rep.",1995,2749461
COG,"Congo, Rep.",1994,2673144
COG,"Congo, Rep.",1993,2595124
COG,"Congo, Rep.",1992,2519465
COG,"Congo, Rep.",1991,2449229
COG,"Congo, Rep.",1990,2380560
CRI,Costa Rica,2020,5034320
CRI,Costa Rica,2019,4999553
CRI,Costa Rica,2018,4957818
CRI,Costa Rica,2017,4913177
CRI,Costa Rica,2016,4866998
CRI,Costa Rica,2015,4818038
CRI,Costa Rica,2014,4767119
CRI,Costa Rica,2013,4716147
CRI,Costa Rica,2012,4663934
CRI,Costa Rica,2011,4609833
CRI,Costa Rica,2010,4555962
CRI,Costa Rica,2009,4499791
CRI,Costa Rica,2008,4440056
CRI,Costa Rica,2007,4380248
CRI,Costa Rica,2006,4321340
CRI,Costa Rica,2005,4261240
CRI,Costa Rica,2004,4200078
CRI,Costa Rica,2003,4138784
CRI,Costa Rica,2002,4075705
CRI,Costa Rica,2001,4008947
CRI,Costa Rica,2000,3937739
CRI,Costa Rica,1999,3862101
CRI,Costa Rica,1998,3782838
CRI,Costa Rica,1997,3701711
CRI,Costa Rica,1996,3619013
CRI,Costa Rica,1995,3535176
CRI,Costa Rica,1994,3451122
CRI,Costa Rica,1993,3367434
CRI,Costa Rica,1992,3284258
CRI,Costa Rica,1991,3202176
CRI,Costa Rica,1990,3121706
CIV,Cote d'Ivoire,2020,28915449
CIV,Cote d'Ivoire,2019,28193009
CIV,Cote d'Ivoire,2018,27464173
CIV,Cote d'Ivoire,2017,26733372
CIV,Cote d'Ivoire,2016,25989405
CIV,Cote d'Ivoire,2015,25246342
CIV,Cote d'Ivoire,2014,24527395
CIV,Cote d'Ivoire,2013,23939775
CIV,Cote d'Ivoire,2012,23467078
CIV,Cote d'Ivoire,2011,22982000
CIV,Cote d'Ivoire,2010,22488065
CIV,Cote d'Ivoire,2009,21997940
CIV,Cote d'Ivoire,2008,21514439
CIV,Cote d'Ivoire,2007,21030558
CIV,Cote d'Ivoire,2006,20546802
CIV,Cote d'Ivoire,2005,20068458
CIV,Cote d'Ivoire,2004,19595000
CIV,Cote d'Ivoire,2003,19125542
CIV,Cote d'Ivoire,2002,18654771
CIV,Cote d'Ivoire,2001,18178913
CIV,Cote d'Ivoire,2000,17699004
CIV,Cote d'Ivoire,1999,17215935
CIV,Cote d'Ivoire,1998,16663948
CIV,Cote d'Ivoire,1997,16047170
CIV,Cote d'Ivoire,1996,15442312
CIV,Cote d'Ivoire,1995,14855565
CIV,Cote d'Ivoire,1994,14287201
CIV,Cote d'Ivoire,1993,13735951
CIV,Cote d'Ivoire,1992,13200310
CIV,Cote d'Ivoire,1991,12683870
CIV,Cote d'Ivoire,1990,12189778
HRV,Croatia,2020,3914206
HRV,Croatia,2019,3949390
HRV,Croatia,2018,3988775
HRV,Croatia,2017,4041407
HRV,Croatia,2016,4106867
HRV,Croatia,2015,4151725
HRV,Croatia,2014,4201598
HRV,Croatia,2013,4233922
HRV,Croatia,2012,4260368
HRV,Croatia,2011,4280622
HRV,Croatia,2010,4295427
HRV,Croatia,2009,4305181
HRV,Croatia,2008,4309705
HRV,Croatia,2007,4310217
HRV,Croatia,2006,4311159
HRV,Croatia,2005,4310145
HRV,Croatia,2004,4304600
HRV,Croatia,2003,4303399
HRV,Croatia,2002,4302174
HRV,Croatia,2001,4299642
HRV,Croatia,2000,4468302
HRV,Croatia,1999,4512597
HRV,Croatia,1998,4532135
HRV,Croatia,1997,4534920
HRV,Croatia,1996,4557097
HRV,Croatia,1995,4620030
HRV,Croatia,1994,4652024
HRV,Croatia,1993,4600463
HRV,Croatia,1992,4575818
HRV,Croatia,1991,4689022
HRV,Croatia,1990,4777368
CUB,Cuba,2020,11176354
CUB,Cuba,2019,11202846
CUB,Cuba,2018,11227118
CUB,Cuba,2017,11247829
CUB,Cuba,2016,11265612
CUB,Cuba,2015,11275065
CUB,Cuba,2014,11285775
CUB,Cuba,2013,11298167
CUB,Cuba,2012,11303175
CUB,Cuba,2011,11301571
CUB,Cuba,2010,11297409
CUB,Cuba,2009,11294719
CUB,Cuba,2008,11291762
CUB,Cuba,2007,11287272
CUB,Cuba,2006,11278550
CUB,Cuba,2005,11262554
CUB,Cuba,2004,11238756
CUB,Cuba,2003,11209383
CUB,Cuba,2002,11177418
CUB,Cuba,2001,11144132
CUB,Cuba,2000,11109109
CUB,Cuba,1999,11072230
CUB,Cuba,1998,11034712
CUB,Cuba,1997,10997934
CUB,Cuba,1996,10962010
CUB,Cuba,1995,10925362
CUB,Cuba,1994,10886021
CUB,Cuba,1993,10841031
CUB,Cuba,1992,10785801
CUB,Cuba,1991,10717640
CUB,Cuba,1990,10631799
CUW,Curacao,2020,155482
CUW,Curacao,2019,157441
CUW,Curacao,2018,159336
CUW,Curacao,2017,160175
CUW,Curacao,2016,159664
CUW,Curacao,2015,157980
CUW,Curacao,2014,155909
CUW,Curacao,2013,153822
CUW,Curacao,2012,152088
CUW,Curacao,2011,150831
CUW,Curacao,2010,148703
CUW,Curacao,2009,146833
CUW,Curacao,2008,145880
CUW,Curacao,2007,144056
CUW,Curacao,2006,141239
CUW,Curacao,2005,137658
CUW,Curacao,2004,134192
CUW,Curacao,2003,131897
CUW,Curacao,2002,129205
CUW,Curacao,2001,129047
CUW,Curacao,2000,133860
CUW,Curacao,1999,139428
CUW,Curacao,1998,144472
CUW,Curacao,1997,146956
CUW,Curacao,1996,146306
CUW,Curacao,1995,145139
CUW,Curacao,1994,144630
CUW,Curacao,1993,144299
CUW,Curacao,1992,143912
CUW,Curacao,1991,144403
CUW,Curacao,1990,145400
CYP,Cyprus,2020,1302247
CYP,Cyprus,2019,1286671
CYP,Cyprus,2018,1270737
CYP,Cyprus,2017,1254275
CYP,Cyprus,2016,1237112
CYP,Cyprus,2015,1219502
CYP,Cyprus,2014,1201801
CYP,Cyprus,2013,1183895
CYP,Cyprus,2012,1165397
CYP,Cyprus,2011,1146493
CYP,Cyprus,2010,1127816
CYP,Cyprus,2009,1109371
CYP,Cyprus,2008,1091026
CYP,Cyprus,2007,1072714
CYP,Cyprus,2006,1054418
CYP,Cyprus,2005,1036151
CYP,Cyprus,2004,1017875
CYP,Cyprus,2003,999590
CYP,Cyprus,2002,981440
CYP,Cyprus,2001,964127
CYP,Cyprus,2000,947667
CYP,Cyprus,1999,931234
CYP,Cyprus,1998,914548
CYP,Cyprus,1997,897568
CYP,Cyprus,1996,880290
CYP,Cyprus,1995,862695
CYP,Cyprus,1994,844667
CYP,Cyprus,1993,826034
CYP,Cyprus,1992,810341
CYP,Cyprus,1991,798944
CYP,Cyprus,1990,788351
CZE,Czechia,2020,10697858
CZE,Czechia,2019,10671870
CZE,Czechia,2018,10629928
CZE,Czechia,2017,10594438
CZE,Czechia,2016,10566332
CZE,Czechia,2015,10546059
CZE,Czechia,2014,10525347
CZE,Czechia,2013,10514272
CZE,Czechia,2012,10510785
CZE,Czechia,2011,10496088
CZE,Czechia,2010,10474410
CZE,Czechia,2009,10443936
CZE,Czechia,2008,10384603
CZE,Czechia,2007,10298828
CZE,Czechia,2006,10238905
CZE,Czechia,2005,10211216
CZE,Czechia,2004,10197101
CZE,Czechia,2003,10193998
CZE,Czechia,2002,10196916
CZE,Czechia,2001,10216605
CZE,Czechia,2000,10255063
CZE,Czechia,1999,10283860
CZE,Czechia,1998,10294373
CZE,Czechia,1997,10304131
CZE,Czechia,1996,10315241
CZE,Czechia,1995,10327253
CZE,Czechia,1994,10333587
CZE,Czechia,1993,10329855
CZE,Czechia,1992,10319123
CZE,Czechia,1991,10308578
CZE,Czechia,1990,10333355
DNK,Denmark,2020,5831404
DNK,Denmark,2019,5814422
DNK,Denmark,2018,5793636
DNK,Denmark,2017,5764980
DNK,Denmark,2016,5728010
DNK,Denmark,2015,5683483
DNK,Denmark,2014,5643475
DNK,Denmark,2013,5614932
DNK,Denmark,2012,5591572
DNK,Denmark,2011,5570572
DNK,Denmark,2010,5547683
DNK,Denmark,2009,5523095
DNK,Denmark,2008,5493621
DNK,Denmark,2007,5461438
DNK,Denmark,2006,5437272
DNK,Denmark,2005,5419432
DNK,Denmark,2004,5404523
DNK,Denmark,2003,5390574
DNK,Denmark,2002,5375931
DNK,Denmark,2001,5358783
DNK,Denmark,2000,5339616
DNK,Denmark,1999,5321799
DNK,Denmark,1998,5304219
DNK,Denmark,1997,5284991
DNK,Denmark,1996,5263074
DNK,Denmark,1995,5233373
DNK,Denmark,1994,5206180
DNK,Denmark,1993,5188628
DNK,Denmark,1992,5171370
DNK,Denmark,1991,5154298
DNK,Denmark,1990,5140939
DJI,Djibouti,2020,1105188
DJI,Djibouti,2019,1088709
DJI,Djibouti,2018,1071882
DJI,Djibouti,2017,1054841
DJI,Djibouti,2016,1037653
DJI,Djibouti,2015,1020313
DJI,Djibouti,2014,1002717
DJI,Djibouti,2013,984824
DJI,Djibouti,2012,966747
DJI,Djibouti,2011,948558
DJI,Djibouti,2010,930251
DJI,Djibouti,2009,911527
DJI,Djibouti,2008,892734
DJI,Djibouti,2007,874528
DJI,Djibouti,2006,855764
DJI,Djibouti,2005,839167
DJI,Djibouti,2004,826124
DJI,Djibouti,2003,813519
DJI,Djibouti,2002,795574
DJI,Djibouti,2001,771313
DJI,Djibouti,2000,747318
DJI,Djibouti,1999,724218
DJI,Djibouti,1998,699352
DJI,Djibouti,1997,671817
DJI,Djibouti,1996,648348
DJI,Djibouti,1995,633074
DJI,Djibouti,1994,626710
DJI,Djibouti,1993,614245
DJI,Djibouti,1992,626010
DJI,Djibouti,1991,631092
DJI,Djibouti,1990,579538
DMA,Dominica,2020,67573
DMA,Dominica,2019,67880
DMA,Dominica,2018,68174
DMA,Dominica,2017,68496
DMA,Dominica,2016,69606
DMA,Dominica,2015,70410
DMA,Dominica,2014,70373
DMA,Dominica,2013,69715
DMA,Dominica,2012,69118
DMA,Dominica,2011,69053
DMA,Dominica,2010,68859
DMA,Dominica,2009,68864
DMA,Dominica,2008,68854
DMA,Dominica,2007,68847
DMA,Dominica,2006,68806
DMA,Dominica,2005,68734
DMA,Dominica,2004,68649
DMA,Dominica,2003,68531
DMA,Dominica,2002,68367
DMA,Dominica,2001,68288
DMA,Dominica,2000,68511
DMA,Dominica,1999,68870
DMA,Dominica,1998,69124
DMA,Dominica,1997,69299
DMA,Dominica,1996,69410
DMA,Dominica,1995,69469
DMA,Dominica,1994,69477
DMA,Dominica,1993,69433
DMA,Dominica,1992,69325
DMA,Dominica,1991,69296
DMA,Dominica,1990,69627
DOM,Dominican Republic,2020,11008300
DOM,Dominican Republic,2019,10894043
DOM,Dominican Republic,2018,10782053
DOM,Dominican Republic,2017,10666843
DOM,Dominican Republic,2016,10551430
DOM,Dominican Republic,2015,10434829
DOM,Dominican Republic,2014,10315528
DOM,Dominican Republic,2013,10193833
DOM,Dominican Republic,2012,10070411
DOM,Dominican Republic,2011,9945621
DOM,Dominican Republic,2010,9820175
DOM,Dominican Republic,2009,9695265
DOM,Dominican Republic,2008,9573130
DOM,Dominican Republic,2007,9455658
DOM,Dominican Republic,2006,9341183
DOM,Dominican Republic,2005,9225034
DOM,Dominican Republic,2004,9104892
DOM,Dominican Republic,2003,8980620
DOM,Dominican Republic,2002,8852235
DOM,Dominican Republic,2001,8720283
DOM,Dominican Republic,2000,8584190
DOM,Dominican Republic,1999,8446208
DOM,Dominican Republic,1998,8310362
DOM,Dominican Republic,1997,8174078
DOM,Dominican Republic,1996,8032894
DOM,Dominican Republic,1995,7888115
DOM,Dominican Republic,1994,7741694
DOM,Dominican Republic,1993,7594572
DOM,Dominican Republic,1992,7447474
DOM,Dominican Republic,1991,7299853
DOM,Dominican Republic,1990,7151166
ECU,Ecuador,2020,17546065
ECU,Ecuador,2019,17340021
ECU,Ecuador,2018,17049547
ECU,Ecuador,2017,16759519
ECU,Ecuador,2016,16505139
ECU,Ecuador,2015,16266225
ECU,Ecuador,2014,16035124
ECU,Ecuador,2013,15807128
ECU,Ecuador,2012,15572194
ECU,Ecuador,2011,15326227
ECU,Ecuador,2010,15076695
ECU,Ecuador,2009,14825954
ECU,Ecuador,2008,14575202
ECU,Ecuador,2007,14328773
ECU,Ecuador,2006,14086131
ECU,Ecuador,2005,13846163
ECU,Ecuador,2004,13608701
ECU,Ecuador,2003,13372306
ECU,Ecuador,2002,13138472
ECU,Ecuador,2001,12910740
ECU,Ecuador,2000,12689206
ECU,Ecuador,1999,12470795
ECU,Ecuador,1998,12251184
ECU,Ecuador,1997,12031127
ECU,Ecuador,1996,11810950
ECU,Ecuador,1995,11590514
ECU,Ecuador,1994,11372197
ECU,Ecuador,1993,11154274
ECU,Ecuador,1992,10930128
ECU,Ecuador,1991,10702380
ECU,Ecuador,1990,10473673
EGY,"Egypt, Arab Rep.",2020,109315124
EGY,"Egypt, Arab Rep.",2019,107553158
EGY,"Egypt, Arab Rep.",2018,105682094
EGY,"Egypt, Arab Rep.",2017,103696057
EGY,"Egypt, Arab Rep.",2016,101644589
EGY,"Egypt, Arab Rep.",2015,99597342
EGY,"Egypt, Arab Rep.",2014,97528654
EGY,"Egypt, Arab Rep.",2013,95333553
EGY,"Egypt, Arab Rep.",2012,93161001
EGY,"Egypt, Arab Rep.",2011,91093059
EGY,"Egypt, Arab Rep.",2010,89196072
EGY,"Egypt, Arab Rep.",2009,87501636
EGY,"Egypt, Arab Rep.",2008,85864789
EGY,"Egypt, Arab Rep.",2007,84276225
EGY,"Egypt, Arab Rep.",2006,82700403
EGY,"Egypt, Arab Rep.",2005,81101004
EGY,"Egypt, Arab Rep.",2004,79477443
EGY,"Egypt, Arab Rep.",2003,77853548
EGY,"Egypt, Arab Rep.",2002,76239137
EGY,"Egypt, Arab Rep.",2001,74652029
EGY,"Egypt, Arab Rep.",2000,73083284
EGY,"Egypt, Arab Rep.",1999,71520954
EGY,"Egypt, Arab Rep.",1998,69943294
EGY,"Egypt, Arab Rep.",1997,68431740
EGY,"Egypt, Arab Rep.",1996,67028048
EGY,"Egypt, Arab Rep.",1995,65652622
EGY,"Egypt, Arab Rep.",1994,64285589
EGY,"Egypt, Arab Rep.",1993,62915681
EGY,"Egypt, Arab Rep.",1992,61480660
EGY,"Egypt, Arab Rep.",1991,60028997
EGY,"Egypt, Arab Rep.",1990,58396618
SLV,El Salvador,2020,6234673
SLV,El Salvador,2019,6222318
SLV,El Salvador,2018,6219807
SLV,El Salvador,2017,6213533
SLV,El Salvador,2016,6200800
SLV,El Salvador,2015,6183676
SLV,El Salvador,2014,6162955
SLV,El Salvador,2013,6138839
SLV,El Salvador,2012,6113975
SLV,El Salvador,2011,6090127
SLV,El Salvador,2010,6068249
SLV,El Salvador,2009,6048279
SLV,El Salvador,2008,6029297
SLV,El Salvador,2007,6009824
SLV,El Salvador,2006,6002319
SLV,El Salvador,2005,6005578
SLV,El Salvador,2004,6004671
SLV,El Salvador,2003,5998599
SLV,El Salvador,2002,5986631
SLV,El Salvador,2001,5968060
SLV,El Salvador,2000,5943366
SLV,El Salvador,1999,5913900
SLV,El Salvador,1998,5880781
SLV,El Salvador,1997,5844578
SLV,El Salvador,1996,5805286
SLV,El Salvador,1995,5762131
SLV,El Salvador,1994,5714129
SLV,El Salvador,1993,5659957
SLV,El Salvador,1992,5585609
SLV,El Salvador,1991,5495077
SLV,El Salvador,1990,5399726
GNQ,Equatorial Guinea,2020,1716468
GNQ,Equatorial Guinea,2019,1670177
GNQ,Equatorial Guinea,2018,1616422
GNQ,Equatorial Guinea,2017,1562396
GNQ,Equatorial Guinea,2016,1508186
GNQ,Equatorial Guinea,2015,1453923
GNQ,Equatorial Guinea,2014,1399828
GNQ,Equatorial Guinea,2013,1346218
GNQ,Equatorial Guinea,2012,1293483
GNQ,Equatorial Guinea,2011,1241835
GNQ,Equatorial Guinea,2010,1189085
GNQ,Equatorial Guinea,2009,1135673
GNQ,Equatorial Guinea,2008,1084530
GNQ,Equatorial Guinea,2007,1036044
GNQ,Equatorial Guinea,2006,990343
GNQ,Equatorial Guinea,2005,947367
GNQ,Equatorial Guinea,2004,899917
GNQ,Equatorial Guinea,2003,847862
GNQ,Equatorial Guinea,2002,797957
GNQ,Equatorial Guinea,2001,749836
GNQ,Equatorial Guinea,2000,703279
GNQ,Equatorial Guinea,1999,667214
GNQ,Equatorial Guinea,1998,641474
GNQ,Equatorial Guinea,1997,616893
GNQ,Equatorial Guinea,1996,593492
GNQ,Equatorial Guinea,1995,571264
GNQ,Equatorial Guinea,1994,550138
GNQ,Equatorial Guinea,1993,530023
GNQ,Equatorial Guinea,1992,510770
GNQ,Equatorial Guinea,1991,492217
GNQ,Equatorial Guinea,1990,474274
ERI,Eritrea,2020,3291271
ERI,Eritrea,2019,3240194
ERI,Eritrea,2018,3192760
ERI,Eritrea,2017,3150347
ERI,Eritrea,2016,3124698
ERI,Eritrea,2015,3105546
ERI,Eritrea,2014,3095173
ERI,Eritrea,2013,3074360
ERI,Eritrea,2012,3036988
ERI,Eritrea,2011,2998485
ERI,Eritrea,2010,2945186
ERI,Eritrea,2009,2887885
ERI,Eritrea,2008,2816327
ERI,Eritrea,2007,2743222
ERI,Eritrea,2006,2703502
ERI,Eritrea,2005,2661215
ERI,Eritrea,2004,2598284
ERI,Eritrea,2003,2493903
ERI,Eritrea,2002,2392978
ERI,Eritrea,2001,2312079
ERI,Eritrea,2000,2247031
ERI,Eritrea,1999,2212780
ERI,Eritrea,1998,2180419
ERI,Eritrea,1997,2152135
ERI,Eritrea,1996,2128464
ERI,Eritrea,1995,2025267
ERI,Eritrea,1994,1913915
ERI,Eritrea,1993,1856006
ERI,Eritrea,1992,1798748
ERI,Eritrea,1991,1919571
ERI,Eritrea,1990,2032737
EST,Estonia,2020,1329522
EST,Estonia,2019,1326898
EST,Estonia,2018,1321977
EST,Estonia,2017,1317384
EST,Estonia,2016,1315790
EST,Estonia,2015,1315407
EST,Estonia,2014,1314545
EST,Estonia,2013,1317997
EST,Estonia,2012,1322696
EST,Estonia,2011,1327439
EST,Estonia,2010,1331475
EST,Estonia,2009,1334515
EST,Estonia,2008,1337090
EST,Estonia,2007,1340680
EST,Estonia,2006,1346810
EST,Estonia,2005,1354775
EST,Estonia,2004,1362550
EST,Estonia,2003,1370720
EST,Estonia,2002,1379350
EST,Estonia,2001,1388115
EST,Estonia,2000,1396985
EST,Estonia,1999,1390244
EST,Estonia,1998,1386156
EST,Estonia,1997,1399535
EST,Estonia,1996,1415594
EST,Estonia,1995,1436634
EST,Estonia,1994,1462514
EST,Estonia,1993,1494128
EST,Estonia,1992,1533091
EST,Estonia,1991,1561314
EST,Estonia,1990,1569174
SWZ,Eswatini,2020,1192729
SWZ,Eswatini,2019,1179874
SWZ,Eswatini,2018,1168929
SWZ,Eswatini,2017,1158195
SWZ,Eswatini,2016,1149507
SWZ,Eswatini,2015,1142813
SWZ,Eswatini,2014,1136299
SWZ,Eswatini,2013,1129990
SWZ,Eswatini,2012,1123863
SWZ,Eswatini,2011,1117833
SWZ,Eswatini,2010,1111650
SWZ,Eswatini,2009,1105153
SWZ,Eswatini,2008,1098091
SWZ,Eswatini,2007,1090705
SWZ,Eswatini,2006,1084436
SWZ,Eswatini,2005,1079022
SWZ,Eswatini,2004,1073159
SWZ,Eswatini,2003,1066700
SWZ,Eswatini,2002,1059441
SWZ,Eswatini,2001,1051064
SWZ,Eswatini,2000,1041414
SWZ,Eswatini,1999,1030782
SWZ,Eswatini,1998,1019653
SWZ,Eswatini,1997,1006635
SWZ,Eswatini,1996,989841
SWZ,Eswatini,1995,970433
SWZ,Eswatini,1994,971212
SWZ,Eswatini,1993,971318
SWZ,Eswatini,1992,943416
SWZ,Eswatini,1991,908189
SWZ,Eswatini,1990,872428
ETH,Ethiopia,2020,118917671
ETH,Ethiopia,2019,115737383
ETH,Ethiopia,2018,112664152
ETH,Ethiopia,2017,109666481
ETH,Ethiopia,2016,106718162
ETH,Ethiopia,2015,103867135
ETH,Ethiopia,2014,101115610
ETH,Ethiopia,2013,98438751
ETH,Ethiopia,2012,95798767
ETH,Ethiopia,2011,93149970
ETH,Ethiopia,2010,90538514
ETH,Ethiopia,2009,88007636
ETH,Ethiopia,2008,85543668
ETH,Ethiopia,2007,83103217
ETH,Ethiopia,2006,80703490
ETH,Ethiopia,2005,78367470
ETH,Ethiopia,2004,76077206
ETH,Ethiopia,2003,73832663
ETH,Ethiopia,2002,71635517
ETH,Ethiopia,2001,69487762
ETH,Ethiopia,2000,67411494
ETH,Ethiopia,1999,65374561
ETH,Ethiopia,1998,63363524
ETH,Ethiopia,1997,61404539
ETH,Ethiopia,1996,59467635
ETH,Ethiopia,1995,57537335
ETH,Ethiopia,1994,55611508
ETH,Ethiopia,1993,53708891
ETH,Ethiopia,1992,51853747
ETH,Ethiopia,1991,49717198
ETH,Ethiopia,1990,47609755
FRO,Faroe Islands,2020,52561
FRO,Faroe Islands,2019,51790
FRO,Faroe Islands,2018,50997
FRO,Faroe Islands,2017,50179
FRO,Faroe Islands,2016,49463
FRO,Faroe Islands,2015,48898
FRO,Faroe Islands,2014,48427
FRO,Faroe Islands,2013,48245
FRO,Faroe Islands,2012,48290
FRO,Faroe Islands,2011,48542
FRO,Faroe Islands,2010,48656
FRO,Faroe Islands,2009,48790
FRO,Faroe Islands,2008,48547
FRO,Faroe Islands,2007,48378
FRO,Faroe Islands,2006,48335
FRO,Faroe Islands,2005,48359
FRO,Faroe Islands,2004,48384
FRO,Faroe Islands,2003,48032
FRO,Faroe Islands,2002,47335
FRO,Faroe Islands,2001,46635
FRO,Faroe Islands,2000,45754
FRO,Faroe Islands,1999,45146
FRO,Faroe Islands,1998,44674
FRO,Faroe Islands,1997,44132
FRO,Faroe Islands,1996,43581
FRO,Faroe Islands,1995,43611
FRO,Faroe Islands,1994,44695
FRO,Faroe Islands,1993,46474
FRO,Faroe Islands,1992,47287
FRO,Faroe Islands,1991,47447
FRO,Faroe Islands,1990,47741
FJI,Fiji,2020,914963
FJI,Fiji,2019,914899
FJI,Fiji,2018,917180
FJI,Fiji,2017,918759
FJI,Fiji,2016,919166
FJI,Fiji,2015,918578
FJI,Fiji,2014,917585
FJI,Fiji,2013,916352
FJI,Fiji,2012,914918
FJI,Fiji,2011,912989
FJI,Fiji,2010,910419
FJI,Fiji,2009,907239
FJI,Fiji,2008,903399
FJI,Fiji,2007,897832
FJI,Fiji,2006,890365
FJI,Fiji,2005,882379
FJI,Fiji,2004,874366
FJI,Fiji,2003,866286
FJI,Fiji,2002,858049
FJI,Fiji,2001,849596
FJI,Fiji,2000,840909
FJI,Fiji,1999,831828
FJI,Fiji,1998,822258
FJI,Fiji,1997,812139
FJI,Fiji,1996,803789
FJI,Fiji,1995,798746
FJI,Fiji,1994,794771
FJI,Fiji,1993,790369
FJI,Fiji,1992,785346
FJI,Fiji,1991,779656
FJI,Fiji,1990,773316
FIN,Finland,2020,5529543
FIN,Finland,2019,5521606
FIN,Finland,2018,5515525
FIN,Finland,2017,5508214
FIN,Finland,2016,5495303
FIN,Finland,2015,5479531
FIN,Finland,2014,5461512
FIN,Finland,2013,5438972
FIN,Finland,2012,5413971
FIN,Finland,2011,5388272
FIN,Finland,2010,5363352
FIN,Finland,2009,5338871
FIN,Finland,2008,5313399
FIN,Finland,2007,5288720
FIN,Finland,2006,5266268
FIN,Finland,2005,5246096
FIN,Finland,2004,5228172
FIN,Finland,2003,5213014
FIN,Finland,2002,5200598
FIN,Finland,2001,5188008
FIN,Finland,2000,5176209
FIN,Finland,1999,5165474
FIN,Finland,1998,5153498
FIN,Finland,1997,5139835
FIN,Finland,1996,5124573
FIN,Finland,1995,5107790
FIN,Finland,1994,5088333
FIN,Finland,1993,5066447
FIN,Finland,1992,5041992
FIN,Finland,1991,5013740
FIN,Finland,1990,4986431
FRA,France,2020,67601110
FRA,France,2019,67382061
FRA,France,2018,67158348
FRA,France,2017,66918020
FRA,France,2016,66724104
FRA,France,2015,66548272
FRA,France,2014,66312067
FRA,France,2013,65997932
FRA,France,2012,65657659
FRA,France,2011,65340830
FRA,France,2010,65026211
FRA,France,2009,64706436
FRA,France,2008,64375116
FRA,France,2007,64016890
FRA,France,2006,63622342
FRA,France,2005,63180854
FRA,France,2004,62707588
FRA,France,2003,62249855
FRA,France,2002,61812142
FRA,France,2001,61364377
FRA,France,2000,60918661
FRA,France,1999,60501986
FRA,France,1998,60190684
FRA,France,1997,59968066
FRA,France,1996,59754504
FRA,France,1995,59541294
FRA,France,1994,59324863
FRA,France,1993,59103094
FRA,France,1992,58846584
FRA,France,1991,58554242
FRA,France,1990,58261012
PYF,French Polynesia,2020,279209
PYF,French Polynesia,2019,279034
PYF,French Polynesia,2018,279815
PYF,French Polynesia,2017,280087
PYF,French Polynesia,2016,279178
PYF,French Polynesia,2015,277866
PYF,French Polynesia,2014,276387
PYF,French Polynesia,2013,274728
PYF,French Polynesia,2012,273084
PYF,French Polynesia,2011,271727
PYF,French Polynesia,2010,270580
PYF,French Polynesia,2009,269481
PYF,French Polynesia,2008,268379
PYF,French Polynesia,2007,266438
PYF,French Polynesia,2006,263223
PYF,French Polynesia,2005,259507
PYF,French Polynesia,2004,255654
PYF,French Polynesia,2003,251637
PYF,French Polynesia,2002,247775
PYF,French Polynesia,2001,244097
PYF,French Polynesia,2000,240337
PYF,French Polynesia,1999,236595
PYF,French Polynesia,1998,232891
PYF,French Polynesia,1997,229121
PYF,French Polynesia,1996,225489
PYF,French Polynesia,1995,222118
PYF,French Polynesia,1994,218738
PYF,French Polynesia,1993,215219
PYF,French Polynesia,1992,211559
PYF,French Polynesia,1991,207744
PYF,French Polynesia,1990,203776
GAB,Gabon,2020,2322539
GAB,Gabon,2019,2267706
GAB,Gabon,2018,2212318
GAB,Gabon,2017,2156900
GAB,Gabon,2016,2100306
GAB,Gabon,2015,2040989
GAB,Gabon,2014,1978399
GAB,Gabon,2013,1913059
GAB,Gabon,2012,1846889
GAB,Gabon,2011,1781985
GAB,Gabon,2010,1719879
GAB,Gabon,2009,1661556
GAB,Gabon,2008,1607175
GAB,Gabon,2007,1556237
GAB,Gabon,2006,1508337
GAB,Gabon,2005,1463495
GAB,Gabon,2004,1421609
GAB,Gabon,2003,1382350
GAB,Gabon,2002,1345135
GAB,Gabon,2001,1309589
GAB,Gabon,2000,1275572
GAB,Gabon,1999,1243016
GAB,Gabon,1998,1211736
GAB,Gabon,1997,1181439
GAB,Gabon,1996,1152015
GAB,Gabon,1995,1123213
GAB,Gabon,1994,1094720
GAB,Gabon,1993,1066405
GAB,Gabon,1992,1038380
GAB,Gabon,1991,1010818
GAB,Gabon,1990,983734
GMB,"Gambia, The",2020,2515733
GMB,"Gambia, The",2019,2456844
GMB,"Gambia, The",2018,2399632
GMB,"Gambia, The",2017,2342189
GMB,"Gambia, The",2016,2283769
GMB,"Gambia, The",2015,2224529
GMB,"Gambia, The",2014,2164528
GMB,"Gambia, The",2013,2103820
GMB,"Gambia, The",2012,2043094
GMB,"Gambia, The",2011,1983784
GMB,"Gambia, The",2010,1926630
GMB,"Gambia, The",2009,1871422
GMB,"Gambia, The",2008,1817852
GMB,"Gambia, The",2007,1765774
GMB,"Gambia, The",2006,1715275
GMB,"Gambia, The",2005,1667037
GMB,"Gambia, The",2004,1621312
GMB,"Gambia, The",2003,1577611
GMB,"Gambia, The",2002,1535691
GMB,"Gambia, The",2001,1495011
GMB,"Gambia, The",2000,1455084
GMB,"Gambia, The",1999,1415779
GMB,"Gambia, The",1998,1376987
GMB,"Gambia, The",1997,1338889
GMB,"Gambia, The",1996,1301410
GMB,"Gambia, The",1995,1264313
GMB,"Gambia, The",1994,1227226
GMB,"Gambia, The",1993,1188365
GMB,"Gambia, The",1992,1145582
GMB,"Gambia, The",1991,1099959
GMB,"Gambia, The",1990,1054696
GEO,Georgia,2020,3722716
GEO,Georgia,2019,3720161
GEO,Georgia,2018,3726549
GEO,Georgia,2017,3728004
GEO,Georgia,2016,3727505
GEO,Georgia,2015,3725276
GEO,Georgia,2014,3719414
GEO,Georgia,2013,3717668
GEO,Georgia,2012,3728874
GEO,Georgia,2011,3756441
GEO,Georgia,2010,3786695
GEO,Georgia,2009,3814419
GEO,Georgia,2008,3848449
GEO,Georgia,2007,3860158
GEO,Georgia,2006,3880347
GEO,Georgia,2005,3902469
GEO,Georgia,2004,3927340
GEO,Georgia,2003,3951736
GEO,Georgia,2002,3978515
GEO,Georgia,2001,4014373
GEO,Georgia,2000,4077131
GEO,Georgia,1999,4157192
GEO,Georgia,1998,4243607
GEO,Georgia,1997,4349913
GEO,Georgia,1996,4491699
GEO,Georgia,1995,4657722
GEO,Georgia,1994,4836076
GEO,Georgia,1993,4911100
GEO,Georgia,1992,4873500
GEO,Georgia,1991,4835900
GEO,Georgia,1990,4802000
DEU,Germany,2020,83160871
DEU,Germany,2019,83092962
DEU,Germany,2018,82905782
DEU,Germany,2017,82657002
DEU,Germany,2016,82348669
DEU,Germany,2015,81686611
DEU,Germany,2014,80982500
DEU,Germany,2013,80645605
DEU,Germany,2012,80425823
DEU,Germany,2011,80274983
DEU,Germany,2010,81776930
DEU,Germany,2009,81902307
DEU,Germany,2008,82110097
DEU,Germany,2007,82266372
DEU,Germany,2006,82376451
DEU,Germany,2005,82469422
DEU,Germany,2004,82516260
DEU,Germany,2003,82534176
DEU,Germany,2002,82488495
DEU,Germany,2001,82349925
DEU,Germany,2000,82211508
DEU,Germany,1999,82100243
DEU,Germany,1998,82047195
DEU,Germany,1997,82034771
DEU,Germany,1996,81914831
DEU,Germany,1995,81678051
DEU,Germany,1994,81438348
DEU,Germany,1993,81156363
DEU,Germany,1992,80624598
DEU,Germany,1991,80013896
DEU,Germany,1990,79433029
GHA,Ghana,2020,31887809
GHA,Ghana,2019,31258945
GHA,Ghana,2018,30637585
GHA,Ghana,2017,30008354
GHA,Ghana,2016,29356742
GHA,Ghana,2015,28696068
GHA,Ghana,2014,28041592
GHA,Ghana,2013,27386193
GHA,Ghana,2012,26734268
GHA,Ghana,2011,26095088
GHA,Ghana,2010,25474995
GHA,Ghana,2009,24862664
GHA,Ghana,2008,24249946
GHA,Ghana,2007,23642279
GHA,Ghana,2006,23040702
GHA,Ghana,2005,22449438
GHA,Ghana,2004,21868298
GHA,Ghana,2003,21296705
GHA,Ghana,2002,20729388
GHA,Ghana,2001,20167069
GHA,Ghana,2000,19637087
GHA,Ghana,1999,19149864
GHA,Ghana,1998,18688036
GHA,Ghana,1997,18238958
GHA,Ghana,1996,17810181
GHA,Ghana,1995,17399017
GHA,Ghana,1994,16993190
GHA,Ghana,1993,16589519
GHA,Ghana,1992,16184855
GHA,Ghana,1991,15787496
GHA,Ghana,1990,15394648
GIB,Gibraltar,2020,36173
GIB,Gibraltar,2019,35494
GIB,Gibraltar,2018,34854
GIB,Gibraltar,2017,34245
GIB,Gibraltar,2016,33658
GIB,Gibraltar,2015,33193
GIB,Gibraltar,2014,32813
GIB,Gibraltar,2013,32407
GIB,Gibraltar,2012,32029
GIB,Gibraltar,2011,31660
GIB,Gibraltar,2010,31248
GIB,Gibraltar,2009,30823
GIB,Gibraltar,2008,30413
GIB,Gibraltar,2007,30006
GIB,Gibraltar,2006,29594
GIB,Gibraltar,2005,29163
GIB,Gibraltar,2004,28715
GIB,Gibraltar,2003,28274
GIB,Gibraltar,2002,27831
GIB,Gibraltar,2001,27657
GIB,Gibraltar,2000,27709
GIB,Gibraltar,1999,27692
GIB,Gibraltar,1998,27650
GIB,Gibraltar,1997,27582
GIB,Gibraltar,1996,27487
GIB,Gibraltar,1995,27377
GIB,Gibraltar,1994,27239
GIB,Gibraltar,1993,27070
GIB,Gibraltar,1992,26878
GIB,Gibraltar,1991,26898
GIB,Gibraltar,1990,27200
GRC,Greece,2020,10698599
GRC,Greece,2019,10721582
GRC,Greece,2018,10732882
GRC,Greece,2017,10754679
GRC,Greece,2016,10775971
GRC,Greece,2015,10820883
GRC,Greece,2014,10892413
GRC,Greece,2013,10965211
GRC,Greece,2012,11045011
GRC,Greece,2011,11104899
GRC,Greece,2010,11121341
GRC,Greece,2009,11107017
GRC,Greece,2008,11077841
GRC,Greece,2007,11048473
GRC,Greece,2006,11020362
GRC,Greece,2005,10987314
GRC,Greece,2004,10955141
GRC,Greece,2003,10928070
GRC,Greece,2002,10902022
GRC,Greece,2001,10862132
GRC,Greece,2000,10805808
GRC,Greece,1999,10761698
GRC,Greece,1998,10720509
GRC,Greece,1997,10661259
GRC,Greece,1996,10608800
GRC,Greece,1995,10562153
GRC,Greece,1994,10512922
GRC,Greece,1993,10460415
GRC,Greece,1992,10399061
GRC,Greece,1991,10319927
GRC,Greece,1990,10196792
GRL,Greenland,2020,56367
GRL,Greenland,2019,56225
GRL,Greenland,2018,56023
GRL,Greenland,2017,56172
GRL,Greenland,2016,56186
GRL,Greenland,2015,56114
GRL,Greenland,2014,56295
GRL,Greenland,2013,56483
GRL,Greenland,2012,56810
GRL,Greenland,2011,56890
GRL,Greenland,2010,56534
GRL,Greenland,2009,56323
GRL,Greenland,2008,56328
GRL,Greenland,2007,56555
GRL,Greenland,2006,56775
GRL,Greenland,2005,56935
GRL,Greenland,2004,56898
GRL,Greenland,2003,56751
GRL,Greenland,2002,56595
GRL,Greenland,2001,56379
GRL,Greenland,2000,56185
GRL,Greenland,1999,56100
GRL,Greenland,1998,56100
GRL,Greenland,1997,56000
GRL,Greenland,1996,55900
GRL,Greenland,1995,55800
GRL,Greenland,1994,55500
GRL,Greenland,1993,55200
GRL,Greenland,1992,55300
GRL,Greenland,1991,55500
GRL,Greenland,1990,55600
GRD,Grenada,2020,116341
GRD,Grenada,2019,115981
GRD,Grenada,2018,115691
GRD,Grenada,2017,115438
GRD,Grenada,2016,115130
GRD,Grenada,2015,114676
GRD,Grenada,2014,114132
GRD,Grenada,2013,113487
GRD,Grenada,2012,112775
GRD,Grenada,2011,112079
GRD,Grenada,2010,111586
GRD,Grenada,2009,111254
GRD,Grenada,2008,110896
GRD,Grenada,2007,110522
GRD,Grenada,2006,110135
GRD,Grenada,2005,109734
GRD,Grenada,2004,109323
GRD,Grenada,2003,108884
GRD,Grenada,2002,108404
GRD,Grenada,2001,107987
GRD,Grenada,2000,107451
GRD,Grenada,1999,106727
GRD,Grenada,1998,106009
GRD,Grenada,1997,105293
GRD,Grenada,1996,104584
GRD,Grenada,1995,103869
GRD,Grenada,1994,103138
GRD,Grenada,1993,102382
GRD,Grenada,1992,101602
GRD,Grenada,1991,100793
GRD,Grenada,1990,99957
GUM,Guam,2020,162158
GUM,Guam,2019,161808
GUM,Guam,2018,162679
GUM,Guam,2017,163490
GUM,Guam,2016,164233
GUM,Guam,2015,164905
GUM,Guam,2014,165486
GUM,Guam,2013,165966
GUM,Guam,2012,166331
GUM,Guam,2011,166543
GUM,Guam,2010,166522
GUM,Guam,2009,166173
GUM,Guam,2008,165693
GUM,Guam,2007,165267
GUM,Guam,2006,164839
GUM,Guam,2005,164365
GUM,Guam,2004,163810
GUM,Guam,2003,163137
GUM,Guam,2002,162315
GUM,Guam,2001,161329
GUM,Guam,2000,160065
GUM,Guam,1999,158289
GUM,Guam,1998,156237
GUM,Guam,1997,154215
GUM,Guam,1996,152169
GUM,Guam,1995,150054
GUM,Guam,1994,147868
GUM,Guam,1993,145654
GUM,Guam,1992,143393
GUM,Guam,1991,141073
GUM,Guam,1990,138610
GTM,Guatemala,2020,17357325
GTM,Guatemala,2019,17103803
GTM,Guatemala,2018,16845685
GTM,Guatemala,2017,16567357
GTM,Guatemala,2016,16268760
GTM,Guatemala,2015,15971743
GTM,Guatemala,2014,15681725
GTM,Guatemala,2013,15387337
GTM,Guatemala,2012,15089647
GTM,Guatemala,2011,14792126
GTM,Guatemala,2010,14500112
GTM,Guatemala,2009,14215611
GTM,Guatemala,2008,13935174
GTM,Guatemala,2007,13652040
GTM,Guatemala,2006,13367459
GTM,Guatemala,2005,13087629
GTM,Guatemala,2004,12807402
GTM,Guatemala,2003,12525842
GTM,Guatemala,2002,12246915
GTM,Guatemala,2001,11969422
GTM,Guatemala,2000,11697592
GTM,Guatemala,1999,11422965
GTM,Guatemala,1998,11139145
GTM,Guatemala,1997,10857754
GTM,Guatemala,1996,10583526
GTM,Guatemala,1995,10312996
GTM,Guatemala,1994,10043718
GTM,Guatemala,1993,9779761
GTM,Guatemala,1992,9522266
GTM,Guatemala,1991,9272584
GTM,Guatemala,1990,9024773
GIN,Guinea,2020,13371183
GIN,Guinea,2019,13034346
GIN,Guinea,2018,12704774
GIN,Guinea,2017,12385659
GIN,Guinea,2016,12073030
GIN,Guinea,2015,11767070
GIN,Guinea,2014,11472924
GIN,Guinea,2013,11191873
GIN,Guinea,2012,10921581
GIN,Guinea,2011,10656810
GIN,Guinea,2010,10396086
GIN,Guinea,2009,10143534
GIN,Guinea,2008,9898870
GIN,Guinea,2007,9662281
GIN,Guinea,2006,9441171
GIN,Guinea,2005,9245844
GIN,Guinea,2004,9062726
GIN,Guinea,2003,8870781
GIN,Guinea,2002,8674066
GIN,Guinea,2001,8539960
GIN,Guinea,2000,8428832
GIN,Guinea,1999,8265123
GIN,Guinea,1998,8081990
GIN,Guinea,1997,7931370
GIN,Guinea,1996,7770035
GIN,Guinea,1995,7553249
GIN,Guinea,1994,7345107
GIN,Guinea,1993,7128177
GIN,Guinea,1992,6914366
GIN,Guinea,1991,6697166
GIN,Guinea,1990,6434374
GNB,Guinea-Bissau,2020,2013255
GNB,Guinea-Bissau,2019,1967696
GNB,Guinea-Bissau,2018,1922168
GNB,Guinea-Bissau,2017,1877072
GNB,Guinea-Bissau,2016,1831893
GNB,Guinea-Bissau,2015,1786457
GNB,Guinea-Bissau,2014,1741122
GNB,Guinea-Bissau,2013,1695973
GNB,Guinea-Bissau,2012,1651417
GNB,Guinea-Bissau,2011,1608076
GNB,Guinea-Bissau,2010,1566347
GNB,Guinea-Bissau,2009,1526377
GNB,Guinea-Bissau,2008,1488054
GNB,Guinea-Bissau,2007,1450986
GNB,Guinea-Bissau,2006,1415303
GNB,Guinea-Bissau,2005,1381585
GNB,Guinea-Bissau,2004,1349563
GNB,Guinea-Bissau,2003,1318806
GNB,Guinea-Bissau,2002,1289307
GNB,Guinea-Bissau,2001,1261273
GNB,Guinea-Bissau,2000,1234741
GNB,Guinea-Bissau,1999,1210206
GNB,Guinea-Bissau,1998,1187473
GNB,Guinea-Bissau,1997,1165545
GNB,Guinea-Bissau,1996,1143535
GNB,Guinea-Bissau,1995,1119949
GNB,Guinea-Bissau,1994,1092031
GNB,Guinea-Bissau,1993,1058745
GNB,Guinea-Bissau,1992,1024356
GNB,Guinea-Bissau,1991,994639
GNB,Guinea-Bissau,1990,973669
GUY,Guyana,2020,807481
GUY,Guyana,2019,807665
GUY,Guyana,2018,791556
GUY,Guyana,2017,768479
GUY,Guyana,2016,763548
GUY,Guyana,2015,758781
GUY,Guyana,2014,754229
GUY,Guyana,2013,750021
GUY,Guyana,2012,746288
GUY,Guyana,2011,746153
GUY,Guyana,2010,749256
GUY,Guyana,2009,752094
GUY,Guyana,2008,754606
GUY,Guyana,2007,756861
GUY,Guyana,2006,758966
GUY,Guyana,2005,760914
GUY,Guyana,2004,762418
GUY,Guyana,2003,763101
GUY,Guyana,2002,763652
GUY,Guyana,2001,764477
GUY,Guyana,2000,764832
GUY,Guyana,1999,764483
GUY,Guyana,1998,763586
GUY,Guyana,1997,762245
GUY,Guyana,1996,760526
GUY,Guyana,1995,758388
GUY,Guyana,1994,755822
GUY,Guyana,1993,752965
GUY,Guyana,1992,749911
GUY,Guyana,1991,747861
GUY,Guyana,1990,749894
HTI,Haiti,2020,11243848
HTI,Haiti,2019,11105163
HTI,Haiti,2018,10962362
HTI,Haiti,2017,10817754
HTI,Haiti,2016,10671457
HTI,Haiti,2015,10523242
HTI,Haiti,2014,10373235
HTI,Haiti,2013,10222362
HTI,Haiti,2012,10069771
HTI,Haiti,2011,9914904
HTI,Haiti,2010,9803294
HTI,Haiti,2009,9689581
HTI,Haiti,2008,9530774
HTI,Haiti,2007,9373296
HTI,Haiti,2006,9216562
HTI,Haiti,2005,9061273
HTI,Haiti,2004,8910263
HTI,Haiti,2003,8759912
HTI,Haiti,2002,8607641
HTI,Haiti,2001,8455918
HTI,Haiti,2000,8303151
HTI,Haiti,1999,8151296
HTI,Haiti,1998,8002143
HTI,Haiti,1997,7854298
HTI,Haiti,1996,7707557
HTI,Haiti,1995,7562546
HTI,Haiti,1994,7419771
HTI,Haiti,1993,7278181
HTI,Haiti,1992,7136571
HTI,Haiti,1991,6995450
HTI,Haiti,1990,6854441
HND,Honduras,2020,10119640
HND,Honduras,2019,9943633
HND,Honduras,2018,9765210
HND,Honduras,2017,9588137
HND,Honduras,2016,9412380
HND,Honduras,2015,9237305
HND,Honduras,2014,9063122
HND,Honduras,2013,8889278
HND,Honduras,2012,8715076
HND,Honduras,2011,8540583
HND,Honduras,2010,8365878
HND,Honduras,2009,8189899
HND,Honduras,2008,8012587
HND,Honduras,2007,7834798
HND,Honduras,2006,7656832
HND,Honduras,2005,7478355
HND,Honduras,2004,7298994
HND,Honduras,2003,7119213
HND,Honduras,2002,6938859
HND,Honduras,2001,6757993
HND,Honduras,2000,6577773
HND,Honduras,1999,6400463
HND,Honduras,1998,6234431
HND,Honduras,1997,6071454
HND,Honduras,1996,5903954
HND,Honduras,1995,5739637
HND,Honduras,1994,5579242
HND,Honduras,1993,5423249
HND,Honduras,1992,5271431
HND,Honduras,1991,5123792
HND,Honduras,1990,4980488
HKG,"Hong Kong SAR, China",2020,7481000
HKG,"Hong Kong SAR, China",2019,7507900
HKG,"Hong Kong SAR, China",2018,7452600
HKG,"Hong Kong SAR, China",2017,7393200
HKG,"Hong Kong SAR, China",2016,7336600
HKG,"Hong Kong SAR, China",2015,7291300
HKG,"Hong Kong SAR, China",2014,7229500
HKG,"Hong Kong SAR, China",2013,7178900
HKG,"Hong Kong SAR, China",2012,7150100
HKG,"Hong Kong SAR, China",2011,7071600
HKG,"Hong Kong SAR, China",2010,7024200
HKG,"Hong Kong SAR, China",2009,6972800
HKG,"Hong Kong SAR, China",2008,6957800
HKG,"Hong Kong SAR, China",2007,6916300
HKG,"Hong Kong SAR, China",2006,6857100
HKG,"Hong Kong SAR, China",2005,6813200
HKG,"Hong Kong SAR, China",2004,6783500
HKG,"Hong Kong SAR, China",2003,6730800
HKG,"Hong Kong SAR, China",2002,6744100
HKG,"Hong Kong SAR, China",2001,6714300
HKG,"Hong Kong SAR, China",2000,6665000
HKG,"Hong Kong SAR, China",1999,6606500
HKG,"Hong Kong SAR, China",1998,6543700
HKG,"Hong Kong SAR, China",1997,6489300
HKG,"Hong Kong SAR, China",1996,6435500
HKG,"Hong Kong SAR, China",1995,6156100
HKG,"Hong Kong SAR, China",1994,6035400
HKG,"Hong Kong SAR, China",1993,5901000
HKG,"Hong Kong SAR, China",1992,5800500
HKG,"Hong Kong SAR, China",1991,5752000
HKG,"Hong Kong SAR, China",1990,5704500
HUN,Hungary,2020,9670419
HUN,Hungary,2019,9694824
HUN,Hungary,2018,9706964
HUN,Hungary,2017,9726756
HUN,Hungary,2016,9759755
HUN,Hungary,2015,9797755
HUN,Hungary,2014,9833038
HUN,Hungary,2013,9872734
HUN,Hungary,2012,9920362
HUN,Hungary,2011,9971727
HUN,Hungary,2010,10000023
HUN,Hungary,2009,10022650
HUN,Hungary,2008,10038188
HUN,Hungary,2007,10055780
HUN,Hungary,2006,10071370
HUN,Hungary,2005,10087065
HUN,Hungary,2004,10107146
HUN,Hungary,2003,10129552
HUN,Hungary,2002,10158608
HUN,Hungary,2001,10187576
HUN,Hungary,2000,10210971
HUN,Hungary,1999,10237530
HUN,Hungary,1998,10266570
HUN,Hungary,1997,10290486
HUN,Hungary,1996,10311238
HUN,Hungary,1995,10328965
HUN,Hungary,1994,10343355
HUN,Hungary,1993,10357523
HUN,Hungary,1992,10369341
HUN,Hungary,1991,10373400
HUN,Hungary,1990,10373988
ISL,Iceland,2020,366463
ISL,Iceland,2019,360563
ISL,Iceland,2018,352721
ISL,Iceland,2017,343400
ISL,Iceland,2016,335439
ISL,Iceland,2015,330815
ISL,Iceland,2014,327386
ISL,Iceland,2013,323764
ISL,Iceland,2012,320716
ISL,Iceland,2011,319014
ISL,Iceland,2010,318041
ISL,Iceland,2009,318499
ISL,Iceland,2008,317414
ISL,Iceland,2007,311566
ISL,Iceland,2006,303782
ISL,Iceland,2005,296734
ISL,Iceland,2004,292074
ISL,Iceland,2003,289521
ISL,Iceland,2002,287523
ISL,Iceland,2001,284968
ISL,Iceland,2000,281205
ISL,Iceland,1999,277381
ISL,Iceland,1998,274047
ISL,Iceland,1997,271128
ISL,Iceland,1996,268916
ISL,Iceland,1995,267468
ISL,Iceland,1994,266021
ISL,Iceland,1993,263725
ISL,Iceland,1992,261057
ISL,Iceland,1991,257797
ISL,Iceland,1990,254826
IND,India,2020,1402617695
IND,India,2019,1389030312
IND,India,2018,1374659064
IND,India,2017,1359657400
IND,India,2016,1343944296
IND,India,2015,1328024498
IND,India,2014,1312277191
IND,India,2013,1295829511
IND,India,2012,1278674502
IND,India,2011,1261224954
IND,India,2010,1243481564
IND,India,2009,1225524753
IND,India,2008,1207930964
IND,India,2007,1190676021
IND,India,2006,1172878890
IND,India,2005,1154676322
IND,India,2004,1135991513
IND,India,2003,1116803006
IND,India,2002,1097600380
IND,India,2001,1077898575
IND,India,2000,1057922733
IND,India,1999,1038225823
IND,India,1998,1018665080
IND,India,1997,999133762
IND,India,1996,979678458
IND,India,1995,960301044
IND,India,1994,941163767
IND,India,1993,922118387
IND,India,1992,902957070
IND,India,1991,883927600
IND,India,1990,864972221
IDN,Indonesia,2020,274814866
IDN,Indonesia,2019,272489381
IDN,Indonesia,2018,269951846
IDN,Indonesia,2017,267346658
IDN,Indonesia,2016,264627418
IDN,Indonesia,2015,261799249
IDN,Indonesia,2014,258877399
IDN,Indonesia,2013,255852467
IDN,Indonesia,2012,252698525
IDN,Indonesia,2011,249470032
IDN,Indonesia,2010,246305322
IDN,Indonesia,2009,243220028
IDN,Indonesia,2008,240157903
IDN,Indonesia,2007,237062337
IDN,Indonesia,2006,233951652
IDN,Indonesia,2005,230871650
IDN,Indonesia,2004,227926649
IDN,Indonesia,2003,225048008
IDN,Indonesia,2002,222088495
IDN,Indonesia,2001,219097902
IDN,Indonesia,2000,216077790
IDN,Indonesia,1999,213004668
IDN,Indonesia,1998,209826788
IDN,Indonesia,1997,206536095
IDN,Indonesia,1996,203204348
IDN,Indonesia,1995,199888057
IDN,Indonesia,1994,196591828
IDN,Indonesia,1993,193305168
IDN,Indonesia,1992,190043744
IDN,Indonesia,1991,186778238
IDN,Indonesia,1990,183501098
IRN,"Iran, Islamic Rep.",2020,87723443
IRN,"Iran, Islamic Rep.",2019,87051648
IRN,"Iran, Islamic Rep.",2018,86117998
IRN,"Iran, Islamic Rep.",2017,85026754
IRN,"Iran, Islamic Rep.",2016,83812228
IRN,"Iran, Islamic Rep.",2015,82619362
IRN,"Iran, Islamic Rep.",2014,81502045
IRN,"Iran, Islamic Rep.",2013,80414686
IRN,"Iran, Islamic Rep.",2012,79370580
IRN,"Iran, Islamic Rep.",2011,78383598
IRN,"Iran, Islamic Rep.",2010,77420842
IRN,"Iran, Islamic Rep.",2009,76457825
IRN,"Iran, Islamic Rep.",2008,75514204
IRN,"Iran, Islamic Rep.",2007,74602648
IRN,"Iran, Islamic Rep.",2006,73392747
IRN,"Iran, Islamic Rep.",2005,71828455
IRN,"Iran, Islamic Rep.",2004,70256316
IRN,"Iran, Islamic Rep.",2003,68769340
IRN,"Iran, Islamic Rep.",2002,68011317
IRN,"Iran, Islamic Rep.",2001,67452005
IRN,"Iran, Islamic Rep.",2000,66418659
IRN,"Iran, Islamic Rep.",1999,65445391
IRN,"Iran, Islamic Rep.",1998,64519859
IRN,"Iran, Islamic Rep.",1997,63639638
IRN,"Iran, Islamic Rep.",1996,62881300
IRN,"Iran, Islamic Rep.",1995,62205567
IRN,"Iran, Islamic Rep.",1994,61520598
IRN,"Iran, Islamic Rep.",1993,61403543
IRN,"Iran, Islamic Rep.",1992,61184983
IRN,"Iran, Islamic Rep.",1991,59986931
IRN,"Iran, Islamic Rep.",1990,58380092
IRQ,Iraq,2020,42116605
IRQ,Iraq,2019,41192171
IRQ,Iraq,2018,40265624
IRQ,Iraq,2017,39337353
IRQ,Iraq,2016,38469627
IRQ,Iraq,2015,37560535
IRQ,Iraq,2014,36550059
IRQ,Iraq,2013,35281989
IRQ,Iraq,2012,33654842
IRQ,Iraq,2011,32161424
IRQ,Iraq,2010,31045366
IRQ,Iraq,2009,30058206
IRQ,Iraq,2008,28971036
IRQ,Iraq,2007,28391607
IRQ,Iraq,2006,28616515
IRQ,Iraq,2005,28407448
IRQ,Iraq,2004,27577878
IRQ,Iraq,2003,26802659
IRQ,Iraq,2002,26006559
IRQ,Iraq,2001,25197840
IRQ,Iraq,2000,24424056
IRQ,Iraq,1999,23636527
IRQ,Iraq,1998,22884399
IRQ,Iraq,1997,22176593
IRQ,Iraq,1996,21501321
IRQ,Iraq,1995,20825860
IRQ,Iraq,1994,20139807
IRQ,Iraq,1993,19201195
IRQ,Iraq,1992,18300845
IRQ,Iraq,1991,17767253
IRQ,Iraq,1990,17581206
IRL,Ireland,2020,5039747
IRL,Ireland,2019,4976456
IRL,Ireland,2018,4898022
IRL,Ireland,2017,4827445
IRL,Ireland,2016,4762722
IRL,Ireland,2015,4701957
IRL,Ireland,2014,4657740
IRL,Ireland,2013,4623816
IRL,Ireland,2012,4599533
IRL,Ireland,2011,4580084
IRL,Ireland,2010,4560155
IRL,Ireland,2009,4535375
IRL,Ireland,2008,4489544
IRL,Ireland,2007,4398942
IRL,Ireland,2006,4273591
IRL,Ireland,2005,4159914
IRL,Ireland,2004,4070262
IRL,Ireland,2003,3996521
IRL,Ireland,2002,3931947
IRL,Ireland,2001,3866243
IRL,Ireland,2000,3805174
IRL,Ireland,1999,3754786
IRL,Ireland,1998,3712696
IRL,Ireland,1997,3674171
IRL,Ireland,1996,3637510
IRL,Ireland,1995,3608841
IRL,Ireland,1994,3590386
IRL,Ireland,1993,3576261
IRL,Ireland,1992,3558430
IRL,Ireland,1991,3534235
IRL,Ireland,1990,3513974
IMN,Isle of Man,2020,84064
IMN,Isle of Man,2019,83957
IMN,Isle of Man,2018,83805
IMN,Isle of Man,2017,83609
IMN,Isle of Man,2016,83466
IMN,Isle of Man,2015,83593
IMN,Isle of Man,2014,83892
IMN,Isle of Man,2013,84141
IMN,Isle of Man,2012,84335
IMN,Isle of Man,2011,84382
IMN,Isle of Man,2010,83873
IMN,Isle of Man,2009,82939
IMN,Isle of Man,2008,82029
IMN,Isle of Man,2007,81147
IMN,Isle of Man,2006,80294
IMN,Isle of Man,2005,79516
IMN,Isle of Man,2004,78792
IMN,Isle of Man,2003,78049
IMN,Isle of Man,2002,77275
IMN,Isle of Man,2001,76476
IMN,Isle of Man,2000,75659
IMN,Isle of Man,1999,74790
IMN,Isle of Man,1998,73861
IMN,Isle of Man,1997,72909
IMN,Isle of Man,1996,72047
IMN,Isle of Man,1995,71513
IMN,Isle of Man,1994,71168
IMN,Isle of Man,1993,70772
IMN,Isle of Man,1992,70353
IMN,Isle of Man,1991,69808
IMN,Isle of Man,1990,68916
ISR,Israel,2020,9215100
ISR,Israel,2019,9054000
ISR,Israel,2018,8882800
ISR,Israel,2017,8713300
ISR,Israel,2016,8546000
ISR,Israel,2015,8380100
ISR,Israel,2014,8215700
ISR,Israel,2013,8059500
ISR,Israel,2012,7910500
ISR,Israel,2011,7765800
ISR,Israel,2010,7623600
ISR,Israel,2009,7485600
ISR,Israel,2008,7308800
ISR,Israel,2007,7180100
ISR,Israel,2006,7053700
ISR,Israel,2005,6930100
ISR,Israel,2004,6809000
ISR,Israel,2003,6689700
ISR,Israel,2002,6570000
ISR,Israel,2001,6439000
ISR,Israel,2000,6289000
ISR,Israel,1999,6125000
ISR,Israel,1998,5971000
ISR,Israel,1997,5836000
ISR,Israel,1996,5692000
ISR,Israel,1995,5545000
ISR,Israel,1994,5399000
ISR,Israel,1993,5261000
ISR,Israel,1992,5123000
ISR,Israel,1991,4949000
ISR,Israel,1990,4660000
ITA,Italy,2020,59438851
ITA,Italy,2019,59729081
ITA,Italy,2018,59877221
ITA,Italy,2017,60002252
ITA,Italy,2016,60115223
ITA,Italy,2015,60229605
ITA,Italy,2014,60320707
ITA,Italy,2013,60311613
ITA,Italy,2012,60191247
ITA,Italy,2011,60026841
ITA,Italy,2010,59819407
ITA,Italy,2009,59555454
ITA,Italy,2008,59211181
ITA,Italy,2007,58756247
ITA,Italy,2006,58399861
ITA,Italy,2005,58166682
ITA,Italy,2004,57828179
ITA,Italy,2003,57399184
ITA,Italy,2002,57089824
ITA,Italy,2001,56976981
ITA,Italy,2000,56942108
ITA,Italy,1999,56916317
ITA,Italy,1998,56906744
ITA,Italy,1997,56890372
ITA,Italy,1996,56860281
ITA,Italy,1995,56844303
ITA,Italy,1994,56843400
ITA,Italy,1993,56831821
ITA,Italy,1992,56797087
ITA,Italy,1991,56758521
ITA,Italy,1990,56719240
JAM,Jamaica,2020,2830739
JAM,Jamaica,2019,2823271
JAM,Jamaica,2018,2820097
JAM,Jamaica,2017,2815764
JAM,Jamaica,2016,2809915
JAM,Jamaica,2015,2802534
JAM,Jamaica,2014,2793749
JAM,Jamaica,2013,2783687
JAM,Jamaica,2012,2772430
JAM,Jamaica,2011,2760494
JAM,Jamaica,2010,2748568
JAM,Jamaica,2009,2736995
JAM,Jamaica,2008,2725635
JAM,Jamaica,2007,2713800
JAM,Jamaica,2006,2700968
JAM,Jamaica,2005,2687066
JAM,Jamaica,2004,2672225
JAM,Jamaica,2003,2656623
JAM,Jamaica,2002,2640572
JAM,Jamaica,2001,2624403
JAM,Jamaica,2000,2607826
JAM,Jamaica,1999,2589795
JAM,Jamaica,1998,2569736
JAM,Jamaica,1997,2547848
JAM,Jamaica,1996,2524463
JAM,Jamaica,1995,2500151
JAM,Jamaica,1994,2475220
JAM,Jamaica,1993,2449916
JAM,Jamaica,1992,2424701
JAM,Jamaica,1991,2400869
JAM,Jamaica,1990,2379877
JPN,Japan,2020,126261000
JPN,Japan,2019,126633000
JPN,Japan,2018,126811000
JPN,Japan,2017,126972000
JPN,Japan,2016,127076000
JPN,Japan,2015,127141000
JPN,Japan,2014,127276000
JPN,Japan,2013,127445000
JPN,Japan,2012,127629000
JPN,Japan,2011,127833000
JPN,Japan,2010,128070000
JPN,Japan,2009,128047000
JPN,Japan,2008,128063000
JPN,Japan,2007,128001000
JPN,Japan,2006,127854000
JPN,Japan,2005,127773000
JPN,Japan,2004,127761000
JPN,Japan,2003,127718000
JPN,Japan,2002,127445000
JPN,Japan,2001,127149000
JPN,Japan,2000,126843000
JPN,Japan,1999,126631000
JPN,Japan,1998,126400000
JPN,Japan,1997,126057000
JPN,Japan,1996,125757000
JPN,Japan,1995,125472000
JPN,Japan,1994,125178000
JPN,Japan,1993,124829000
JPN,Japan,1992,124425000
JPN,Japan,1991,123964000
JPN,Japan,1990,123478000
JOR,Jordan,2020,10865228
JOR,Jordan,2019,10671891
JOR,Jordan,2018,10462306
JOR,Jordan,2017,10234226
JOR,Jordan,2016,10006367
JOR,Jordan,2015,9544729
JOR,Jordan,2014,8791710
JOR,Jordan,2013,7991809
JOR,Jordan,2012,7587127
JOR,Jordan,2011,7480424
JOR,Jordan,2010,7297043
JOR,Jordan,2009,7141753
JOR,Jordan,2008,6989866
JOR,Jordan,2007,6827227
JOR,Jordan,2006,6427371
JOR,Jordan,2005,6029587
JOR,Jordan,2004,5882061
JOR,Jordan,2003,5741828
JOR,Jordan,2002,5616066
JOR,Jordan,2001,5498894
JOR,Jordan,2000,5386945
JOR,Jordan,1999,5276444
JOR,Jordan,1998,5164284
JOR,Jordan,1997,5046285
JOR,Jordan,1996,4912516
JOR,Jordan,1995,4752096
JOR,Jordan,1994,4561406
JOR,Jordan,1993,4348020
JOR,Jordan,1992,4127693
JOR,Jordan,1991,3915149
JOR,Jordan,1990,3621908
KAZ,Kazakhstan,2020,19482117
KAZ,Kazakhstan,2019,19209555
KAZ,Kazakhstan,2018,18932727
KAZ,Kazakhstan,2017,18651931
KAZ,Kazakhstan,2016,18363600
KAZ,Kazakhstan,2015,18084169
KAZ,Kazakhstan,2014,17816285
KAZ,Kazakhstan,2013,17556502
KAZ,Kazakhstan,2012,17306106
KAZ,Kazakhstan,2011,17066002
KAZ,Kazakhstan,2010,16836810
KAZ,Kazakhstan,2009,16619846
KAZ,Kazakhstan,2008,16426525
KAZ,Kazakhstan,2007,16257214
KAZ,Kazakhstan,2006,16103716
KAZ,Kazakhstan,2005,15968117
KAZ,Kazakhstan,2004,15850159
KAZ,Kazakhstan,2003,15747380
KAZ,Kazakhstan,2002,15656677
KAZ,Kazakhstan,2001,15575550
KAZ,Kazakhstan,2000,15501103
KAZ,Kazakhstan,1999,15455874
KAZ,Kazakhstan,1998,15647785
KAZ,Kazakhstan,1997,16043251
KAZ,Kazakhstan,1996,16416027
KAZ,Kazakhstan,1995,16730536
KAZ,Kazakhstan,1994,17043771
KAZ,Kazakhstan,1993,17274487
KAZ,Kazakhstan,1992,17332625
KAZ,Kazakhstan,1991,17278600
KAZ,Kazakhstan,1990,17154054
KEN,Kenya,2020,52217334
KEN,Kenya,2019,51202827
KEN,Kenya,2018,50207107
KEN,Kenya,2017,49197766
KEN,Kenya,2016,48139687
KEN,Kenya,2015,47088526
KEN,Kenya,2014,46051440
KEN,Kenya,2013,44986791
KEN,Kenya,2012,43888303
KEN,Kenya,2011,42758461
KEN,Kenya,2010,41598567
KEN,Kenya,2009,40408891
KEN,Kenya,2008,39206351
KEN,Kenya,2007,38036349
KEN,Kenya,2006,36904008
KEN,Kenya,2005,35796484
KEN,Kenya,2004,34713455
KEN,Kenya,2003,33652223
KEN,Kenya,2002,32629808
KEN,Kenya,2001,31619170
KEN,Kenya,2000,30642890
KEN,Kenya,1999,29733408
KEN,Kenya,1998,28888057
KEN,Kenya,1997,28101768
KEN,Kenya,1996,27344211
KEN,Kenya,1995,26601751
KEN,Kenya,1994,25857130
KEN,Kenya,1993,25117188
KEN,Kenya,1992,24382460
KEN,Kenya,1991,23646514
KEN,Kenya,1990,22892651
KIR,Kiribati,2020,126099
KIR,Kiribati,2019,123921
KIR,Kiribati,2018,122084
KIR,Kiribati,2017,120275
KIR,Kiribati,2016,118478
KIR,Kiribati,2015,116815
KIR,Kiribati,2014,115326
KIR,Kiribati,2013,113838
KIR,Kiribati,2012,112284
KIR,Kiribati,2011,110647
KIR,Kiribati,2010,108704
KIR,Kiribati,2009,106467
KIR,Kiribati,2008,104222
KIR,Kiribati,2007,102068
KIR,Kiribati,2006,100017
KIR,Kiribati,2005,98035
KIR,Kiribati,2004,96085
KIR,Kiribati,2003,94175
KIR,Kiribati,2002,92264
KIR,Kiribati,2001,90335
KIR,Kiribati,2000,88613
KIR,Kiribati,1999,87126
KIR,Kiribati,1998,85657
KIR,Kiribati,1997,84147
KIR,Kiribati,1996,82623
KIR,Kiribati,1995,81234
KIR,Kiribati,1994,80021
KIR,Kiribati,1993,78841
KIR,Kiribati,1992,77641
KIR,Kiribati,1991,76367
KIR,Kiribati,1990,74855
PRK,"Korea, Dem. People's Rep.",2020,26136312
PRK,"Korea, Dem. People's Rep.",2019,26037632
PRK,"Korea, Dem. People's Rep.",2018,25931147
PRK,"Korea, Dem. People's Rep.",2017,25817709
PRK,"Korea, Dem. People's Rep.",2016,25698326
PRK,"Korea, Dem. People's Rep.",2015,25575350
PRK,"Korea, Dem. People's Rep.",2014,25451262
PRK,"Korea, Dem. People's Rep.",2013,25329451
PRK,"Korea, Dem. People's Rep.",2012,25211728
PRK,"Korea, Dem. People's Rep.",2011,25097874
PRK,"Korea, Dem. People's Rep.",2010,24987258
PRK,"Korea, Dem. People's Rep.",2009,24878332
PRK,"Korea, Dem. People's Rep.",2008,24764618
PRK,"Korea, Dem. People's Rep.",2007,24646383
PRK,"Korea, Dem. People's Rep.",2006,24524507
PRK,"Korea, Dem. People's Rep.",2005,24396433
PRK,"Korea, Dem. People's Rep.",2004,24254943
PRK,"Korea, Dem. People's Rep.",2003,24090380
PRK,"Korea, Dem. People's Rep.",2002,23943973
PRK,"Korea, Dem. People's Rep.",2001,23815358
PRK,"Korea, Dem. People's Rep.",2000,23665910
PRK,"Korea, Dem. People's Rep.",1999,23497599
PRK,"Korea, Dem. People's Rep.",1998,23311564
PRK,"Korea, Dem. People's Rep.",1997,23110830
PRK,"Korea, Dem. People's Rep.",1996,22895746
PRK,"Korea, Dem. People's Rep.",1995,22669304
PRK,"Korea, Dem. People's Rep.",1994,22393975
PRK,"Korea, Dem. People's Rep.",1993,22073352
PRK,"Korea, Dem. People's Rep.",1992,21750911
PRK,"Korea, Dem. People's Rep.",1991,21428638
PRK,"Korea, Dem. People's Rep.",1990,21112137
KOR,"Korea, Rep.",2020,51836239
KOR,"Korea, Rep.",2019,51764822
KOR,"Korea, Rep.",2018,51585058
KOR,"Korea, Rep.",2017,51361911
KOR,"Korea, Rep.",2016,51217803
KOR,"Korea, Rep.",2015,51014947
KOR,"Korea, Rep.",2014,50746659
KOR,"Korea, Rep.",2013,50428893
KOR,"Korea, Rep.",2012,50199853
KOR,"Korea, Rep.",2011,49936638
KOR,"Korea, Rep.",2010,49554112
KOR,"Korea, Rep.",2009,49307835
KOR,"Korea, Rep.",2008,49054708
KOR,"Korea, Rep.",2007,48683638
KOR,"Korea, Rep.",2006,48438292
KOR,"Korea, Rep.",2005,48184561
KOR,"Korea, Rep.",2004,48082519
KOR,"Korea, Rep.",2003,47892330
KOR,"Korea, Rep.",2002,47644736
KOR,"Korea, Rep.",2001,47370164
KOR,"Korea, Rep.",2000,47008111
KOR,"Korea, Rep.",1999,46616677
KOR,"Korea, Rep.",1998,46286503
KOR,"Korea, Rep.",1997,45953580
KOR,"Korea, Rep.",1996,45524681
KOR,"Korea, Rep.",1995,45092991
KOR,"Korea, Rep.",1994,44641540
KOR,"Korea, Rep.",1993,44194628
KOR,"Korea, Rep.",1992,43747962
KOR,"Korea, Rep.",1991,43295704
KOR,"Korea, Rep.",1990,42869283
XKX,Kosovo,2020,1790151
XKX,Kosovo,2019,1788891
XKX,Kosovo,2018,1797086
XKX,Kosovo,2017,1791019
XKX,Kosovo,2016,1777568
XKX,Kosovo,2015,1788274
XKX,Kosovo,2014,1812788
XKX,Kosovo,2013,1818119
XKX,Kosovo,2012,1807126
XKX,Kosovo,2011,1791949
XKX,Kosovo,2010,1788743
XKX,Kosovo,2009,1794681
XKX,Kosovo,2008,1800858
XKX,Kosovo,2007,1807094
XKX,Kosovo,2006,1813079
XKX,Kosovo,2005,1818354
XKX,Kosovo,2004,1822773
XKX,Kosovo,2003,1826434
XKX,Kosovo,2002,1829462
XKX,Kosovo,2001,1820009
XKX,Kosovo,2000,1802493
XKX,Kosovo,1999,1871524
XKX,Kosovo,1998,2078964
XKX,Kosovo,1997,2197284
XKX,Kosovo,1996,2168753
XKX,Kosovo,1995,2137514
XKX,Kosovo,1994,2105256
XKX,Kosovo,1993,2072664
XKX,Kosovo,1992,2039723
XKX,Kosovo,1991,2005362
XKX,Kosovo,1990,1973790
KWT,Kuwait,2020,4400267
KWT,Kuwait,2019,4442316
KWT,Kuwait,2018,4323515
KWT,Kuwait,2017,4154812
KWT,Kuwait,2016,4004096
KWT,Kuwait,2015,3834574
KWT,Kuwait,2014,3665876
KWT,Kuwait,2013,3507844
KWT,Kuwait,2012,3337109
KWT,Kuwait,2011,3132814
KWT,Kuwait,2010,2943372
KWT,Kuwait,2009,2795484
KWT,Kuwait,2008,2651421
KWT,Kuwait,2007,2507887
KWT,Kuwait,2006,2364733
KWT,Kuwait,2005,2236788
KWT,Kuwait,2004,2157320
KWT,Kuwait,2003,2109881
KWT,Kuwait,2002,2059974
KWT,Kuwait,2001,2008121
KWT,Kuwait,2000,1954709
KWT,Kuwait,1999,1900030
KWT,Kuwait,1998,1844302
KWT,Kuwait,1997,1787683
KWT,Kuwait,1996,1730246
KWT,Kuwait,1995,1681513
KWT,Kuwait,1994,1664361
KWT,Kuwait,1993,1672151
KWT,Kuwait,1992,1634961
KWT,Kuwait,1991,1351399
KWT,Kuwait,1990,1684819
KGZ,Kyrgyz Republic,2020,6726596
KGZ,Kyrgyz Republic,2019,6590211
KGZ,Kyrgyz Republic,2018,6444079
KGZ,Kyrgyz Republic,2017,6306696
KGZ,Kyrgyz Republic,2016,6175338
KGZ,Kyrgyz Republic,2015,6040036
KGZ,Kyrgyz Republic,2014,5905848
KGZ,Kyrgyz Republic,2013,5777150
KGZ,Kyrgyz Republic,2012,5652076
KGZ,Kyrgyz Republic,2011,5546587
KGZ,Kyrgyz Republic,2010,5467059
KGZ,Kyrgyz Republic,2009,5389643
KGZ,Kyrgyz Republic,2008,5318729
KGZ,Kyrgyz Republic,2007,5268385
KGZ,Kyrgyz Republic,2006,5218373
KGZ,Kyrgyz Republic,2005,5162640
KGZ,Kyrgyz Republic,2004,5104713
KGZ,Kyrgyz Republic,2003,5043308
KGZ,Kyrgyz Republic,2002,4990704
KGZ,Kyrgyz Republic,2001,4945073
KGZ,Kyrgyz Republic,2000,4898362
KGZ,Kyrgyz Republic,1999,4840422
KGZ,Kyrgyz Republic,1998,4769015
KGZ,Kyrgyz Republic,1997,4696421
KGZ,Kyrgyz Republic,1996,4628438
KGZ,Kyrgyz Republic,1995,4560454
KGZ,Kyrgyz Republic,1994,4515069
KGZ,Kyrgyz Republic,1993,4516777
KGZ,Kyrgyz Republic,1992,4515400
KGZ,Kyrgyz Republic,1991,4463634
KGZ,Kyrgyz Republic,1990,4391236
LAO,Lao PDR,2020,7346533
LAO,Lao PDR,2019,7237636
LAO,Lao PDR,2018,7128045
LAO,Lao PDR,2017,7018147
LAO,Lao PDR,2016,6908802
LAO,Lao PDR,2015,6801645
LAO,Lao PDR,2014,6703172
LAO,Lao PDR,2013,6611385
LAO,Lao PDR,2012,6518978
LAO,Lao PDR,2011,6426590
LAO,Lao PDR,2010,6334194
LAO,Lao PDR,2009,6241642
LAO,Lao PDR,2008,6148969
LAO,Lao PDR,2007,6056236
LAO,Lao PDR,2006,5963200
LAO,Lao PDR,2005,5869523
LAO,Lao PDR,2004,5781626
LAO,Lao PDR,2003,5697945
LAO,Lao PDR,2002,5610889
LAO,Lao PDR,2001,5521482
LAO,Lao PDR,2000,5431212
LAO,Lao PDR,1999,5340784
LAO,Lao PDR,1998,5248266
LAO,Lao PDR,1997,5152011
LAO,Lao PDR,1996,5045678
LAO,Lao PDR,1995,4929409
LAO,Lao PDR,1994,4809220
LAO,Lao PDR,1993,4685060
LAO,Lao PDR,1992,4559646
LAO,Lao PDR,1991,4435118
LAO,Lao PDR,1990,4311955
LVA,Latvia,2020,1900449
LVA,Latvia,2019,1913822
LVA,Latvia,2018,1927174
LVA,Latvia,2017,1942248
LVA,Latvia,2016,1959537
LVA,Latvia,2015,1977527
LVA,Latvia,2014,1993782
LVA,Latvia,2013,2012647
LVA,Latvia,2012,2034319
LVA,Latvia,2011,2059709
LVA,Latvia,2010,2097555
LVA,Latvia,2009,2141669
LVA,Latvia,2008,2177322
LVA,Latvia,2007,2200325
LVA,Latvia,2006,2218357
LVA,Latvia,2005,2238799
LVA,Latvia,2004,2263122
LVA,Latvia,2003,2287955
LVA,Latvia,2002,2310173
LVA,Latvia,2001,2337170
LVA,Latvia,2000,2367550
LVA,Latvia,1999,2390482
LVA,Latvia,1998,2410019
LVA,Latvia,1997,2432851
LVA,Latvia,1996,2457222
LVA,Latvia,1995,2485056
LVA,Latvia,1994,2520742
LVA,Latvia,1993,2563290
LVA,Latvia,1992,2614338
LVA,Latvia,1991,2650581
LVA,Latvia,1990,2663151
LBN,Lebanon,2020,5702398
LBN,Lebanon,2019,5794594
LBN,Lebanon,2018,5984119
LBN,Lebanon,2017,6160128
LBN,Lebanon,2016,6323060
LBN,Lebanon,2015,6472469
LBN,Lebanon,2014,6346990
LBN,Lebanon,2013,5743436
LBN,Lebanon,2012,5235742
LBN,Lebanon,2011,5096020
LBN,Lebanon,2010,5041288
LBN,Lebanon,2009,4992287
LBN,Lebanon,2008,4925354
LBN,Lebanon,2007,4844118
LBN,Lebanon,2006,4751136
LBN,Lebanon,2005,4671102
LBN,Lebanon,2004,4599279
LBN,Lebanon,2003,4525508
LBN,Lebanon,2002,4463504
LBN,Lebanon,2001,4401918
LBN,Lebanon,2000,4329340
LBN,Lebanon,1999,4255277
LBN,Lebanon,1998,4181281
LBN,Lebanon,1997,4108405
LBN,Lebanon,1996,4034781
LBN,Lebanon,1995,3960735
LBN,Lebanon,1994,3889799
LBN,Lebanon,1993,3820647
LBN,Lebanon,1992,3747371
LBN,Lebanon,1991,3668912
LBN,Lebanon,1990,3595175
LSO,Lesotho,2020,2235727
LSO,Lesotho,2019,2209405
LSO,Lesotho,2018,2183603
LSO,Lesotho,2017,2157110
LSO,Lesotho,2016,2130422
LSO,Lesotho,2015,2104611
LSO,Lesotho,2014,2080089
LSO,Lesotho,2013,2056504
LSO,Lesotho,2012,2034354
LSO,Lesotho,2011,2014009
LSO,Lesotho,2010,1996251
LSO,Lesotho,2009,1980883
LSO,Lesotho,2008,1966541
LSO,Lesotho,2007,1953268
LSO,Lesotho,2006,1945063
LSO,Lesotho,2005,1953076
LSO,Lesotho,2004,1971129
LSO,Lesotho,2003,1985059
LSO,Lesotho,2002,1994679
LSO,Lesotho,2001,2000853
LSO,Lesotho,2000,2003913
LSO,Lesotho,1999,2003234
LSO,Lesotho,1998,1998049
LSO,Lesotho,1997,1988130
LSO,Lesotho,1996,1972418
LSO,Lesotho,1995,1951437
LSO,Lesotho,1994,1927707
LSO,Lesotho,1993,1901793
LSO,Lesotho,1992,1873274
LSO,Lesotho,1991,1842379
LSO,Lesotho,1990,1809696
LBR,Liberia,2020,5149463
LBR,Liberia,2019,5043721
LBR,Liberia,2018,4944726
LBR,Liberia,2017,4848925
LBR,Liberia,2016,4755608
LBR,Liberia,2015,4659431
LBR,Liberia,2014,4564293
LBR,Liberia,2013,4470239
LBR,Liberia,2012,4373043
LBR,Liberia,2011,4221178
LBR,Liberia,2010,4058890
LBR,Liberia,2009,3943028
LBR,Liberia,2008,3821003
LBR,Liberia,2007,3669050
LBR,Liberia,2006,3490787
LBR,Liberia,2005,3301015
LBR,Liberia,2004,3156892
LBR,Liberia,2003,3119532
LBR,Liberia,2002,3094782
LBR,Liberia,2001,3015338
LBR,Liberia,2000,2928117
LBR,Liberia,1999,2821684
LBR,Liberia,1998,2670124
LBR,Liberia,1997,2412989
LBR,Liberia,1996,2232289
LBR,Liberia,1995,2169162
LBR,Liberia,1994,2149928
LBR,Liberia,1993,2155126
LBR,Liberia,1992,2072461
LBR,Liberia,1991,1956518
LBR,Liberia,1990,2223667
LBY,Libya,2020,7045399
LBY,Libya,2019,6951033
LBY,Libya,2018,6849055
LBY,Libya,2017,6738770
LBY,Libya,2016,6632126
LBY,Libya,2015,6531819
LBY,Libya,2014,6427252
LBY,Libya,2013,6304628
LBY,Libya,2012,6179328
LBY,Libya,2011,6343203
LBY,Libya,2010,6497839
LBY,Libya,2009,6366686
LBY,Libya,2008,6235430
LBY,Libya,2007,6104380
LBY,Libya,2006,5980211
LBY,Libya,2005,5858798
LBY,Libya,2004,5736693
LBY,Libya,2003,5619398
LBY,Libya,2002,5508410
LBY,Libya,2001,5403639
LBY,Libya,2000,5305021
LBY,Libya,1999,5218038
LBY,Libya,1998,5140704
LBY,Libya,1997,5064639
LBY,Libya,1996,4987393
LBY,Libya,1995,4906843
LBY,Libya,1994,4822037
LBY,Libya,1993,4733045
LBY,Libya,1992,4640352
LBY,Libya,1991,4544400
LBY,Libya,1990,4445239
LIE,Liechtenstein,2020,38901
LIE,Liechtenstein,2019,38563
LIE,Liechtenstein,2018,38246
LIE,Liechtenstein,2017,37962
LIE,Liechtenstein,2016,37716
LIE,Liechtenstein,2015,37494
LIE,Liechtenstein,2014,37248
LIE,Liechtenstein,2013,36984
LIE,Liechtenstein,2012,36657
LIE,Liechtenstein,2011,36312
LIE,Liechtenstein,2010,36022
LIE,Liechtenstein,2009,35742
LIE,Liechtenstein,2008,35473
LIE,Liechtenstein,2007,35262
LIE,Liechtenstein,2006,35037
LIE,Liechtenstein,2005,34753
LIE,Liechtenstein,2004,34447
LIE,Liechtenstein,2003,34079
LIE,Liechtenstein,2002,33694
LIE,Liechtenstein,2001,33194
LIE,Liechtenstein,2000,32645
LIE,Liechtenstein,1999,32221
LIE,Liechtenstein,1998,31668
LIE,Liechtenstein,1997,31232
LIE,Liechtenstein,1996,31033
LIE,Liechtenstein,1995,30776
LIE,Liechtenstein,1994,30470
LIE,Liechtenstein,1993,30089
LIE,Liechtenstein,1992,29627
LIE,Liechtenstein,1991,29209
LIE,Liechtenstein,1990,28742
LTU,Lithuania,2020,2810369
LTU,Lithuania,2019,2811089
LTU,Lithuania,2018,2819200
LTU,Lithuania,2017,2842639
LTU,Lithuania,2016,2877325
LTU,Lithuania,2015,2911109
LTU,Lithuania,2014,2937253
LTU,Lithuania,2013,2961250
LTU,Lithuania,2012,2989139
LTU,Lithuania,2011,3028115
LTU,Lithuania,2010,3097282
LTU,Lithuania,2009,3162916
LTU,Lithuania,2008,3198231
LTU,Lithuania,2007,3231294
LTU,Lithuania,2006,3269909
LTU,Lithuania,2005,3322528
LTU,Lithuania,2004,3377075
LTU,Lithuania,2003,3415213
LTU,Lithuania,2002,3443067
LTU,Lithuania,2001,3470818
LTU,Lithuania,2000,3499536
LTU,Lithuania,1999,3524238
LTU,Lithuania,1998,3549331
LTU,Lithuania,1997,3575137
LTU,Lithuania,1996,3601613
LTU,Lithuania,1995,3629102
LTU,Lithuania,1994,3657144
LTU,Lithuania,1993,3682613
LTU,Lithuania,1992,3700114
LTU,Lithuania,1991,3704134
LTU,Lithuania,1990,3697838
LUX,Luxembourg,2020,630419
LUX,Luxembourg,2019,620001
LUX,Luxembourg,2018,607950
LUX,Luxembourg,2017,596336
LUX,Luxembourg,2016,582014
LUX,Luxembourg,2015,569604
LUX,Luxembourg,2014,556319
LUX,Luxembourg,2013,543360
LUX,Luxembourg,2012,530946
LUX,Luxembourg,2011,518347
LUX,Luxembourg,2010,506953
LUX,Luxembourg,2009,497783
LUX,Luxembourg,2008,488650
LUX,Luxembourg,2007,479993
LUX,Luxembourg,2006,472637
LUX,Luxembourg,2005,465158
LUX,Luxembourg,2004,458095
LUX,Luxembourg,2003,451630
LUX,Luxembourg,2002,446175
LUX,Luxembourg,2001,441525
LUX,Luxembourg,2000,436300
LUX,Luxembourg,1999,430475
LUX,Luxembourg,1998,424700
LUX,Luxembourg,1997,419450
LUX,Luxembourg,1996,414225
LUX,Luxembourg,1995,408625
LUX,Luxembourg,1994,402925
LUX,Luxembourg,1993,397475
LUX,Luxembourg,1992,392175
LUX,Luxembourg,1991,387000
LUX,Luxembourg,1990,381850
MAC,"Macao SAR, China",2020,685400
MAC,"Macao SAR, China",2019,672000
MAC,"Macao SAR, China",2018,658900
MAC,"Macao SAR, China",2017,648400
MAC,"Macao SAR, China",2016,652500
MAC,"Macao SAR, China",2015,642900
MAC,"Macao SAR, China",2014,621700
MAC,"Macao SAR, China",2013,591900
MAC,"Macao SAR, China",2012,567900
MAC,"Macao SAR, China",2011,549600
MAC,"Macao SAR, China",2010,537000
MAC,"Macao SAR, China",2009,535000
MAC,"Macao SAR, China",2008,540700
MAC,"Macao SAR, China",2007,520900
MAC,"Macao SAR, China",2006,498900
MAC,"Macao SAR, China",2005,473500
MAC,"Macao SAR, China",2004,454700
MAC,"Macao SAR, China",2003,443600
MAC,"Macao SAR, China",2002,438400
MAC,"Macao SAR, China",2001,433900
MAC,"Macao SAR, China",2000,430600
MAC,"Macao SAR, China",1999,427400
MAC,"Macao SAR, China",1998,422300
MAC,"Macao SAR, China",1997,417300
MAC,"Macao SAR, China",1996,415100
MAC,"Macao SAR, China",1995,409300
MAC,"Macao SAR, China",1994,396800
MAC,"Macao SAR, China",1993,384000
MAC,"Macao SAR, China",1992,370900
MAC,"Macao SAR, China",1991,351650
MAC,"Macao SAR, China",1990,334950
MDG,Madagascar,2020,28953556
MDG,Madagascar,2019,28219554
MDG,Madagascar,2018,27494926
MDG,Madagascar,2017,26788375
MDG,Madagascar,2016,26099952
MDG,Madagascar,2015,25426702
MDG,Madagascar,2014,24764348
MDG,Madagascar,2013,24109290
MDG,Madagascar,2012,23462438
MDG,Madagascar,2011,22822300
MDG,Madagascar,2010,22183340
MDG,Madagascar,2009,21547280
MDG,Madagascar,2008,20923840
MDG,Madagascar,2007,20318583
MDG,Madagascar,2006,19730909
MDG,Madagascar,2005,19159707
MDG,Madagascar,2004,18606608
MDG,Madagascar,2003,18071854
MDG,Madagascar,2002,17549913
MDG,Madagascar,2001,17032939
MDG,Madagascar,2000,16516338
MDG,Madagascar,1999,16000506
MDG,Madagascar,1998,15489364
MDG,Madagascar,1997,14990814
MDG,Madagascar,1996,14510711
MDG,Madagascar,1995,14051275
MDG,Madagascar,1994,13613850
MDG,Madagascar,1993,13197345
MDG,Madagascar,1992,12800870
MDG,Madagascar,1991,12421412
MDG,Madagascar,1990,12055639
MWI,Malawi,2020,19533888
MWI,Malawi,2019,19025752
MWI,Malawi,2018,18528081
MWI,Malawi,2017,18039715
MWI,Malawi,2016,17557739
MWI,Malawi,2015,17085587
MWI,Malawi,2014,16621538
MWI,Malawi,2013,16161816
MWI,Malawi,2012,15709577
MWI,Malawi,2011,15265022
MWI,Malawi,2010,14826463
MWI,Malawi,2009,14395788
MWI,Malawi,2008,13976417
MWI,Malawi,2007,13576343
MWI,Malawi,2006,13198701
MWI,Malawi,2005,12840031
MWI,Malawi,2004,12500737
MWI,Malawi,2003,12181574
MWI,Malawi,2002,11880440
MWI,Malawi,2001,11593058
MWI,Malawi,2000,11315942
MWI,Malawi,1999,11047804
MWI,Malawi,1998,10792876
MWI,Malawi,1997,10562035
MWI,Malawi,1996,10352228
MWI,Malawi,1995,10150117
MWI,Malawi,1994,10164894
MWI,Malawi,1993,10284024
MWI,Malawi,1992,10135079
MWI,Malawi,1991,9844227
MWI,Malawi,1990,9545852
MYS,Malaysia,2020,33889558
MYS,Malaysia,2019,33440596
MYS,Malaysia,2018,32910967
MYS,Malaysia,2017,32355644
MYS,Malaysia,2016,31789685
MYS,Malaysia,2015,31232798
MYS,Malaysia,2014,30696137
MYS,Malaysia,2013,30174265
MYS,Malaysia,2012,29662831
MYS,Malaysia,2011,29162039
MYS,Malaysia,2010,28655776
MYS,Malaysia,2009,28124778
MYS,Malaysia,2008,27570059
MYS,Malaysia,2007,26998389
MYS,Malaysia,2006,26417909
MYS,Malaysia,2005,25836071
MYS,Malaysia,2004,25256772
MYS,Malaysia,2003,24679602
MYS,Malaysia,2002,24102477
MYS,Malaysia,2001,23526538
MYS,Malaysia,2000,22967816
MYS,Malaysia,1999,22435531
MYS,Malaysia,1998,21906713
MYS,Malaysia,1997,21375218
MYS,Malaysia,1996,20850087
MYS,Malaysia,1995,20330599
MYS,Malaysia,1994,19820446
MYS,Malaysia,1993,19322664
MYS,Malaysia,1992,18834572
MYS,Malaysia,1991,18342464
MYS,Malaysia,1990,17833171
MDV,Maldives,2020,502118
MDV,Maldives,2019,487731
MDV,Maldives,2018,473099
MDV,Maldives,2017,458287
MDV,Maldives,2016,443308
MDV,Maldives,2015,428154
MDV,Maldives,2014,413617
MDV,Maldives,2013,400070
MDV,Maldives,2012,386818
MDV,Maldives,2011,373674
MDV,Maldives,2010,360792
MDV,Maldives,2009,348275
MDV,Maldives,2008,336170
MDV,Maldives,2007,324479
MDV,Maldives,2006,313851
MDV,Maldives,2005,306429
MDV,Maldives,2004,301413
MDV,Maldives,2003,296491
MDV,Maldives,2002,291616
MDV,Maldives,2001,286767
MDV,Maldives,2000,282019
MDV,Maldives,1999,277412
MDV,Maldives,1998,272723
MDV,Maldives,1997,267707
MDV,Maldives,1996,262347
MDV,Maldives,1995,256649
MDV,Maldives,1994,250822
MDV,Maldives,1993,244884
MDV,Maldives,1992,238543
MDV,Maldives,1991,231802
MDV,Maldives,1990,224762
MLI,Mali,2020,21713836
MLI,Mali,2019,21068405
MLI,Mali,2018,20442030
MLI,Mali,2017,19813011
MLI,Mali,2016,19191289
MLI,Mali,2015,18593022
MLI,Mali,2014,18020267
MLI,Mali,2013,17459615
MLI,Mali,2012,16957033
MLI,Mali,2011,16469049
MLI,Mali,2010,15945198
MLI,Mali,2009,15435539
MLI,Mali,2008,14940782
MLI,Mali,2007,14457775
MLI,Mali,2006,13990139
MLI,Mali,2005,13538647
MLI,Mali,2004,13102409
MLI,Mali,2003,12684955
MLI,Mali,2002,12288050
MLI,Mali,2001,11912158
MLI,Mali,2000,11559290
MLI,Mali,1999,11227415
MLI,Mali,1998,10919573
MLI,Mali,1997,10646495
MLI,Mali,1996,10407278
MLI,Mali,1995,10185365
MLI,Mali,1994,9967031
MLI,Mali,1993,9754786
MLI,Mali,1992,9553540
MLI,Mali,1991,9362888
MLI,Mali,1990,9178830
MLT,Malta,2020,515490
MLT,Malta,2019,503912
MLT,Malta,2018,483903
MLT,Malta,2017,467106
MLT,Malta,2016,454505
MLT,Malta,2015,444220
MLT,Malta,2014,433481
MLT,Malta,2013,424810
MLT,Malta,2012,420028
MLT,Malta,2011,416268
MLT,Malta,2010,414508
MLT,Malta,2009,412477
MLT,Malta,2008,409379
MLT,Malta,2007,406724
MLT,Malta,2006,405308
MLT,Malta,2005,403834
MLT,Malta,2004,401268
MLT,Malta,2003,398582
MLT,Malta,2002,395969
MLT,Malta,2001,393028
MLT,Malta,2000,390087
MLT,Malta,1999,387578
MLT,Malta,1998,385287
MLT,Malta,1997,382791
MLT,Malta,1996,379905
MLT,Malta,1995,377419
MLT,Malta,1994,374797
MLT,Malta,1993,371308
MLT,Malta,1992,367618
MLT,Malta,1991,363845
MLT,Malta,1990,354170
MHL,Marshall Islands,2020,42706
MHL,Marshall Islands,2019,44007
MHL,Marshall Islands,2018,45285
MHL,Marshall Islands,2017,46529
MHL,Marshall Islands,2016,47709
MHL,Marshall Islands,2015,48800
MHL,Marshall Islands,2014,49796
MHL,Marshall Islands,2013,50681
MHL,Marshall Islands,2012,51419
MHL,Marshall Islands,2011,51907
MHL,Marshall Islands,2010,52044
MHL,Marshall Islands,2009,52019
MHL,Marshall Islands,2008,52030
MHL,Marshall Islands,2007,52035
MHL,Marshall Islands,2006,51992
MHL,Marshall Islands,2005,51906
MHL,Marshall Islands,2004,51791
MHL,Marshall Islands,2003,51639
MHL,Marshall Islands,2002,51425
MHL,Marshall Islands,2001,51123
MHL,Marshall Islands,2000,50706
MHL,Marshall Islands,1999,50202
MHL,Marshall Islands,1998,49717
MHL,Marshall Islands,1997,49259
MHL,Marshall Islands,1996,48775
MHL,Marshall Islands,1995,48266
MHL,Marshall Islands,1994,47712
MHL,Marshall Islands,1993,47093
MHL,Marshall Islands,1992,46388
MHL,Marshall Islands,1991,45568
MHL,Marshall Islands,1990,44629
MRT,Mauritania,2020,4600131
MRT,Mauritania,2019,4467708
MRT,Mauritania,2018,4337685
MRT,Mauritania,2017,4210600
MRT,Mauritania,2016,4086657
MRT,Mauritania,2015,3965959
MRT,Mauritania,2014,3848514
MRT,Mauritania,2013,3734318
MRT,Mauritania,2012,3619034
MRT,Mauritania,2011,3502811
MRT,Mauritania,2010,3390965
MRT,Mauritania,2009,3284448
MRT,Mauritania,2008,3183269
MRT,Mauritania,2007,3093059
MRT,Mauritania,2006,3013660
MRT,Mauritania,2005,2939059
MRT,Mauritania,2004,2868664
MRT,Mauritania,2003,2802046
MRT,Mauritania,2002,2738655
MRT,Mauritania,2001,2678760
MRT,Mauritania,2000,2613441
MRT,Mauritania,1999,2541698
MRT,Mauritania,1998,2474651
MRT,Mauritania,1997,2411306
MRT,Mauritania,1996,2358188
MRT,Mauritania,1995,2312017
MRT,Mauritania,1994,2249454
MRT,Mauritania,1993,2174328
MRT,Mauritania,1992,2088135
MRT,Mauritania,1991,2009738
MRT,Mauritania,1990,1951878
MUS,Mauritius,2020,1266014
MUS,Mauritius,2019,1265985
MUS,Mauritius,2018,1265577
MUS,Mauritius,2017,1264887
MUS,Mauritius,2016,1263747
MUS,Mauritius,2015,1262879
MUS,Mauritius,2014,1261208
MUS,Mauritius,2013,1258927
MUS,Mauritius,2012,1255882
MUS,Mauritius,2011,1252404
MUS,Mauritius,2010,1250400
MUS,Mauritius,2009,1247429
MUS,Mauritius,2008,1244121
MUS,Mauritius,2007,1239630
MUS,Mauritius,2006,1233996
MUS,Mauritius,2005,1228254
MUS,Mauritius,2004,1221003
MUS,Mauritius,2003,1213370
MUS,Mauritius,2002,1204621
MUS,Mauritius,2001,1196287
MUS,Mauritius,2000,1186873
MUS,Mauritius,1999,1175267
MUS,Mauritius,1998,1160421
MUS,Mauritius,1997,1148284
MUS,Mauritius,1996,1133996
MUS,Mauritius,1995,1122457
MUS,Mauritius,1994,1112846
MUS,Mauritius,1993,1097374
MUS,Mauritius,1992,1084441
MUS,Mauritius,1991,1070266
MUS,Mauritius,1990,1058775
MEX,Mexico,2020,126799054
MEX,Mexico,2019,125762982
MEX,Mexico,2018,124573711
MEX,Mexico,2017,123400057
MEX,Mexico,2016,122251351
MEX,Mexico,2015,121072306
MEX,Mexico,2014,119784261
MEX,Mexico,2013,118343573
MEX,Mexico,2012,116818208
MEX,Mexico,2011,115243504
MEX,Mexico,2010,113623895
MEX,Mexico,2009,111999721
MEX,Mexico,2008,110374288
MEX,Mexico,2007,108774360
MEX,Mexico,2006,107253666
MEX,Mexico,2005,105811504
MEX,Mexico,2004,104394131
MEX,Mexico,2003,102978515
MEX,Mexico,2002,101548624
MEX,Mexico,2001,100099099
MEX,Mexico,2000,98625552
MEX,Mexico,1999,97115707
MEX,Mexico,1998,95575245
MEX,Mexico,1997,94021207
MEX,Mexico,1996,92452702
MEX,Mexico,1995,90862455
MEX,Mexico,1994,89259205
MEX,Mexico,1993,87653807
MEX,Mexico,1992,86044809
MEX,Mexico,1991,84430572
MEX,Mexico,1990,82820170
FSM,"Micronesia, Fed. Sts.",2020,110916
FSM,"Micronesia, Fed. Sts.",2019,110282
FSM,"Micronesia, Fed. Sts.",2018,109909
FSM,"Micronesia, Fed. Sts.",2017,109481
FSM,"Micronesia, Fed. Sts.",2016,109075
FSM,"Micronesia, Fed. Sts.",2015,108716
FSM,"Micronesia, Fed. Sts.",2014,108396
FSM,"Micronesia, Fed. Sts.",2013,108121
FSM,"Micronesia, Fed. Sts.",2012,107890
FSM,"Micronesia, Fed. Sts.",2011,107698
FSM,"Micronesia, Fed. Sts.",2010,107540
FSM,"Micronesia, Fed. Sts.",2009,107957
FSM,"Micronesia, Fed. Sts.",2008,108936
FSM,"Micronesia, Fed. Sts.",2007,109880
FSM,"Micronesia, Fed. Sts.",2006,110729
FSM,"Micronesia, Fed. Sts.",2005,111412
FSM,"Micronesia, Fed. Sts.",2004,111925
FSM,"Micronesia, Fed. Sts.",2003,112285
FSM,"Micronesia, Fed. Sts.",2002,112448
FSM,"Micronesia, Fed. Sts.",2001,112365
FSM,"Micronesia, Fed. Sts.",2000,112044
FSM,"Micronesia, Fed. Sts.",1999,111680
FSM,"Micronesia, Fed. Sts.",1998,111377
FSM,"Micronesia, Fed. Sts.",1997,111071
FSM,"Micronesia, Fed. Sts.",1996,110710
FSM,"Micronesia, Fed. Sts.",1995,110230
FSM,"Micronesia, Fed. Sts.",1994,109075
FSM,"Micronesia, Fed. Sts.",1993,107066
FSM,"Micronesia, Fed. Sts.",1992,104806
FSM,"Micronesia, Fed. Sts.",1991,102754
FSM,"Micronesia, Fed. Sts.",1990,100888
MDA,Moldova,2020,2635130
MDA,Moldova,2019,2664224
MDA,Moldova,2018,2707203
MDA,Moldova,2017,2755189
MDA,Moldova,2016,2803186
MDA,Moldova,2015,2835978
MDA,Moldova,2014,2857815
MDA,Moldova,2013,2859558
MDA,Moldova,2012,2860324
MDA,Moldova,2011,2860699
MDA,Moldova,2010,2862354
MDA,Moldova,2009,2865213
MDA,Moldova,2008,2868833
MDA,Moldova,2007,2874299
MDA,Moldova,2006,2880967
MDA,Moldova,2005,2888985
MDA,Moldova,2004,2896023
MDA,Moldova,2003,2903198
MDA,Moldova,2002,2911385
MDA,Moldova,2001,2918135
MDA,Moldova,2000,2924668
MDA,Moldova,1999,2930622
MDA,Moldova,1998,2935227
MDA,Moldova,1997,2936413
MDA,Moldova,1996,2947293
MDA,Moldova,1995,2953200
MDA,Moldova,1994,2966745
MDA,Moldova,1993,2975966
MDA,Moldova,1992,2980965
MDA,Moldova,1991,2981566
MDA,Moldova,1990,2977912
MCO,Monaco,2020,38050
MCO,Monaco,2019,38109
MCO,Monaco,2018,38154
MCO,Monaco,2017,37678
MCO,Monaco,2016,37276
MCO,Monaco,2015,36757
MCO,Monaco,2014,36128
MCO,Monaco,2013,35447
MCO,Monaco,2012,34711
MCO,Monaco,2011,33946
MCO,Monaco,2010,33163
MCO,Monaco,2009,32364
MCO,Monaco,2008,31836
MCO,Monaco,2007,31837
MCO,Monaco,2006,32057
MCO,Monaco,2005,32210
MCO,Monaco,2004,32307
MCO,Monaco,2003,32374
MCO,Monaco,2002,32422
MCO,Monaco,2001,32447
MCO,Monaco,2000,32455
MCO,Monaco,1999,32410
MCO,Monaco,1998,32267
MCO,Monaco,1997,32063
MCO,Monaco,1996,31837
MCO,Monaco,1995,31609
MCO,Monaco,1994,31375
MCO,Monaco,1993,31136
MCO,Monaco,1992,30887
MCO,Monaco,1991,30625
MCO,Monaco,1990,30358
MNG,Mongolia,2020,3327204
MNG,Mongolia,2019,3267673
MNG,Mongolia,2018,3208189
MNG,Mongolia,2017,3148917
MNG,Mongolia,2016,3088856
MNG,Mongolia,2015,3026864
MNG,Mongolia,2014,2963113
MNG,Mongolia,2013,2899011
MNG,Mongolia,2012,2839705
MNG,Mongolia,2011,2786317
MNG,Mongolia,2010,2738622
MNG,Mongolia,2009,2691115
MNG,Mongolia,2008,2643201
MNG,Mongolia,2007,2601850
MNG,Mongolia,2006,2567168
MNG,Mongolia,2005,2536407
MNG,Mongolia,2004,2508412
MNG,Mongolia,2003,2480374
MNG,Mongolia,2002,2449027
MNG,Mongolia,2001,2417751
MNG,Mongolia,2000,2388299
MNG,Mongolia,1999,2356813
MNG,Mongolia,1998,2323809
MNG,Mongolia,1997,2291750
MNG,Mongolia,1996,2259507
MNG,Mongolia,1995,2224945
MNG,Mongolia,1994,2189395
MNG,Mongolia,1993,2165130
MNG,Mongolia,1992,2167790
MNG,Mongolia,1991,2165342
MNG,Mongolia,1990,2098710
MNE,Montenegro,2020,626590
MNE,Montenegro,2019,626753
MNE,Montenegro,2018,626438
MNE,Montenegro,2017,625982
MNE,Montenegro,2016,625353
MNE,Montenegro,2015,624651
MNE,Montenegro,2014,623744
MNE,Montenegro,2013,622587
MNE,Montenegro,2012,621418
MNE,Montenegro,2011,620345
MNE,Montenegro,2010,619428
MNE,Montenegro,2009,618294
MNE,Montenegro,2008,616969
MNE,Montenegro,2007,615875
MNE,Montenegro,2006,615025
MNE,Montenegro,2005,614261
MNE,Montenegro,2004,613353
MNE,Montenegro,2003,612267
MNE,Montenegro,2002,609828
MNE,Montenegro,2001,607389
MNE,Montenegro,2000,604950
MNE,Montenegro,1999,606001
MNE,Montenegro,1998,607662
MNE,Montenegro,1997,609520
MNE,Montenegro,1996,611003
MNE,Montenegro,1995,611712
MNE,Montenegro,1994,611389
MNE,Montenegro,1993,610170
MNE,Montenegro,1992,608516
MNE,Montenegro,1991,607105
MNE,Montenegro,1990,606372
MAR,Morocco,2020,36584208
MAR,Morocco,2019,36210898
MAR,Morocco,2018,35839760
MAR,Morocco,2017,35446392
MAR,Morocco,2016,35023457
MAR,Morocco,2015,34607588
MAR,Morocco,2014,34204780
MAR,Morocco,2013,33787571
MAR,Morocco,2012,33355241
MAR,Morocco,2011,32912588
MAR,Morocco,2010,32467016
MAR,Morocco,2009,32030778
MAR,Morocco,2008,31606767
MAR,Morocco,2007,31186468
MAR,Morocco,2006,30771178
MAR,Morocco,2005,30358144
MAR,Morocco,2004,29953018
MAR,Morocco,2003,29571415
MAR,Morocco,2002,29198142
MAR,Morocco,2001,28814643
MAR,Morocco,2000,28423435
MAR,Morocco,1999,28027179
MAR,Morocco,1998,27621648
MAR,Morocco,1997,27213337
MAR,Morocco,1996,26808107
MAR,Morocco,1995,26399429
MAR,Morocco,1994,26000822
MAR,Morocco,1993,25614586
MAR,Morocco,1992,25212468
MAR,Morocco,1991,24799014
MAR,Morocco,1990,24375551
MOZ,Mozambique,2020,30783688
MOZ,Mozambique,2019,29884380
MOZ,Mozambique,2018,29018644
MOZ,Mozambique,2017,28166393
MOZ,Mozambique,2016,27337105
MOZ,Mozambique,2015,26547572
MOZ,Mozambique,2014,25788475
MOZ,Mozambique,2013,25051611
MOZ,Mozambique,2012,24337846
MOZ,Mozambique,2011,23649039
MOZ,Mozambique,2010,22999235
MOZ,Mozambique,2009,22391745
MOZ,Mozambique,2008,21819036
MOZ,Mozambique,2007,21287635
MOZ,Mozambique,2006,20787087
MOZ,Mozambique,2005,20304569
MOZ,Mozambique,2004,19840313
MOZ,Mozambique,2003,19392475
MOZ,Mozambique,2002,18958338
MOZ,Mozambique,2001,18537729
MOZ,Mozambique,2000,18129653
MOZ,Mozambique,1999,17734506
MOZ,Mozambique,1998,17340464
MOZ,Mozambique,1997,16949982
MOZ,Mozambique,1996,16492480
MOZ,Mozambique,1995,15960530
MOZ,Mozambique,1994,15033853
MOZ,Mozambique,1993,14051192
MOZ,Mozambique,1992,13613316
MOZ,Mozambique,1991,13352090
MOZ,Mozambique,1990,13094537
MMR,Myanmar,2020,53016522
MMR,Myanmar,2019,52640713
MMR,Myanmar,2018,52272247
MMR,Myanmar,2017,51894938
MMR,Myanmar,2016,51495696
MMR,Myanmar,2015,51089056
MMR,Myanmar,2014,50681634
MMR,Myanmar,2013,50262658
MMR,Myanmar,2012,49837446
MMR,Myanmar,2011,49419820
MMR,Myanmar,2010,49024382
MMR,Myanmar,2009,48660459
MMR,Myanmar,2008,48390793
MMR,Myanmar,2007,48125043
MMR,Myanmar,2006,47785135
MMR,Myanmar,2005,47438365
MMR,Myanmar,2004,47068772
MMR,Myanmar,2003,46667192
MMR,Myanmar,2002,46232653
MMR,Myanmar,2001,45771139
MMR,Myanmar,2000,45290841
MMR,Myanmar,1999,44787724
MMR,Myanmar,1998,44257793
MMR,Myanmar,1997,43708798
MMR,Myanmar,1996,43154860
MMR,Myanmar,1995,42605338
MMR,Myanmar,1994,42055143
MMR,Myanmar,1993,41502429
MMR,Myanmar,1992,40950342
MMR,Myanmar,1991,40394154
MMR,Myanmar,1990,39817251
NAM,Namibia,2020,2728762
NAM,Namibia,2019,2650494
NAM,Namibia,2018,2577327
NAM,Namibia,2017,2506853
NAM,Namibia,2016,2439213
NAM,Namibia,2015,2374300
NAM,Namibia,2014,2312139
NAM,Namibia,2013,2252508
NAM,Namibia,2012,2194654
NAM,Namibia,2011,2146325
NAM,Namibia,2010,2109811
NAM,Namibia,2009,2077394
NAM,Namibia,2008,2047056
NAM,Namibia,2007,2018600
NAM,Namibia,2006,1991888
NAM,Namibia,2005,1966582
NAM,Namibia,2004,1942082
NAM,Namibia,2003,1917464
NAM,Namibia,2002,1889970
NAM,Namibia,2001,1857048
NAM,Namibia,2000,1818647
NAM,Namibia,1999,1776368
NAM,Namibia,1998,1732745
NAM,Namibia,1997,1689264
NAM,Namibia,1996,1646103
NAM,Namibia,1995,1602170
NAM,Namibia,1994,1556304
NAM,Namibia,1993,1508697
NAM,Namibia,1992,1461322
NAM,Namibia,1991,1415684
NAM,Namibia,1990,1369303
NRU,Naoero,2020,11643
NRU,Naoero,2019,11587
NRU,Naoero,2018,11477
NRU,Naoero,2017,11324
NRU,Naoero,2016,11150
NRU,Naoero,2015,10954
NRU,Naoero,2014,10742
NRU,Naoero,2013,10517
NRU,Naoero,2012,10267
NRU,Naoero,2011,10098
NRU,Naoero,2010,10043
NRU,Naoero,2009,10016
NRU,Naoero,2008,10009
NRU,Naoero,2007,10020
NRU,Naoero,2006,10034
NRU,Naoero,2005,10049
NRU,Naoero,2004,10060
NRU,Naoero,2003,10059
NRU,Naoero,2002,10082
NRU,Naoero,2001,10130
NRU,Naoero,2000,10168
NRU,Naoero,1999,10187
NRU,Naoero,1998,10198
NRU,Naoero,1997,10197
NRU,Naoero,1996,10183
NRU,Naoero,1995,10165
NRU,Naoero,1994,10137
NRU,Naoero,1993,10102
NRU,Naoero,1992,10021
NRU,Naoero,1991,9850
NRU,Naoero,1990,9622
NPL,Nepal,2020,28966574
NPL,Nepal,2019,28414064
NPL,Nepal,2018,28079689
NPL,Nepal,2017,28011258
NPL,Nepal,2016,27955462
NPL,Nepal,2015,27823629
NPL,Nepal,2014,27672370
NPL,Nepal,2013,27589996
NPL,Nepal,2012,27534915
NPL,Nepal,2011,27464494
NPL,Nepal,2010,27341952
NPL,Nepal,2009,27173035
NPL,Nepal,2008,26990037
NPL,Nepal,2007,26788492
NPL,Nepal,2006,26565425
NPL,Nepal,2005,26309458
NPL,Nepal,2004,26016656
NPL,Nepal,2003,25688758
NPL,Nepal,2002,25328981
NPL,Nepal,2001,24946748
NPL,Nepal,2000,24546509
NPL,Nepal,1999,24125199
NPL,Nepal,1998,23680357
NPL,Nepal,1997,23219463
NPL,Nepal,1996,22741862
NPL,Nepal,1995,22245439
NPL,Nepal,1994,21717479
NPL,Nepal,1993,21180159
NPL,Nepal,1992,20609707
NPL,Nepal,1991,20036500
NPL,Nepal,1990,19524573
NLD,Netherlands,2020,17441500
NLD,Netherlands,2019,17344874
NLD,Netherlands,2018,17231624
NLD,Netherlands,2017,17131296
NLD,Netherlands,2016,17030314
NLD,Netherlands,2015,16939923
NLD,Netherlands,2014,16865008
NLD,Netherlands,2013,16804432
NLD,Netherlands,2012,16754962
NLD,Netherlands,2011,16693074
NLD,Netherlands,2010,16615394
NLD,Netherlands,2009,16530388
NLD,Netherlands,2008,16445593
NLD,Netherlands,2007,16381696
NLD,Netherlands,2006,16346101
NLD,Netherlands,2005,16319868
NLD,Netherlands,2004,16281779
NLD,Netherlands,2003,16225302
NLD,Netherlands,2002,16148929
NLD,Netherlands,2001,16046180
NLD,Netherlands,2000,15925513
NLD,Netherlands,1999,15812088
NLD,Netherlands,1998,15707209
NLD,Netherlands,1997,15610650
NLD,Netherlands,1996,15530498
NLD,Netherlands,1995,15459006
NLD,Netherlands,1994,15382838
NLD,Netherlands,1993,15290368
NLD,Netherlands,1992,15184166
NLD,Netherlands,1991,15069798
NLD,Netherlands,1990,14951510
NCL,New Caledonia,2020,284176
NCL,New Caledonia,2019,283606
NCL,New Caledonia,2018,283541
NCL,New Caledonia,2017,283546
NCL,New Caledonia,2016,283423
NCL,New Caledonia,2015,283168
NCL,New Caledonia,2014,281224
NCL,New Caledonia,2013,276822
NCL,New Caledonia,2012,271633
NCL,New Caledonia,2011,266543
NCL,New Caledonia,2010,261582
NCL,New Caledonia,2009,257250
NCL,New Caledonia,2008,253825
NCL,New Caledonia,2007,250725
NCL,New Caledonia,2006,247547
NCL,New Caledonia,2005,244381
NCL,New Caledonia,2004,240852
NCL,New Caledonia,2003,236678
NCL,New Caledonia,2002,232236
NCL,New Caledonia,2001,227707
NCL,New Caledonia,2000,223098
NCL,New Caledonia,1999,218527
NCL,New Caledonia,1998,214047
NCL,New Caledonia,1997,209560
NCL,New Caledonia,1996,205034
NCL,New Caledonia,1995,200379
NCL,New Caledonia,1994,195614
NCL,New Caledonia,1993,190857
NCL,New Caledonia,1992,186072
NCL,New Caledonia,1991,181238
NCL,New Caledonia,1990,176456
NZL,New Zealand,2020,5072400
NZL,New Zealand,2019,4970300
NZL,New Zealand,2018,4900600
NZL,New Zealand,2017,4813600
NZL,New Zealand,2016,4714100
NZL,New Zealand,2015,4609400
NZL,New Zealand,2014,4516500
NZL,New Zealand,2013,4442100
NZL,New Zealand,2012,4408100
NZL,New Zealand,2011,4384000
NZL,New Zealand,2010,4350700
NZL,New Zealand,2009,4302600
NZL,New Zealand,2008,4259800
NZL,New Zealand,2007,4223800
NZL,New Zealand,2006,4184600
NZL,New Zealand,2005,4133900
NZL,New Zealand,2004,4087500
NZL,New Zealand,2003,4027200
NZL,New Zealand,2002,3948500
NZL,New Zealand,2001,3880500
NZL,New Zealand,2000,3857700
NZL,New Zealand,1999,3835100
NZL,New Zealand,1998,3815000
NZL,New Zealand,1997,3781300
NZL,New Zealand,1996,3732000
NZL,New Zealand,1995,3673400
NZL,New Zealand,1994,3620000
NZL,New Zealand,1993,3572200
NZL,New Zealand,1992,3531700
NZL,New Zealand,1991,3495100
NZL,New Zealand,1990,3329800
NIC,Nicaragua,2020,6565267
NIC,Nicaragua,2019,6483657
NIC,Nicaragua,2018,6400080
NIC,Nicaragua,2017,6316231
NIC,Nicaragua,2016,6232666
NIC,Nicaragua,2015,6149417
NIC,Nicaragua,2014,6066492
NIC,Nicaragua,2013,5983845
NIC,Nicaragua,2012,5901287
NIC,Nicaragua,2011,5819051
NIC,Nicaragua,2010,5737450
NIC,Nicaragua,2009,5656601
NIC,Nicaragua,2008,5576593
NIC,Nicaragua,2007,5497243
NIC,Nicaragua,2006,5418855
NIC,Nicaragua,2005,5342105
NIC,Nicaragua,2004,5272912
NIC,Nicaragua,2003,5210963
NIC,Nicaragua,2002,5149909
NIC,Nicaragua,2001,5087825
NIC,Nicaragua,2000,5022633
NIC,Nicaragua,1999,4954018
NIC,Nicaragua,1998,4883655
NIC,Nicaragua,1997,4809573
NIC,Nicaragua,1996,4729974
NIC,Nicaragua,1995,4642931
NIC,Nicaragua,1994,4549316
NIC,Nicaragua,1993,4453732
NIC,Nicaragua,1992,4357026
NIC,Nicaragua,1991,4259637
NIC,Nicaragua,1990,4162559
NER,Niger,2020,23717613
NER,Niger,2019,22947757
NER,Niger,2018,22188069
NER,Niger,2017,21435446
NER,Niger,2016,20685753
NER,Niger,2015,19939498
NER,Niger,2014,19215909
NER,Niger,2013,18519898
NER,Niger,2012,17836769
NER,Niger,2011,17176283
NER,Niger,2010,16548835
NER,Niger,2009,15943675
NER,Niger,2008,15361915
NER,Niger,2007,14803610
NER,Niger,2006,14268581
NER,Niger,2005,13756192
NER,Niger,2004,13265836
NER,Niger,2003,12796984
NER,Niger,2002,12349144
NER,Niger,2001,11920647
NER,Niger,2000,11509630
NER,Niger,1999,11117411
NER,Niger,1998,10741413
NER,Niger,1997,10383969
NER,Niger,1996,10044852
NER,Niger,1995,9714529
NER,Niger,1994,9398258
NER,Niger,1993,9100789
NER,Niger,1992,8817633
NER,Niger,1991,8546900
NER,Niger,1990,8286059
NGA,Nigeria,2020,213996181
NGA,Nigeria,2019,209485641
NGA,Nigeria,2018,204938755
NGA,Nigeria,2017,200254579
NGA,Nigeria,2016,195443700
NGA,Nigeria,2015,190671878
NGA,Nigeria,2014,185896915
NGA,Nigeria,2013,181049443
NGA,Nigeria,2012,176200625
NGA,Nigeria,2011,171379598
NGA,Nigeria,2010,166642886
NGA,Nigeria,2009,162049464
NGA,Nigeria,2008,157595014
NGA,Nigeria,2007,153267261
NGA,Nigeria,2006,149077334
NGA,Nigeria,2005,145017253
NGA,Nigeria,2004,141057045
NGA,Nigeria,2003,137202644
NGA,Nigeria,2002,133471989
NGA,Nigeria,2001,129862595
NGA,Nigeria,2000,126382494
NGA,Nigeria,1999,123047320
NGA,Nigeria,1998,119846254
NGA,Nigeria,1997,116754792
NGA,Nigeria,1996,113754779
NGA,Nigeria,1995,110819428
NGA,Nigeria,1994,107935714
NGA,Nigeria,1993,105122069
NGA,Nigeria,1992,102372770
NGA,Nigeria,1991,99720162
NGA,Nigeria,1990,97120925
MKD,North Macedonia,2020,1856124
MKD,North Macedonia,2019,1876262
MKD,North Macedonia,2018,1889051
MKD,North Macedonia,2017,1898657
MKD,North Macedonia,2016,1906313
MKD,North Macedonia,2015,1912430
MKD,North Macedonia,2014,1917557
MKD,North Macedonia,2013,1922716
MKD,North Macedonia,2012,1929821
MKD,North Macedonia,2011,1937398
MKD,North Macedonia,2010,1946298
MKD,North Macedonia,2009,1958782
MKD,North Macedonia,2008,1971493
MKD,North Macedonia,2007,1982933
MKD,North Macedonia,2006,1994287
MKD,North Macedonia,2005,2005330
MKD,North Macedonia,2004,2016186
MKD,North Macedonia,2003,2022725
MKD,North Macedonia,2002,2020157
MKD,North Macedonia,2001,2034882
MKD,North Macedonia,2000,2026350
MKD,North Macedonia,1999,2017142
MKD,North Macedonia,1998,2007523
MKD,North Macedonia,1997,1996869
MKD,North Macedonia,1996,2012553
MKD,North Macedonia,1995,1998534
MKD,North Macedonia,1994,1992666
MKD,North Macedonia,1993,2006854
MKD,North Macedonia,1992,2032523
MKD,North Macedonia,1991,2055994
MKD,North Macedonia,1990,2063689
MNP,Northern Mariana Islands,2020,47528
MNP,Northern Mariana Islands,2019,48129
MNP,Northern Mariana Islands,2018,49077
MNP,Northern Mariana Islands,2017,49959
MNP,Northern Mariana Islands,2016,50773
MNP,Northern Mariana Islands,2015,51514
MNP,Northern Mariana Islands,2014,52178
MNP,Northern Mariana Islands,2013,52758
MNP,Northern Mariana Islands,2012,53234
MNP,Northern Mariana Islands,2011,53608
MNP,Northern Mariana Islands,2010,54091
MNP,Northern Mariana Islands,2009,55325
MNP,Northern Mariana Islands,2008,57150
MNP,Northern Mariana Islands,2007,58941
MNP,Northern Mariana Islands,2006,60682
MNP,Northern Mariana Islands,2005,62354
MNP,Northern Mariana Islands,2004,63938
MNP,Northern Mariana Islands,2003,65421
MNP,Northern Mariana Islands,2002,66778
MNP,Northern Mariana Islands,2001,67984
MNP,Northern Mariana Islands,2000,68356
MNP,Northern Mariana Islands,1999,65916
MNP,Northern Mariana Islands,1998,61337
MNP,Northern Mariana Islands,1997,56596
MNP,Northern Mariana Islands,1996,51706
MNP,Northern Mariana Islands,1995,48176
MNP,Northern Mariana Islands,1994,46730
MNP,Northern Mariana Islands,1993,45952
MNP,Northern Mariana Islands,1992,45181
MNP,Northern Mariana Islands,1991,44393
MNP,Northern Mariana Islands,1990,43342
NOR,Norway,2020,5379475
NOR,Norway,2019,5347896
NOR,Norway,2018,5311916
NOR,Norway,2017,5276968
NOR,Norway,2016,5234519
NOR,Norway,2015,5188607
NOR,Norway,2014,5137232
NOR,Norway,2013,5079623
NOR,Norway,2012,5018573
NOR,Norway,2011,4953088
NOR,Norway,2010,4889252
NOR,Norway,2009,4828726
NOR,Norway,2008,4768212
NOR,Norway,2007,4709153
NOR,Norway,2006,4660677
NOR,Norway,2005,4623291
NOR,Norway,2004,4591910
NOR,Norway,2003,4564855
NOR,Norway,2002,4538159
NOR,Norway,2001,4513751
NOR,Norway,2000,4490967
NOR,Norway,1999,4461913
NOR,Norway,1998,4431464
NOR,Norway,1997,4405157
NOR,Norway,1996,4381336
NOR,Norway,1995,4359184
NOR,Norway,1994,4336613
NOR,Norway,1993,4311991
NOR,Norway,1992,4286401
NOR,Norway,1991,4261732
NOR,Norway,1990,4241473
OMN,Oman,2020,4522497
OMN,Oman,2019,4591241
OMN,Oman,2018,4597877
OMN,Oman,2017,4537396
OMN,Oman,2016,4390877
OMN,Oman,2015,4184895
OMN,Oman,2014,4002439
OMN,Oman,2013,3833913
OMN,Oman,2012,3547106
OMN,Oman,2011,3076763
OMN,Oman,2010,2757446
OMN,Oman,2009,2684659
OMN,Oman,2008,2626529
OMN,Oman,2007,2570174
OMN,Oman,2006,2514795
OMN,Oman,2005,2459802
OMN,Oman,2004,2404821
OMN,Oman,2003,2363796
OMN,Oman,2002,2337140
OMN,Oman,2001,2310217
OMN,Oman,2000,2282131
OMN,Oman,1999,2252909
OMN,Oman,1998,2222489
OMN,Oman,1997,2190720
OMN,Oman,1996,2156926
OMN,Oman,1995,2120528
OMN,Oman,1994,2081834
OMN,Oman,1993,2021675
OMN,Oman,1992,1938238
OMN,Oman,1991,1851473
OMN,Oman,1990,1763954
PAK,Pakistan,2020,235001746
PAK,Pakistan,2019,230800899
PAK,Pakistan,2018,226928892
PAK,Pakistan,2017,223273967
PAK,Pakistan,2016,220138869
PAK,Pakistan,2015,217290883
PAK,Pakistan,2014,214264647
PAK,Pakistan,2013,211073978
PAK,Pakistan,2012,207667125
PAK,Pakistan,2011,203746065
PAK,Pakistan,2010,199239047
PAK,Pakistan,2009,194376534
PAK,Pakistan,2008,189499113
PAK,Pakistan,2007,184493231
PAK,Pakistan,2006,179682690
PAK,Pakistan,2005,175453212
PAK,Pakistan,2004,171286000
PAK,Pakistan,2003,167110248
PAK,Pakistan,2002,163222549
PAK,Pakistan,2001,159270907
PAK,Pakistan,2000,154879127
PAK,Pakistan,1999,150565377
PAK,Pakistan,1998,146522356
PAK,Pakistan,1997,142531804
PAK,Pakistan,1996,138557092
PAK,Pakistan,1995,134582253
PAK,Pakistan,1994,130748083
PAK,Pakistan,1993,127020117
PAK,Pakistan,1992,123546848
PAK,Pakistan,1991,120060406
PAK,Pakistan,1990,116155576
PLW,Palau,2020,17792
PLW,Palau,2019,17798
PLW,Palau,2018,17814
PLW,Palau,2017,17812
PLW,Palau,2016,17797
PLW,Palau,2015,17770
PLW,Palau,2014,17715
PLW,Palau,2013,17648
PLW,Palau,2012,17765
PLW,Palau,2011,18078
PLW,Palau,2010,18396
PLW,Palau,2009,18709
PLW,Palau,2008,19009
PLW,Palau,2007,19302
PLW,Palau,2006,19593
PLW,Palau,2005,19819
PLW,Palau,2004,19820
PLW,Palau,2003,19659
PLW,Palau,2002,19503
PLW,Palau,2001,19352
PLW,Palau,2000,19178
PLW,Palau,1999,18901
PLW,Palau,1998,18524
PLW,Palau,1997,18108
PLW,Palau,1996,17654
PLW,Palau,1995,17195
PLW,Palau,1994,16770
PLW,Palau,1993,16372
PLW,Palau,1992,15989
PLW,Palau,1991,15614
PLW,Palau,1990,15259
PAN,Panama,2020,4293261
PAN,Panama,2019,4234700
PAN,Panama,2018,4167860
PAN,Panama,2017,4098707
PAN,Panama,2016,4029086
PAN,Panama,2015,3960035
PAN,Panama,2014,3892101
PAN,Panama,2013,3825329
PAN,Panama,2012,3759256
PAN,Panama,2011,3693505
PAN,Panama,2010,3628535
PAN,Panama,2009,3564381
PAN,Panama,2008,3500648
PAN,Panama,2007,3437490
PAN,Panama,2006,3375024
PAN,Panama,2005,3313026
PAN,Panama,2004,3251155
PAN,Panama,2003,3189807
PAN,Panama,2002,3129344
PAN,Panama,2001,3069537
PAN,Panama,2000,3010369
PAN,Panama,1999,2951822
PAN,Panama,1998,2893914
PAN,Panama,1997,2836695
PAN,Panama,1996,2780227
PAN,Panama,1995,2724557
PAN,Panama,1994,2669546
PAN,Panama,1993,2615099
PAN,Panama,1992,2561336
PAN,Panama,1991,2508265
PAN,Panama,1990,2455583
PNG,Papua New Guinea,2020,9815746
PNG,Papua New Guinea,2019,9609010
PNG,Papua New Guinea,2018,9394513
PNG,Papua New Guinea,2017,9178714
PNG,Papua New Guinea,2016,8961718
PNG,Papua New Guinea,2015,8743246
PNG,Papua New Guinea,2014,8523441
PNG,Papua New Guinea,2013,8302698
PNG,Papua New Guinea,2012,8081390
PNG,Papua New Guinea,2011,7859346
PNG,Papua New Guinea,2010,7633523
PNG,Papua New Guinea,2009,7406438
PNG,Papua New Guinea,2008,7183002
PNG,Papua New Guinea,2007,6963345
PNG,Papua New Guinea,2006,6747720
PNG,Papua New Guinea,2005,6535905
PNG,Papua New Guinea,2004,6328041
PNG,Papua New Guinea,2003,6123997
PNG,Papua New Guinea,2002,5924003
PNG,Papua New Guinea,2001,5728435
PNG,Papua New Guinea,2000,5537064
PNG,Papua New Guinea,1999,5349333
PNG,Papua New Guinea,1998,5166390
PNG,Papua New Guinea,1997,4987883
PNG,Papua New Guinea,1996,4813361
PNG,Papua New Guinea,1995,4644278
PNG,Papua New Guinea,1994,4480208
PNG,Papua New Guinea,1993,4320872
PNG,Papua New Guinea,1992,4166699
PNG,Papua New Guinea,1991,4021837
PNG,Papua New Guinea,1990,3896481
PRY,Paraguay,2020,6603739
PRY,Paraguay,2019,6515058
PRY,Paraguay,2018,6427382
PRY,Paraguay,2017,6338660
PRY,Paraguay,2016,6249126
PRY,Paraguay,2015,6159103
PRY,Paraguay,2014,6069811
PRY,Paraguay,2013,5982445
PRY,Paraguay,2012,5897008
PRY,Paraguay,2011,5814626
PRY,Paraguay,2010,5737971
PRY,Paraguay,2009,5671236
PRY,Paraguay,2008,5613574
PRY,Paraguay,2007,5559386
PRY,Paraguay,2006,5505148
PRY,Paraguay,2005,5448097
PRY,Paraguay,2004,5388175
PRY,Paraguay,2003,5326436
PRY,Paraguay,2002,5261328
PRY,Paraguay,2001,5187689
PRY,Paraguay,2000,5100868
PRY,Paraguay,1999,5003135
PRY,Paraguay,1998,4900025
PRY,Paraguay,1997,4794412
PRY,Paraguay,1996,4687543
PRY,Paraguay,1995,4579806
PRY,Paraguay,1994,4471417
PRY,Paraguay,1993,4362696
PRY,Paraguay,1992,4253600
PRY,Paraguay,1991,4144364
PRY,Paraguay,1990,4035747
PER,Peru,2020,32838579
PER,Peru,2019,32449303
PER,Peru,2018,31897584
PER,Peru,2017,31324637
PER,Peru,2016,30866494
PER,Peru,2015,30457600
PER,Peru,2014,30115826
PER,Peru,2013,29817919
PER,Peru,2012,29550366
PER,Peru,2011,29304086
PER,Peru,2010,29086019
PER,Peru,2009,28896811
PER,Peru,2008,28719041
PER,Peru,2007,28530699
PER,Peru,2006,28324491
PER,Peru,2005,28101180
PER,Peru,2004,27852190
PER,Peru,2003,27580490
PER,Peru,2002,27288217
PER,Peru,2001,26964601
PER,Peru,2000,26598331
PER,Peru,1999,26186504
PER,Peru,1998,25738095
PER,Peru,1997,25274147
PER,Peru,1996,24811171
PER,Peru,1995,24348919
PER,Peru,1994,23881493
PER,Peru,1993,23413783
PER,Peru,1992,22946340
PER,Peru,1991,22483775
PER,Peru,1990,22014771
PHL,Philippines,2020,112081264
PHL,Philippines,2019,110804683
PHL,Philippines,2018,109465287
PHL,Philippines,2017,108119693
PHL,Philippines,2016,106735719
PHL,Philippines,2015,105312992
PHL,Philippines,2014,103767130
PHL,Philippines,2013,102076336
PHL,Philippines,2012,100175512
PHL,Philippines,2011,98248614
PHL,Philippines,2010,96337125
PHL,Philippines,2009,94384250
PHL,Philippines,2008,92699095
PHL,Philippines,2007,91075184
PHL,Philippines,2006,89508986
PHL,Philippines,2005,88015962
PHL,Philippines,2004,86394504
PHL,Philippines,2003,84731835
PHL,Philippines,2002,83068889
PHL,Philippines,2001,81401488
PHL,Philippines,2000,79625397
PHL,Philippines,1999,77753257
PHL,Philippines,1998,75791024
PHL,Philippines,1997,73908810
PHL,Philippines,1996,72190242
PHL,Philippines,1995,70546246
PHL,Philippines,1994,69019291
PHL,Philippines,1993,67530621
PHL,Philippines,1992,65926125
PHL,Philippines,1991,64382249
PHL,Philippines,1990,62854666
POL,Poland,2020,37515748
POL,Poland,2019,37965475
POL,Poland,2018,37974750
POL,Poland,2017,37974826
POL,Poland,2016,37970087
POL,Poland,2015,37986412
POL,Poland,2014,38011735
POL,Poland,2013,38040196
POL,Poland,2012,38063164
POL,Poland,2011,38063255
POL,Poland,2010,38042794
POL,Poland,2009,38151603
POL,Poland,2008,38125759
POL,Poland,2007,38120560
POL,Poland,2006,38141267
POL,Poland,2005,38165445
POL,Poland,2004,38182222
POL,Poland,2003,38204570
POL,Poland,2002,38230364
POL,Poland,2001,38248076
POL,Poland,2000,38258629
POL,Poland,1999,38660271
POL,Poland,1998,38663481
POL,Poland,1997,38649660
POL,Poland,1996,38624370
POL,Poland,1995,38594998
POL,Poland,1994,38542652
POL,Poland,1993,38461408
POL,Poland,1992,38363667
POL,Poland,1991,38246193
POL,Poland,1990,38110782
PRT,Portugal,2020,10297081
PRT,Portugal,2019,10286263
PRT,Portugal,2018,10283822
PRT,Portugal,2017,10300300
PRT,Portugal,2016,10325452
PRT,Portugal,2015,10358076
PRT,Portugal,2014,10401062
PRT,Portugal,2013,10457295
PRT,Portugal,2012,10514844
PRT,Portugal,2011,10557560
PRT,Portugal,2010,10573100
PRT,Portugal,2009,10568247
PRT,Portugal,2008,10558177
PRT,Portugal,2007,10542964
PRT,Portugal,2006,10522288
PRT,Portugal,2005,10503330
PRT,Portugal,2004,10483861
PRT,Portugal,2003,10458821
PRT,Portugal,2002,10419631
PRT,Portugal,2001,10362722
PRT,Portugal,2000,10289898
PRT,Portugal,1999,10217828
PRT,Portugal,1998,10160196
PRT,Portugal,1997,10108977
PRT,Portugal,1996,10063945
PRT,Portugal,1995,10026176
PRT,Portugal,1994,9991525
PRT,Portugal,1993,9964675
PRT,Portugal,1992,9952494
PRT,Portugal,1991,9960235
PRT,Portugal,1990,9983218
PRI,Puerto Rico (US),2020,3281591
PRI,Puerto Rico (US),2019,3302691
PRI,Puerto Rico (US),2018,3290690
PRI,Puerto Rico (US),2017,3410837
PRI,Puerto Rico (US),2016,3480432
PRI,Puerto Rico (US),2015,3535167
PRI,Puerto Rico (US),2014,3585017
PRI,Puerto Rico (US),2013,3631427
PRI,Puerto Rico (US),2012,3661045
PRI,Puerto Rico (US),2011,3693464
PRI,Puerto Rico (US),2010,3724465
PRI,Puerto Rico (US),2009,3740410
PRI,Puerto Rico (US),2008,3760866
PRI,Puerto Rico (US),2007,3782995
PRI,Puerto Rico (US),2006,3805214
PRI,Puerto Rico (US),2005,3821362
PRI,Puerto Rico (US),2004,3826878
PRI,Puerto Rico (US),2003,3826095
PRI,Puerto Rico (US),2002,3823701
PRI,Puerto Rico (US),2001,3818774
PRI,Puerto Rico (US),2000,3810605
PRI,Puerto Rico (US),1999,3800081
PRI,Puerto Rico (US),1998,3781101
PRI,Puerto Rico (US),1997,3759430
PRI,Puerto Rico (US),1996,3724655
PRI,Puerto Rico (US),1995,3683103
PRI,Puerto Rico (US),1994,3649237
PRI,Puerto Rico (US),1993,3615497
PRI,Puerto Rico (US),1992,3585176
PRI,Puerto Rico (US),1991,3562110
PRI,Puerto Rico (US),1990,3537000
QAT,Qatar,2020,2794148
QAT,Qatar,2019,2638657
QAT,Qatar,2018,2580734
QAT,Qatar,2017,2545820
QAT,Qatar,2016,2477113
QAT,Qatar,2015,2344557
QAT,Qatar,2014,2151745
QAT,Qatar,2013,1916426
QAT,Qatar,2012,1722438
QAT,Qatar,2011,1624761
QAT,Qatar,2010,1616832
QAT,Qatar,2009,1608903
QAT,Qatar,2008,1426938
QAT,Qatar,2007,1208595
QAT,Qatar,2006,972831
QAT,Qatar,2005,825408
QAT,Qatar,2004,773332
QAT,Qatar,2003,744682
QAT,Qatar,2002,711205
QAT,Qatar,2001,677925
QAT,Qatar,2000,644989
QAT,Qatar,1999,612500
QAT,Qatar,1998,580540
QAT,Qatar,1997,550500
QAT,Qatar,1996,529019
QAT,Qatar,1995,514325
QAT,Qatar,1994,499459
QAT,Qatar,1993,484545
QAT,Qatar,1992,469657
QAT,Qatar,1991,454853
QAT,Qatar,1990,440175
ROU,Romania,2020,19265250
ROU,Romania,2019,19371648
ROU,Romania,2018,19473970
ROU,Romania,2017,19588715
ROU,Romania,2016,19702267
ROU,Romania,2015,19815616
ROU,Romania,2014,19908979
ROU,Romania,2013,19983693
ROU,Romania,2012,20058035
ROU,Romania,2011,20147528
ROU,Romania,2010,20246871
ROU,Romania,2009,20367487
ROU,Romania,2008,20537875
ROU,Romania,2007,20882982
ROU,Romania,2006,21193760
ROU,Romania,2005,21319685
ROU,Romania,2004,21451748
ROU,Romania,2003,21574326
ROU,Romania,2002,21730496
ROU,Romania,2001,22131970
ROU,Romania,2000,22442971
ROU,Romania,1999,22472040
ROU,Romania,1998,22507344
ROU,Romania,1997,22553978
ROU,Romania,1996,22619004
ROU,Romania,1995,22684270
ROU,Romania,1994,22730211
ROU,Romania,1993,22763280
ROU,Romania,1992,22794284
ROU,Romania,1991,23001155
ROU,Romania,1990,23201835
RUS,Russian Federation,2020,145245148
RUS,Russian Federation,2019,145453291
RUS,Russian Federation,2018,145398106
RUS,Russian Federation,2017,145293260
RUS,Russian Federation,2016,145015460
RUS,Russian Federation,2015,144640716
RUS,Russian Federation,2014,144237223
RUS,Russian Federation,2013,143805638
RUS,Russian Federation,2012,143378447
RUS,Russian Federation,2011,143018195
RUS,Russian Federation,2010,142849468
RUS,Russian Federation,2009,142785348
RUS,Russian Federation,2008,142742366
RUS,Russian Federation,2007,142805114
RUS,Russian Federation,2006,143049637
RUS,Russian Federation,2005,143518814
RUS,Russian Federation,2004,144067316
RUS,Russian Federation,2003,144648618
RUS,Russian Federation,2002,145306497
RUS,Russian Federation,2001,145976482
RUS,Russian Federation,2000,146596869
RUS,Russian Federation,1999,147214776
RUS,Russian Federation,1998,147670784
RUS,Russian Federation,1997,147915361
RUS,Russian Federation,1996,148160129
RUS,Russian Federation,1995,148375787
RUS,Russian Federation,1994,148407912
RUS,Russian Federation,1993,148458777
RUS,Russian Federation,1992,148538197
RUS,Russian Federation,1991,148394216
RUS,Russian Federation,1990,147969406
RWA,Rwanda,2020,13065837
RWA,Rwanda,2019,12776103
RWA,Rwanda,2018,12487996
RWA,Rwanda,2017,12202060
RWA,Rwanda,2016,11919183
RWA,Rwanda,2015,11640022
RWA,Rwanda,2014,11364757
RWA,Rwanda,2013,11093340
RWA,Rwanda,2012,10829901
RWA,Rwanda,2011,10573733
RWA,Rwanda,2010,10317553
RWA,Rwanda,2009,10060432
RWA,Rwanda,2008,9804269
RWA,Rwanda,2007,9549933
RWA,Rwanda,2006,9299246
RWA,Rwanda,2005,9054528
RWA,Rwanda,2004,8816844
RWA,Rwanda,2003,8586875
RWA,Rwanda,2002,8400180
RWA,Rwanda,2001,8287094
RWA,Rwanda,2000,8213931
RWA,Rwanda,1999,8147912
RWA,Rwanda,1998,8081681
RWA,Rwanda,1997,7755238
RWA,Rwanda,1996,6708764
RWA,Rwanda,1995,5674118
RWA,Rwanda,1994,6792352
RWA,Rwanda,1993,7981132
RWA,Rwanda,1992,7683266
RWA,Rwanda,1991,7526966
RWA,Rwanda,1990,7375307
WSM,Samoa,2020,211944
WSM,Samoa,2019,209780
WSM,Samoa,2018,207582
WSM,Samoa,2017,205415
WSM,Samoa,2016,203499
WSM,Samoa,2015,201782
WSM,Samoa,2014,200037
WSM,Samoa,2013,198268
WSM,Samoa,2012,196498
WSM,Samoa,2011,194713
WSM,Samoa,2010,193023
WSM,Samoa,2009,191513
WSM,Samoa,2008,190107
WSM,Samoa,2007,188753
WSM,Samoa,2006,187709
WSM,Samoa,2005,186978
WSM,Samoa,2004,186249
WSM,Samoa,2003,185430
WSM,Samoa,2002,184471
WSM,Samoa,2001,183166
WSM,Samoa,2000,181685
WSM,Samoa,1999,180275
WSM,Samoa,1998,178905
WSM,Samoa,1997,177547
WSM,Samoa,1996,176071
WSM,Samoa,1995,174571
WSM,Samoa,1994,173159
WSM,Samoa,1993,171774
WSM,Samoa,1992,170331
WSM,Samoa,1991,169368
WSM,Samoa,1990,169042
SMR,San Marino,2020,34770
SMR,San Marino,2019,34663
SMR,San Marino,2018,34522
SMR,San Marino,2017,33825
SMR,San Marino,2016,33101
SMR,San Marino,2015,32897
SMR,San Marino,2014,32655
SMR,San Marino,2013,33041
SMR,San Marino,2012,33469
SMR,San Marino,2011,32620
SMR,San Marino,2010,33270
SMR,San Marino,2009,33066
SMR,San Marino,2008,31662
SMR,San Marino,2007,31211
SMR,San Marino,2006,30184
SMR,San Marino,2005,29836
SMR,San Marino,2004,29457
SMR,San Marino,2003,27843
SMR,San Marino,2002,27491
SMR,San Marino,2001,27143
SMR,San Marino,2000,26799
SMR,San Marino,1999,26459
SMR,San Marino,1998,26125
SMR,San Marino,1997,25800
SMR,San Marino,1996,25482
SMR,San Marino,1995,25158
SMR,San Marino,1994,24823
SMR,San Marino,1993,24472
SMR,San Marino,1992,24125
SMR,San Marino,1991,23797
SMR,San Marino,1990,23475
STP,Sao Tome and Principe,2020,217435
STP,Sao Tome and Principe,2019,213392
STP,Sao Tome and Principe,2018,210187
STP,Sao Tome and Principe,2017,206970
STP,Sao Tome and Principe,2016,203689
STP,Sao Tome and Principe,2015,200291
STP,Sao Tome and Principe,2014,196767
STP,Sao Tome and Principe,2013,193148
STP,Sao Tome and Principe,2012,189439
STP,Sao Tome and Principe,2011,185649
STP,Sao Tome and Principe,2010,181802
STP,Sao Tome and Principe,2009,177853
STP,Sao Tome and Principe,2008,173793
STP,Sao Tome and Principe,2007,169700
STP,Sao Tome and Principe,2006,165638
STP,Sao Tome and Principe,2005,161639
STP,Sao Tome and Principe,2004,157705
STP,Sao Tome and Principe,2003,153814
STP,Sao Tome and Principe,2002,149922
STP,Sao Tome and Principe,2001,146375
STP,Sao Tome and Principe,2000,144018
STP,Sao Tome and Principe,1999,142442
STP,Sao Tome and Principe,1998,140751
STP,Sao Tome and Principe,1997,138922
STP,Sao Tome and Principe,1996,136962
STP,Sao Tome and Principe,1995,134895
STP,Sao Tome and Principe,1994,132732
STP,Sao Tome and Principe,1993,130467
STP,Sao Tome and Principe,1992,128110
STP,Sao Tome and Principe,1991,125697
STP,Sao Tome and Principe,1990,122980
SAU,Saudi Arabia,2020,31552510
SAU,Saudi Arabia,2019,30063799
SAU,Saudi Arabia,2018,30196281
SAU,Saudi Arabia,2017,30977355
SAU,Saudi Arabia,2016,30954198
SAU,Saudi Arabia,2015,29816382
SAU,Saudi Arabia,2014,28309273
SAU,Saudi Arabia,2013,27624004
SAU,Saudi Arabia,2012,26168861
SAU,Saudi Arabia,2011,25091867
SAU,Saudi Arabia,2010,23978487
SAU,Saudi Arabia,2009,24217654
SAU,Saudi Arabia,2008,23287877
SAU,Saudi Arabia,2007,22368313
SAU,Saudi Arabia,2006,21459144
SAU,Saudi Arabia,2005,20559890
SAU,Saudi Arabia,2004,19669480
SAU,Saudi Arabia,2003,18786767
SAU,Saudi Arabia,2002,17910910
SAU,Saudi Arabia,2001,17041397
SAU,Saudi Arabia,2000,16177722
SAU,Saudi Arabia,1999,15472075
SAU,Saudi Arabia,1998,14922185
SAU,Saudi Arabia,1997,14374943
SAU,Saudi Arabia,1996,13831009
SAU,Saudi Arabia,1995,13289245
SAU,Saudi Arabia,1994,12750040
SAU,Saudi Arabia,1993,12215862
SAU,Saudi Arabia,1992,11686676
SAU,Saudi Arabia,1991,11160744
SAU,Saudi Arabia,1990,10640691
SEN,Senegal,2020,16789219
SEN,Senegal,2019,16352922
SEN,Senegal,2018,15914498
SEN,Senegal,2017,15475002
SEN,Senegal,2016,15034521
SEN,Senegal,2015,14593331
SEN,Senegal,2014,14152102
SEN,Senegal,2013,13710849
SEN,Senegal,2012,13310495
SEN,Senegal,2011,12958897
SEN,Senegal,2010,12635413
SEN,Senegal,2009,12337389
SEN,Senegal,2008,12048959
SEN,Senegal,2007,11770344
SEN,Senegal,2006,11500094
SEN,Senegal,2005,11235472
SEN,Senegal,2004,10975704
SEN,Senegal,2003,10721176
SEN,Senegal,2002,10466214
SEN,Senegal,2001,10212942
SEN,Senegal,2000,9968260
SEN,Senegal,1999,9730887
SEN,Senegal,1998,9502952
SEN,Senegal,1997,9283495
SEN,Senegal,1996,9067014
SEN,Senegal,1995,8848101
SEN,Senegal,1994,8624078
SEN,Senegal,1993,8396288
SEN,Senegal,1992,8168395
SEN,Senegal,1991,7943085
SEN,Senegal,1990,7720523
SRB,Serbia,2020,6899126
SRB,Serbia,2019,6945235
SRB,Serbia,2018,6982604
SRB,Serbia,2017,7020858
SRB,Serbia,2016,7058322
SRB,Serbia,2015,7095383
SRB,Serbia,2014,7131787
SRB,Serbia,2013,7166553
SRB,Serbia,2012,7201497
SRB,Serbia,2011,7236519
SRB,Serbia,2010,7291436
SRB,Serbia,2009,7320807
SRB,Serbia,2008,7350222
SRB,Serbia,2007,7381579
SRB,Serbia,2006,7411569
SRB,Serbia,2005,7440769
SRB,Serbia,2004,7463157
SRB,Serbia,2003,7480591
SRB,Serbia,2002,7500031
SRB,Serbia,2001,7503433
SRB,Serbia,2000,7516346
SRB,Serbia,1999,7540401
SRB,Serbia,1998,7567745
SRB,Serbia,1997,7598538
SRB,Serbia,1996,7622185
SRB,Serbia,1995,7628264
SRB,Serbia,1994,7622711
SRB,Serbia,1993,7614328
SRB,Serbia,1992,7604063
SRB,Serbia,1991,7595636
SRB,Serbia,1990,7897937
SYC,Seychelles,2020,98462
SYC,Seychelles,2019,97625
SYC,Seychelles,2018,96762
SYC,Seychelles,2017,95843
SYC,Seychelles,2016,94677
SYC,Seychelles,2015,93419
SYC,Seychelles,2014,91359
SYC,Seychelles,2013,89949
SYC,Seychelles,2012,88303
SYC,Seychelles,2011,87441
SYC,Seychelles,2010,89770
SYC,Seychelles,2009,87298
SYC,Seychelles,2008,86956
SYC,Seychelles,2007,85033
SYC,Seychelles,2006,84600
SYC,Seychelles,2005,82858
SYC,Seychelles,2004,82475
SYC,Seychelles,2003,82781
SYC,Seychelles,2002,83723
SYC,Seychelles,2001,81202
SYC,Seychelles,2000,81131
SYC,Seychelles,1999,80410
SYC,Seychelles,1998,78846
SYC,Seychelles,1997,77319
SYC,Seychelles,1996,76417
SYC,Seychelles,1995,75304
SYC,Seychelles,1994,74205
SYC,Seychelles,1993,72253
SYC,Seychelles,1992,70763
SYC,Seychelles,1991,70439
SYC,Seychelles,1990,69507
SLE,Sierra Leone,2020,7912558
SLE,Sierra Leone,2019,7731991
SLE,Sierra Leone,2018,7554563
SLE,Sierra Leone,2017,7379299
SLE,Sierra Leone,2016,7205328
SLE,Sierra Leone,2015,7037655
SLE,Sierra Leone,2014,6876385
SLE,Sierra Leone,2013,6714051
SLE,Sierra Leone,2012,6551080
SLE,Sierra Leone,2011,6387251
SLE,Sierra Leone,2010,6222714
SLE,Sierra Leone,2009,6055646
SLE,Sierra Leone,2008,5894722
SLE,Sierra Leone,2007,5749352
SLE,Sierra Leone,2006,5624466
SLE,Sierra Leone,2005,5501712
SLE,Sierra Leone,2004,5355717
SLE,Sierra Leone,2003,5177687
SLE,Sierra Leone,2002,4971435
SLE,Sierra Leone,2001,4692716
SLE,Sierra Leone,2000,4423611
SLE,Sierra Leone,1999,4318043
SLE,Sierra Leone,1998,4295785
SLE,Sierra Leone,1997,4253716
SLE,Sierra Leone,1996,4199210
SLE,Sierra Leone,1995,4179179
SLE,Sierra Leone,1994,4173105
SLE,Sierra Leone,1993,4157130
SLE,Sierra Leone,1992,4166366
SLE,Sierra Leone,1991,4246267
SLE,Sierra Leone,1990,4196828
SGP,Singapore,2020,5685807
SGP,Singapore,2019,5703569
SGP,Singapore,2018,5638676
SGP,Singapore,2017,5612253
SGP,Singapore,2016,5607283
SGP,Singapore,2015,5535002
SGP,Singapore,2014,5469724
SGP,Singapore,2013,5399162
SGP,Singapore,2012,5312437
SGP,Singapore,2011,5183688
SGP,Singapore,2010,5076732
SGP,Singapore,2009,4987573
SGP,Singapore,2008,4839396
SGP,Singapore,2007,4588599
SGP,Singapore,2006,4401365
SGP,Singapore,2005,4265762
SGP,Singapore,2004,4166664
SGP,Singapore,2003,4114826
SGP,Singapore,2002,4175950
SGP,Singapore,2001,4138012
SGP,Singapore,2000,4027887
SGP,Singapore,1999,3958723
SGP,Singapore,1998,3927213
SGP,Singapore,1997,3796038
SGP,Singapore,1996,3670704
SGP,Singapore,1995,3524506
SGP,Singapore,1994,3419048
SGP,Singapore,1993,3313471
SGP,Singapore,1992,3230698
SGP,Singapore,1991,3135083
SGP,Singapore,1990,3047132
SXM,Sint Maarten (Dutch part),2020,41008
SXM,Sint Maarten (Dutch part),2019,40385
SXM,Sint Maarten (Dutch part),2018,39712
SXM,Sint Maarten (Dutch part),2017,38996
SXM,Sint Maarten (Dutch part),2016,38249
SXM,Sint Maarten (Dutch part),2015,37471
SXM,Sint Maarten (Dutch part),2014,36672
SXM,Sint Maarten (Dutch part),2013,35854
SXM,Sint Maarten (Dutch part),2012,35023
SXM,Sint Maarten (Dutch part),2011,34267
SXM,Sint Maarten (Dutch part),2010,33794
SXM,Sint Maarten (Dutch part),2009,33491
SXM,Sint Maarten (Dutch part),2008,33145
SXM,Sint Maarten (Dutch part),2007,32791
SXM,Sint Maarten (Dutch part),2006,32428
SXM,Sint Maarten (Dutch part),2005,32057
SXM,Sint Maarten (Dutch part),2004,31690
SXM,Sint Maarten (Dutch part),2003,31327
SXM,Sint Maarten (Dutch part),2002,30960
SXM,Sint Maarten (Dutch part),2001,30726
SXM,Sint Maarten (Dutch part),2000,30773
SXM,Sint Maarten (Dutch part),1999,30977
SXM,Sint Maarten (Dutch part),1998,31193
SXM,Sint Maarten (Dutch part),1997,31404
SXM,Sint Maarten (Dutch part),1996,31598
SXM,Sint Maarten (Dutch part),1995,31772
SXM,Sint Maarten (Dutch part),1994,31917
SXM,Sint Maarten (Dutch part),1993,32026
SXM,Sint Maarten (Dutch part),1992,31567
SXM,Sint Maarten (Dutch part),1991,30046
SXM,Sint Maarten (Dutch part),1990,28061
SVK,Slovak Republic,2020,5458827
SVK,Slovak Republic,2019,5454147
SVK,Slovak Republic,2018,5446771
SVK,Slovak Republic,2017,5439232
SVK,Slovak Republic,2016,5430798
SVK,Slovak Republic,2015,5423801
SVK,Slovak Republic,2014,5418649
SVK,Slovak Republic,2013,5413393
SVK,Slovak Republic,2012,5407579
SVK,Slovak Republic,2011,5398384
SVK,Slovak Republic,2010,5391428
SVK,Slovak Republic,2009,5386406
SVK,Slovak Republic,2008,5379233
SVK,Slovak Republic,2007,5374622
SVK,Slovak Republic,2006,5373054
SVK,Slovak Republic,2005,5372807
SVK,Slovak Republic,2004,5372280
SVK,Slovak Republic,2003,5373374
SVK,Slovak Republic,2002,5376912
SVK,Slovak Republic,2001,5378867
SVK,Slovak Republic,2000,5388720
SVK,Slovak Republic,1999,5396020
SVK,Slovak Republic,1998,5390516
SVK,Slovak Republic,1997,5383291
SVK,Slovak Republic,1996,5373361
SVK,Slovak Republic,1995,5361999
SVK,Slovak Republic,1994,5346331
SVK,Slovak Republic,1993,5325305
SVK,Slovak Republic,1992,5305016
SVK,Slovak Republic,1991,5303294
SVK,Slovak Republic,1990,5299187
SVN,Slovenia,2020,2102419
SVN,Slovenia,2019,2088385
SVN,Slovenia,2018,2073894
SVN,Slovenia,2017,2066388
SVN,Slovenia,2016,2065042
SVN,Slovenia,2015,2063531
SVN,Slovenia,2014,2061980
SVN,Slovenia,2013,2059953
SVN,Slovenia,2012,2057159
SVN,Slovenia,2011,2052843
SVN,Slovenia,2010,2048583
SVN,Slovenia,2009,2039669
SVN,Slovenia,2008,2021316
SVN,Slovenia,2007,2018122
SVN,Slovenia,2006,2006868
SVN,Slovenia,2005,2000474
SVN,Slovenia,2004,1997012
SVN,Slovenia,2003,1995733
SVN,Slovenia,2002,1994530
SVN,Slovenia,2001,1992060
SVN,Slovenia,2000,1988925
SVN,Slovenia,1999,1983045
SVN,Slovenia,1998,1981629
SVN,Slovenia,1997,1985956
SVN,Slovenia,1996,1988628
SVN,Slovenia,1995,1989872
SVN,Slovenia,1994,1989443
SVN,Slovenia,1993,1991746
SVN,Slovenia,1992,1996498
SVN,Slovenia,1991,1999429
SVN,Slovenia,1990,1998161
SLB,Solomon Islands,2020,744498
SLB,Solomon Islands,2019,728147
SLB,Solomon Islands,2018,709101
SLB,Solomon Islands,2017,685672
SLB,Solomon Islands,2016,662379
SLB,Solomon Islands,2015,639415
SLB,Solomon Islands,2014,616908
SLB,Solomon Islands,2013,594945
SLB,Solomon Islands,2012,573606
SLB,Solomon Islands,2011,552945
SLB,Solomon Islands,2010,532968
SLB,Solomon Islands,2009,518141
SLB,Solomon Islands,2008,508790
SLB,Solomon Islands,2007,500156
SLB,Solomon Islands,2006,491594
SLB,Solomon Islands,2005,483080
SLB,Solomon Islands,2004,474611
SLB,Solomon Islands,2003,466154
SLB,Solomon Islands,2002,457671
SLB,Solomon Islands,2001,449125
SLB,Solomon Islands,2000,440469
SLB,Solomon Islands,1999,430500
SLB,Solomon Islands,1998,419071
SLB,Solomon Islands,1997,407474
SLB,Solomon Islands,1996,396009
SLB,Solomon Islands,1995,384733
SLB,Solomon Islands,1994,373675
SLB,Solomon Islands,1993,362839
SLB,Solomon Islands,1992,352205
SLB,Solomon Islands,1991,341738
SLB,Solomon Islands,1990,331435
SOM,"Somalia, Fed. Rep.",2020,16651191
SOM,"Somalia, Fed. Rep.",2019,16030971
SOM,"Somalia, Fed. Rep.",2018,15452487
SOM,"Somalia, Fed. Rep.",2017,14916629
SOM,"Somalia, Fed. Rep.",2016,14348740
SOM,"Somalia, Fed. Rep.",2015,13806963
SOM,"Somalia, Fed. Rep.",2014,13339491
SOM,"Somalia, Fed. Rep.",2013,12869594
SOM,"Somalia, Fed. Rep.",2012,12461160
SOM,"Somalia, Fed. Rep.",2011,12348830
SOM,"Somalia, Fed. Rep.",2010,12261756
SOM,"Somalia, Fed. Rep.",2009,11961201
SOM,"Somalia, Fed. Rep.",2008,11663084
SOM,"Somalia, Fed. Rep.",2007,11322582
SOM,"Somalia, Fed. Rep.",2006,10975502
SOM,"Somalia, Fed. Rep.",2005,10644228
SOM,"Somalia, Fed. Rep.",2004,10280998
SOM,"Somalia, Fed. Rep.",2003,9909157
SOM,"Somalia, Fed. Rep.",2002,9550063
SOM,"Somalia, Fed. Rep.",2001,9198493
SOM,"Somalia, Fed. Rep.",2000,8838713
SOM,"Somalia, Fed. Rep.",1999,8492059
SOM,"Somalia, Fed. Rep.",1998,8155417
SOM,"Somalia, Fed. Rep.",1997,7824525
SOM,"Somalia, Fed. Rep.",1996,7554474
SOM,"Somalia, Fed. Rep.",1995,7285007
SOM,"Somalia, Fed. Rep.",1994,7026797
SOM,"Somalia, Fed. Rep.",1993,6681399
SOM,"Somalia, Fed. Rep.",1992,6495107
SOM,"Somalia, Fed. Rep.",1991,6813760
SOM,"Somalia, Fed. Rep.",1990,7082811
ZAF,South Africa,2020,60562381
ZAF,South Africa,2019,59587885
ZAF,South Africa,2018,58613001
ZAF,South Africa,2017,57635162
ZAF,South Africa,2016,57259551
ZAF,South Africa,2015,56723537
ZAF,South Africa,2014,55594838
ZAF,South Africa,2013,54678791
ZAF,South Africa,2012,53782567
ZAF,South Africa,2011,52995205
ZAF,South Africa,2010,52344051
ZAF,South Africa,2009,51728516
ZAF,South Africa,2008,51114599
ZAF,South Africa,2007,50528584
ZAF,South Africa,2006,49998277
ZAF,South Africa,2005,49490033
ZAF,South Africa,2004,48991421
ZAF,South Africa,2003,48500348
ZAF,South Africa,2002,48019415
ZAF,South Africa,2001,47566800
ZAF,South Africa,2000,47159719
ZAF,South Africa,1999,46730335
ZAF,South Africa,1998,46223880
ZAF,South Africa,1997,45666838
ZAF,South Africa,1996,45123018
ZAF,South Africa,1995,44541554
ZAF,South Africa,1994,44004139
ZAF,South Africa,1993,43297156
ZAF,South Africa,1992,42443509
ZAF,South Africa,1991,41687898
ZAF,South Africa,1990,40746268
SSD,South Sudan,2020,10698467
SSD,South Sudan,2019,10423384
SSD,South Sudan,2018,10122977
SSD,South Sudan,2017,10259154
SSD,South Sudan,2016,10830102
SSD,South Sudan,2015,11107561
SSD,South Sudan,2014,11235073
SSD,South Sudan,2013,11166275
SSD,South Sudan,2012,10756240
SSD,South Sudan,2011,10288109
SSD,South Sudan,2010,9745953
SSD,South Sudan,2009,9243556
SSD,South Sudan,2008,8817647
SSD,South Sudan,2007,8388788
SSD,South Sudan,2006,7976526
SSD,South Sudan,2005,7590143
SSD,South Sudan,2004,7233041
SSD,South Sudan,2003,6903127
SSD,South Sudan,2002,6596806
SSD,South Sudan,2001,6308391
SSD,South Sudan,2000,6032267
SSD,South Sudan,1999,5771628
SSD,South Sudan,1998,5620068
SSD,South Sudan,1997,5509136
SSD,South Sudan,1996,5356925
SSD,South Sudan,1995,5225836
SSD,South Sudan,1994,5071184
SSD,South Sudan,1993,4956002
SSD,South Sudan,1992,4909749
SSD,South Sudan,1991,4836677
SSD,South Sudan,1990,4737633
ESP,Spain,2020,47359424
ESP,Spain,2019,47118501
ESP,Spain,2018,46782011
ESP,Spain,2017,46571232
ESP,Spain,2016,46458139
ESP,Spain,2015,46422303
ESP,Spain,2014,46460733
ESP,Spain,2013,46604197
ESP,Spain,2012,46773055
ESP,Spain,2011,46742697
ESP,Spain,2010,46576897
ESP,Spain,2009,46362946
ESP,Spain,2008,45954106
ESP,Spain,2007,45226803
ESP,Spain,2006,44397319
ESP,Spain,2005,43653155
ESP,Spain,2004,42921895
ESP,Spain,2003,42187645
ESP,Spain,2002,41431558
ESP,Spain,2001,40850412
ESP,Spain,2000,40567864
ESP,Spain,1999,40386875
ESP,Spain,1998,40223509
ESP,Spain,1997,40057389
ESP,Spain,1996,39889852
ESP,Spain,1995,39724050
ESP,Spain,1994,39549108
ESP,Spain,1993,39361262
ESP,Spain,1992,39157685
ESP,Spain,1991,38966376
ESP,Spain,1990,38867322
LKA,Sri Lanka,2020,21919000
LKA,Sri Lanka,2019,21803000
LKA,Sri Lanka,2018,21670000
LKA,Sri Lanka,2017,21453000
LKA,Sri Lanka,2016,21209000
LKA,Sri Lanka,2015,20970000
LKA,Sri Lanka,2014,20778000
LKA,Sri Lanka,2013,20585000
LKA,Sri Lanka,2012,21169458
LKA,Sri Lanka,2011,21009048
LKA,Sri Lanka,2010,20879089
LKA,Sri Lanka,2009,20756435
LKA,Sri Lanka,2008,20629378
LKA,Sri Lanka,2007,20492545
LKA,Sri Lanka,2006,20352411
LKA,Sri Lanka,2005,20216524
LKA,Sri Lanka,2004,20087605
LKA,Sri Lanka,2003,19951521
LKA,Sri Lanka,2002,19805752
LKA,Sri Lanka,2001,19600362
LKA,Sri Lanka,2000,19293054
LKA,Sri Lanka,1999,18944731
LKA,Sri Lanka,1998,18596003
LKA,Sri Lanka,1997,18248200
LKA,Sri Lanka,1996,17905018
LKA,Sri Lanka,1995,17564068
LKA,Sri Lanka,1994,17275773
LKA,Sri Lanka,1993,17025918
LKA,Sri Lanka,1992,16739284
LKA,Sri Lanka,1991,16475354
LKA,Sri Lanka,1990,16352458
KNA,St. Kitts and Nevis,2020,46870
KNA,St. Kitts and Nevis,2019,46952
KNA,St. Kitts and Nevis,2018,47008
KNA,St. Kitts and Nevis,2017,47050
KNA,St. Kitts and Nevis,2016,47075
KNA,St. Kitts and Nevis,2015,47087
KNA,St. Kitts and Nevis,2014,47089
KNA,St. Kitts and Nevis,2013,47069
KNA,St. Kitts and Nevis,2012,47033
KNA,St. Kitts and Nevis,2011,46886
KNA,St. Kitts and Nevis,2010,46846
KNA,St. Kitts and Nevis,2009,46916
KNA,St. Kitts and Nevis,2008,46835
KNA,St. Kitts and Nevis,2007,46706
KNA,St. Kitts and Nevis,2006,46569
KNA,St. Kitts and Nevis,2005,46437
KNA,St. Kitts and Nevis,2004,46315
KNA,St. Kitts and Nevis,2003,46176
KNA,St. Kitts and Nevis,2002,46020
KNA,St. Kitts and Nevis,2001,45761
KNA,St. Kitts and Nevis,2000,45248
KNA,St. Kitts and Nevis,1999,44601
KNA,St. Kitts and Nevis,1998,43998
KNA,St. Kitts and Nevis,1997,43428
KNA,St. Kitts and Nevis,1996,42877
KNA,St. Kitts and Nevis,1995,42326
KNA,St. Kitts and Nevis,1994,41776
KNA,St. Kitts and Nevis,1993,41242
KNA,St. Kitts and Nevis,1992,40715
KNA,St. Kitts and Nevis,1991,40358
KNA,St. Kitts and Nevis,1990,40432
LCA,St. Lucia,2020,178250
LCA,St. Lucia,2019,177661
LCA,St. Lucia,2018,177017
LCA,St. Lucia,2017,176342
LCA,St. Lucia,2016,175646
LCA,St. Lucia,2015,174905
LCA,St. Lucia,2014,174138
LCA,St. Lucia,2013,173369
LCA,St. Lucia,2012,172587
LCA,St. Lucia,2011,171801
LCA,St. Lucia,2010,170906
LCA,St. Lucia,2009,169869
LCA,St. Lucia,2008,168808
LCA,St. Lucia,2007,167758
LCA,St. Lucia,2006,166639
LCA,St. Lucia,2005,165450
LCA,St. Lucia,2004,164239
LCA,St. Lucia,2003,162976
LCA,St. Lucia,2002,161641
LCA,St. Lucia,2001,160237
LCA,St. Lucia,2000,158616
LCA,St. Lucia,1999,156702
LCA,St. Lucia,1998,154677
LCA,St. Lucia,1997,152569
LCA,St. Lucia,1996,150436
LCA,St. Lucia,1995,148208
LCA,St. Lucia,1994,145890
LCA,St. Lucia,1993,143726
LCA,St. Lucia,1992,141617
LCA,St. Lucia,1991,139520
LCA,St. Lucia,1990,137857
MAF,St. Martin (French part),2020,31786
MAF,St. Martin (French part),2019,34267
MAF,St. Martin (French part),2018,36012
MAF,St. Martin (French part),2017,36837
MAF,St. Martin (French part),2016,37175
MAF,St. Martin (French part),2015,37369
MAF,St. Martin (French part),2014,37450
MAF,St. Martin (French part),2013,37419
MAF,St. Martin (French part),2012,37276
MAF,St. Martin (French part),2011,37069
MAF,St. Martin (French part),2010,36856
MAF,St. Martin (French part),2009,36502
MAF,St. Martin (French part),2008,35958
MAF,St. Martin (French part),2007,35337
MAF,St. Martin (French part),2006,34658
MAF,St. Martin (French part),2005,33928
MAF,St. Martin (French part),2004,33171
MAF,St. Martin (French part),2003,32395
MAF,St. Martin (French part),2002,31604
MAF,St. Martin (French part),2001,30803
MAF,St. Martin (French part),2000,29996
MAF,St. Martin (French part),1999,29284
MAF,St. Martin (French part),1998,29107
MAF,St. Martin (French part),1997,29323
MAF,St. Martin (French part),1996,29443
MAF,St. Martin (French part),1995,29470
MAF,St. Martin (French part),1994,29413
MAF,St. Martin (French part),1993,29282
MAF,St. Martin (French part),1992,29081
MAF,St. Martin (French part),1991,28800
MAF,St. Martin (French part),1990,28224
VCT,St. Vincent and the Grenadines,2020,103526
VCT,St. Vincent and the Grenadines,2019,104167
VCT,St. Vincent and the Grenadines,2018,104926
VCT,St. Vincent and the Grenadines,2017,105663
VCT,St. Vincent and the Grenadines,2016,106349
VCT,St. Vincent and the Grenadines,2015,106960
VCT,St. Vincent and the Grenadines,2014,107535
VCT,St. Vincent and the Grenadines,2013,108135
VCT,St. Vincent and the Grenadines,2012,108736
VCT,St. Vincent and the Grenadines,2011,109349
VCT,St. Vincent and the Grenadines,2010,109959
VCT,St. Vincent and the Grenadines,2009,110508
VCT,St. Vincent and the Grenadines,2008,111028
VCT,St. Vincent and the Grenadines,2007,111531
VCT,St. Vincent and the Grenadines,2006,112014
VCT,St. Vincent and the Grenadines,2005,112450
VCT,St. Vincent and the Grenadines,2004,112835
VCT,St. Vincent and the Grenadines,2003,113141
VCT,St. Vincent and the Grenadines,2002,113347
VCT,St. Vincent and the Grenadines,2001,113501
VCT,St. Vincent and the Grenadines,2000,113545
VCT,St. Vincent and the Grenadines,1999,113366
VCT,St. Vincent and the Grenadines,1998,113180
VCT,St. Vincent and the Grenadines,1997,113141
VCT,St. Vincent and the Grenadines,1996,113119
VCT,St. Vincent and the Grenadines,1995,113047
VCT,St. Vincent and the Grenadines,1994,112918
VCT,St. Vincent and the Grenadines,1993,112735
VCT,St. Vincent and the Grenadines,1992,112509
VCT,St. Vincent and the Grenadines,1991,112222
VCT,St. Vincent and the Grenadines,1990,111812
SDN,Sudan,2020,46789231
SDN,Sudan,2019,45548175
SDN,Sudan,2018,44230596
SDN,Sudan,2017,42714306
SDN,Sudan,2016,41259892
SDN,Sudan,2015,40024431
SDN,Sudan,2014,38823318
SDN,Sudan,2013,37785849
SDN,Sudan,2012,36923178
SDN,Sudan,2011,36140806
SDN,Sudan,2010,35414399
SDN,Sudan,2009,34569113
SDN,Sudan,2008,33623980
SDN,Sudan,2007,32764135
SDN,Sudan,2006,31992435
SDN,Sudan,2005,31262444
SDN,Sudan,2004,30556637
SDN,Sudan,2003,29896035
SDN,Sudan,2002,29228727
SDN,Sudan,2001,28516770
SDN,Sudan,2000,27816745
SDN,Sudan,1999,27130613
SDN,Sudan,1998,26458999
SDN,Sudan,1997,25799821
SDN,Sudan,1996,25231528
SDN,Sudan,1995,24672143
SDN,Sudan,1994,24043948
SDN,Sudan,1993,23445592
SDN,Sudan,1992,22927355
SDN,Sudan,1991,22470676
SDN,Sudan,1990,22021481
SUR,Suriname,2020,612317
SUR,Suriname,2019,605768
SUR,Suriname,2018,599513
SUR,Suriname,2017,593713
SUR,Suriname,2016,587757
SUR,Suriname,2015,581627
SUR,Suriname,2014,575373
SUR,Suriname,2013,569020
SUR,Suriname,2012,562633
SUR,Suriname,2011,556269
SUR,Suriname,2010,549923
SUR,Suriname,2009,543568
SUR,Suriname,2008,537245
SUR,Suriname,2007,531016
SUR,Suriname,2006,524997
SUR,Suriname,2005,519313
SUR,Suriname,2004,513923
SUR,Suriname,2003,506414
SUR,Suriname,2002,496551
SUR,Suriname,2001,486560
SUR,Suriname,2000,476643
SUR,Suriname,1999,466916
SUR,Suriname,1998,457406
SUR,Suriname,1997,448067
SUR,Suriname,1996,438830
SUR,Suriname,1995,429606
SUR,Suriname,1994,422375
SUR,Suriname,1993,419352
SUR,Suriname,1992,417589
SUR,Suriname,1991,415013
SUR,Suriname,1990,412493
SWE,Sweden,2020,10353442
SWE,Sweden,2019,10278887
SWE,Sweden,2018,10175214
SWE,Sweden,2017,10057698
SWE,Sweden,2016,9923085
SWE,Sweden,2015,9799186
SWE,Sweden,2014,9696110
SWE,Sweden,2013,9600379
SWE,Sweden,2012,9519374
SWE,Sweden,2011,9449213
SWE,Sweden,2010,9378126
SWE,Sweden,2009,9298515
SWE,Sweden,2008,9219637
SWE,Sweden,2007,9148092
SWE,Sweden,2006,9080505
SWE,Sweden,2005,9029572
SWE,Sweden,2004,8993531
SWE,Sweden,2003,8958229
SWE,Sweden,2002,8924958
SWE,Sweden,2001,8895960
SWE,Sweden,2000,8872109
SWE,Sweden,1999,8857874
SWE,Sweden,1998,8850974
SWE,Sweden,1997,8846062
SWE,Sweden,1996,8840998
SWE,Sweden,1995,8826939
SWE,Sweden,1994,8780745
SWE,Sweden,1993,8718561
SWE,Sweden,1992,8668067
SWE,Sweden,1991,8617375
SWE,Sweden,1990,8558835
CHE,Switzerland,2020,8638167
CHE,Switzerland,2019,8575280
CHE,Switzerland,2018,8514329
CHE,Switzerland,2017,8451840
CHE,Switzerland,2016,8373338
CHE,Switzerland,2015,8282396
CHE,Switzerland,2014,8188649
CHE,Switzerland,2013,8089346
CHE,Switzerland,2012,7996861
CHE,Switzerland,2011,7912398
CHE,Switzerland,2010,7824909
CHE,Switzerland,2009,7743831
CHE,Switzerland,2008,7647675
CHE,Switzerland,2007,7551117
CHE,Switzerland,2006,7483934
CHE,Switzerland,2005,7437115
CHE,Switzerland,2004,7389625
CHE,Switzerland,2003,7339001
CHE,Switzerland,2002,7284753
CHE,Switzerland,2001,7229854
CHE,Switzerland,2000,7184250
CHE,Switzerland,1999,7143991
CHE,Switzerland,1998,7110001
CHE,Switzerland,1997,7088906
CHE,Switzerland,1996,7071850
CHE,Switzerland,1995,7040687
CHE,Switzerland,1994,6993795
CHE,Switzerland,1993,6938265
CHE,Switzerland,1992,6875364
CHE,Switzerland,1991,6799978
CHE,Switzerland,1990,6715519
SYR,Syrian Arab Republic,2020,21049429
SYR,Syrian Arab Republic,2019,20353534
SYR,Syrian Arab Republic,2018,19577845
SYR,Syrian Arab Republic,2017,19224668
SYR,Syrian Arab Republic,2016,19193834
SYR,Syrian Arab Republic,2015,19424618
SYR,Syrian Arab Republic,2014,20273659
SYR,Syrian Arab Republic,2013,21666917
SYR,Syrian Arab Republic,2012,22759763
SYR,Syrian Arab Republic,2011,22878098
SYR,Syrian Arab Republic,2010,22482421
SYR,Syrian Arab Republic,2009,21976969
SYR,Syrian Arab Republic,2008,21636564
SYR,Syrian Arab Republic,2007,20884125
SYR,Syrian Arab Republic,2006,19637022
SYR,Syrian Arab Republic,2005,18814091
SYR,Syrian Arab Republic,2004,18336875
SYR,Syrian Arab Republic,2003,17889296
SYR,Syrian Arab Republic,2002,17468332
SYR,Syrian Arab Republic,2001,17051338
SYR,Syrian Arab Republic,2000,16637888
SYR,Syrian Arab Republic,1999,16228061
SYR,Syrian Arab Republic,1998,15820413
SYR,Syrian Arab Republic,1997,15417542
SYR,Syrian Arab Republic,1996,15018104
SYR,Syrian Arab Republic,1995,14616801
SYR,Syrian Arab Republic,1994,14208583
SYR,Syrian Arab Republic,1993,13795686
SYR,Syrian Arab Republic,1992,13385571
SYR,Syrian Arab Republic,1991,12980821
SYR,Syrian Arab Republic,1990,12579208
TJK,Tajikistan,2020,9749310
TJK,Tajikistan,2019,9529966
TJK,Tajikistan,2018,9307333
TJK,Tajikistan,2017,9085946
TJK,Tajikistan,2016,8865631
TJK,Tajikistan,2015,8643840
TJK,Tajikistan,2014,8425552
TJK,Tajikistan,2013,8216724
TJK,Tajikistan,2012,8014084
TJK,Tajikistan,2011,7824785
TJK,Tajikistan,2010,7652141
TJK,Tajikistan,2009,7490230
TJK,Tajikistan,2008,7338403
TJK,Tajikistan,2007,7194477
TJK,Tajikistan,2006,7057566
TJK,Tajikistan,2005,6924720
TJK,Tajikistan,2004,6790547
TJK,Tajikistan,2003,6658575
TJK,Tajikistan,2002,6531669
TJK,Tajikistan,2001,6407377
TJK,Tajikistan,2000,6284735
TJK,Tajikistan,1999,6208370
TJK,Tajikistan,1998,6176397
TJK,Tajikistan,1997,6139829
TJK,Tajikistan,1996,6066523
TJK,Tajikistan,1995,5948584
TJK,Tajikistan,1994,5825368
TJK,Tajikistan,1993,5724993
TJK,Tajikistan,1992,5649400
TJK,Tajikistan,1991,5541205
TJK,Tajikistan,1990,5398768
TZA,Tanzania,2020,60972798
TZA,Tanzania,2019,59174891
TZA,Tanzania,2018,57437145
TZA,Tanzania,2017,55652890
TZA,Tanzania,2016,53824013
TZA,Tanzania,2015,52020962
TZA,Tanzania,2014,50351512
TZA,Tanzania,2013,48824128
TZA,Tanzania,2012,47374260
TZA,Tanzania,2011,46029367
TZA,Tanzania,2010,44758488
TZA,Tanzania,2009,43633982
TZA,Tanzania,2008,42570728
TZA,Tanzania,2007,41435512
TZA,Tanzania,2006,40294902
TZA,Tanzania,2005,39182076
TZA,Tanzania,2004,38109668
TZA,Tanzania,2003,37089555
TZA,Tanzania,2002,36121304
TZA,Tanzania,2001,35198299
TZA,Tanzania,2000,34260139
TZA,Tanzania,1999,33300330
TZA,Tanzania,1998,32420458
TZA,Tanzania,1997,31578089
TZA,Tanzania,1996,30945762
TZA,Tanzania,1995,30383497
TZA,Tanzania,1994,29442356
TZA,Tanzania,1993,28332692
TZA,Tanzania,1992,27457588
TZA,Tanzania,1991,26780436
TZA,Tanzania,1990,26110207
THA,Thailand,2020,71641484
THA,Thailand,2019,71522271
THA,Thailand,2018,71376079
THA,Thailand,2017,71160187
THA,Thailand,2016,70859841
THA,Thailand,2015,70540795
THA,Thailand,2014,70216367
THA,Thailand,2013,69845114
THA,Thailand,2012,69436098
THA,Thailand,2011,69007208
THA,Thailand,2010,68579447
THA,Thailand,2009,68121080
THA,Thailand,2008,67619830
THA,Thailand,2007,67102394
THA,Thailand,2006,66567687
THA,Thailand,2005,66017420
THA,Thailand,2004,65452047
THA,Thailand,2003,64868166
THA,Thailand,2002,64266437
THA,Thailand,2001,63651141
THA,Thailand,2000,63007815
THA,Thailand,1999,62299043
THA,Thailand,1998,61522630
THA,Thailand,1997,60724584
THA,Thailand,1996,59920064
THA,Thailand,1995,59098232
THA,Thailand,1994,58260854
THA,Thailand,1993,57408198
THA,Thailand,1992,56528834
THA,Thailand,1991,55637434
THA,Thailand,1990,54738329
TLS,Timor-Leste,2020,1326053
TLS,Timor-Leste,2019,1300945
TLS,Timor-Leste,2018,1275959
TLS,Timor-Leste,2017,1251703
TLS,Timor-Leste,2016,1228312
TLS,Timor-Leste,2015,1205131
TLS,Timor-Leste,2014,1181903
TLS,Timor-Leste,2013,1158695
TLS,Timor-Leste,2012,1134885
TLS,Timor-Leste,2011,1110207
TLS,Timor-Leste,2010,1084679
TLS,Timor-Leste,2009,1058782
TLS,Timor-Leste,2008,1032429
TLS,Timor-Leste,2007,1004889
TLS,Timor-Leste,2006,976597
TLS,Timor-Leste,2005,948311
TLS,Timor-Leste,2004,929074
TLS,Timor-Leste,2003,916878
TLS,Timor-Leste,2002,879159
TLS,Timor-Leste,2001,812249
TLS,Timor-Leste,2000,745088
TLS,Timor-Leste,1999,834697
TLS,Timor-Leste,1998,942530
TLS,Timor-Leste,1997,917184
TLS,Timor-Leste,1996,892282
TLS,Timor-Leste,1995,868146
TLS,Timor-Leste,1994,844493
TLS,Timor-Leste,1993,821437
TLS,Timor-Leste,1992,799318
TLS,Timor-Leste,1991,778278
TLS,Timor-Leste,1990,760345
TGO,Togo,2020,7788054
TGO,Togo,2019,7619925
TGO,Togo,2018,7458206
TGO,Togo,2017,7324386
TGO,Togo,2016,7200884
TGO,Togo,2015,7071502
TGO,Togo,2014,6937644
TGO,Togo,2013,6798848
TGO,Togo,2012,6653718
TGO,Togo,2011,6500582
TGO,Togo,2010,6325788
TGO,Togo,2009,6130946
TGO,Togo,2008,5936138
TGO,Togo,2007,5748443
TGO,Togo,2006,5569664
TGO,Togo,2005,5413154
TGO,Togo,2004,5281320
TGO,Togo,2003,5154112
TGO,Togo,2002,5027130
TGO,Togo,2001,4904144
TGO,Togo,2000,4783722
TGO,Togo,1999,4665754
TGO,Togo,1998,4551635
TGO,Togo,1997,4438794
TGO,Togo,1996,4291136
TGO,Togo,1995,4110450
TGO,Togo,1994,3904183
TGO,Togo,1993,3887974
TGO,Togo,1992,3932581
TGO,Togo,1991,3822636
TGO,Togo,1990,3714021
TON,Tonga,2020,105704
TON,Tonga,2019,105669
TON,Tonga,2018,105567
TON,Tonga,2017,105356
TON,Tonga,2016,105524
TON,Tonga,2015,106095
TON,Tonga,2014,106609
TON,Tonga,2013,107078
TON,Tonga,2012,107460
TON,Tonga,2011,107570
TON,Tonga,2010,107400
TON,Tonga,2009,107203
TON,Tonga,2008,107020
TON,Tonga,2007,106726
TON,Tonga,2006,106253
TON,Tonga,2005,105671
TON,Tonga,2004,105071
TON,Tonga,2003,104464
TON,Tonga,2002,103874
TON,Tonga,2001,103288
TON,Tonga,2000,102677
TON,Tonga,1999,102046
TON,Tonga,1998,101388
TON,Tonga,1997,100674
TON,Tonga,1996,100275
TON,Tonga,1995,100225
TON,Tonga,1994,100166
TON,Tonga,1993,100103
TON,Tonga,1992,100022
TON,Tonga,1991,99895
TON,Tonga,1990,99700
TTO,Trinidad and Tobago,2020,1366725
TTO,Trinidad and Tobago,2019,1363985
TTO,Trinidad and Tobago,2018,1359193
TTO,Trinidad and Tobago,2017,1356633
TTO,Trinidad and Tobago,2016,1353895
TTO,Trinidad and Tobago,2015,1349667
TTO,Trinidad and Tobago,2014,1345343
TTO,Trinidad and Tobago,2013,1340557
TTO,Trinidad and Tobago,2012,1335194
TTO,Trinidad and Tobago,2011,1328019
TTO,Trinidad and Tobago,2010,1317714
TTO,Trinidad and Tobago,2009,1310106
TTO,Trinidad and Tobago,2008,1308587
TTO,Trinidad and Tobago,2007,1303188
TTO,Trinidad and Tobago,2006,1297944
TTO,Trinidad and Tobago,2005,1294494
TTO,Trinidad and Tobago,2004,1345380
TTO,Trinidad and Tobago,2003,1338709
TTO,Trinidad and Tobago,2002,1332011
TTO,Trinidad and Tobago,2001,1325567
TTO,Trinidad and Tobago,2000,1319774
TTO,Trinidad and Tobago,1999,1314708
TTO,Trinidad and Tobago,1998,1310225
TTO,Trinidad and Tobago,1997,1305836
TTO,Trinidad and Tobago,1996,1300928
TTO,Trinidad and Tobago,1995,1295169
TTO,Trinidad and Tobago,1994,1288341
TTO,Trinidad and Tobago,1993,1280466
TTO,Trinidad and Tobago,1992,1271674
TTO,Trinidad and Tobago,1991,1262171
TTO,Trinidad and Tobago,1990,1252208
TUN,Tunisia,2020,11974057
TUN,Tunisia,2019,11875081
TUN,Tunisia,2018,11765514
TUN,Tunisia,2017,11650498
TUN,Tunisia,2016,11528674
TUN,Tunisia,2015,11402264
TUN,Tunisia,2014,11274288
TUN,Tunisia,2013,11141361
TUN,Tunisia,2012,11009647
TUN,Tunisia,2011,10886035
TUN,Tunisia,2010,10765980
TUN,Tunisia,2009,10650681
TUN,Tunisia,2008,10542635
TUN,Tunisia,2007,10441702
TUN,Tunisia,2006,10346410
TUN,Tunisia,2005,10255472
TUN,Tunisia,2004,10166163
TUN,Tunisia,2003,10071632
TUN,Tunisia,2002,9971515
TUN,Tunisia,2001,9869677
TUN,Tunisia,2000,9764935
TUN,Tunisia,1999,9655963
TUN,Tunisia,1998,9541667
TUN,Tunisia,1997,9421270
TUN,Tunisia,1996,9294432
TUN,Tunisia,1995,9161258
TUN,Tunisia,1994,9018448
TUN,Tunisia,1993,8857910
TUN,Tunisia,1992,8682512
TUN,Tunisia,1991,8501827
TUN,Tunisia,1990,8324509
TUR,Turkiye,2020,83384680
TUR,Turkiye,2019,82579440
TUR,Turkiye,2018,81407204
TUR,Turkiye,2017,80312698
TUR,Turkiye,2016,79277962
TUR,Turkiye,2015,78218479
TUR,Turkiye,2014,77181884
TUR,Turkiye,2013,76147624
TUR,Turkiye,2012,75175827
TUR,Turkiye,2011,74223629
TUR,Turkiye,2010,73142150
TUR,Turkiye,2009,72039206
TUR,Turkiye,2008,71051678
TUR,Turkiye,2007,70158112
TUR,Turkiye,2006,70045349
TUR,Turkiye,2005,69329557
TUR,Turkiye,2004,68592617
TUR,Turkiye,2003,67831730
TUR,Turkiye,2002,67048795
TUR,Turkiye,2001,66245128
TUR,Turkiye,2000,65425961
TUR,Turkiye,1999,64591923
TUR,Turkiye,1998,63734383
TUR,Turkiye,1997,62852966
TUR,Turkiye,1996,61951134
TUR,Turkiye,1995,61024503
TUR,Turkiye,1994,60033836
TUR,Turkiye,1993,58999167
TUR,Turkiye,1992,57990118
TUR,Turkiye,1991,57009887
TUR,Turkiye,1990,56015628
TKM,Turkmenistan,2020,6949912
TKM,Turkmenistan,2019,6803944
TKM,Turkmenistan,2018,6655524
TKM,Turkmenistan,2017,6507061
TKM,Turkmenistan,2016,6360041
TKM,Turkmenistan,2015,6215770
TKM,Turkmenistan,2014,6075283
TKM,Turkmenistan,2013,5939341
TKM,Turkmenistan,2012,5808546
TKM,Turkmenistan,2011,5683417
TKM,Turkmenistan,2010,5564356
TKM,Turkmenistan,2009,5451592
TKM,Turkmenistan,2008,5345029
TKM,Turkmenistan,2007,5244046
TKM,Turkmenistan,2006,5147105
TKM,Turkmenistan,2005,5052257
TKM,Turkmenistan,2004,4958093
TKM,Turkmenistan,2003,4863865
TKM,Turkmenistan,2002,4769465
TKM,Turkmenistan,2001,4675409
TKM,Turkmenistan,2000,4582677
TKM,Turkmenistan,1999,4492170
TKM,Turkmenistan,1998,4410507
TKM,Turkmenistan,1997,4336730
TKM,Turkmenistan,1996,4263819
TKM,Turkmenistan,1995,4191203
TKM,Turkmenistan,1994,4116662
TKM,Turkmenistan,1993,4032407
TKM,Turkmenistan,1992,3944689
TKM,Turkmenistan,1991,3855894
TKM,Turkmenistan,1990,3760562
TCA,Turks and Caicos Islands,2020,44386
TCA,Turks and Caicos Islands,2019,43166
TCA,Turks and Caicos Islands,2018,41559
TCA,Turks and Caicos Islands,2017,39913
TCA,Turks and Caicos Islands,2016,38315
TCA,Turks and Caicos Islands,2015,36605
TCA,Turks and Caicos Islands,2014,35050
TCA,Turks and Caicos Islands,2013,33653
TCA,Turks and Caicos Islands,2012,32127
TCA,Turks and Caicos Islands,2011,30846
TCA,Turks and Caicos Islands,2010,29739
TCA,Turks and Caicos Islands,2009,28588
TCA,Turks and Caicos Islands,2008,27427
TCA,Turks and Caicos Islands,2007,26270
TCA,Turks and Caicos Islands,2006,25123
TCA,Turks and Caicos Islands,2005,23988
TCA,Turks and Caicos Islands,2004,22856
TCA,Turks and Caicos Islands,2003,21727
TCA,Turks and Caicos Islands,2002,20597
TCA,Turks and Caicos Islands,2001,19576
TCA,Turks and Caicos Islands,2000,18730
TCA,Turks and Caicos Islands,1999,17959
TCA,Turks and Caicos Islands,1998,17212
TCA,Turks and Caicos Islands,1997,16482
TCA,Turks and Caicos Islands,1996,15765
TCA,Turks and Caicos Islands,1995,15052
TCA,Turks and Caicos Islands,1994,14344
TCA,Turks and Caicos Islands,1993,13648
TCA,Turks and Caicos Islands,1992,12970
TCA,Turks and Caicos Islands,1991,12305
TCA,Turks and Caicos Islands,1990,11688
TUV,Tuvalu,2020,10399
TUV,Tuvalu,2019,10581
TUV,Tuvalu,2018,10751
TUV,Tuvalu,2017,10869
TUV,Tuvalu,2016,10930
TUV,Tuvalu,2015,10963
TUV,Tuvalu,2014,10984
TUV,Tuvalu,2013,11001
TUV,Tuvalu,2012,10934
TUV,Tuvalu,2011,10780
TUV,Tuvalu,2010,10614
TUV,Tuvalu,2009,10461
TUV,Tuvalu,2008,10321
TUV,Tuvalu,2007,10182
TUV,Tuvalu,2006,10056
TUV,Tuvalu,2005,9940
TUV,Tuvalu,2004,9816
TUV,Tuvalu,2003,9695
TUV,Tuvalu,2002,9623
TUV,Tuvalu,2001,9586
TUV,Tuvalu,2000,9544
TUV,Tuvalu,1999,9496
TUV,Tuvalu,1998,9451
TUV,Tuvalu,1997,9400
TUV,Tuvalu,1996,9342
TUV,Tuvalu,1995,9280
TUV,Tuvalu,1994,9207
TUV,Tuvalu,1993,9126
TUV,Tuvalu,1992,9038
TUV,Tuvalu,1991,8928
TUV,Tuvalu,1990,8798
UGA,Uganda,2020,44457152
UGA,Uganda,2019,42999637
UGA,Uganda,2018,41565831
UGA,Uganda,2017,40177388
UGA,Uganda,2016,38799152
UGA,Uganda,2015,37531446
UGA,Uganda,2014,36395539
UGA,Uganda,2013,35337042
UGA,Uganda,2012,34337438
UGA,Uganda,2011,33354543
UGA,Uganda,2010,32390802
UGA,Uganda,2009,31451151
UGA,Uganda,2008,30539553
UGA,Uganda,2007,29653430
UGA,Uganda,2006,28794003
UGA,Uganda,2005,27963289
UGA,Uganda,2004,27154515
UGA,Uganda,2003,26352124
UGA,Uganda,2002,25532870
UGA,Uganda,2001,24745676
UGA,Uganda,2000,24000150
UGA,Uganda,1999,23257281
UGA,Uganda,1998,22515806
UGA,Uganda,1997,21856046
UGA,Uganda,1996,21231550
UGA,Uganda,1995,20665667
UGA,Uganda,1994,20108801
UGA,Uganda,1993,19445161
UGA,Uganda,1992,18785032
UGA,Uganda,1991,18155901
UGA,Uganda,1990,17569897
UKR,Ukraine,2020,44680014
UKR,Ukraine,2019,44957458
UKR,Ukraine,2018,45208907
UKR,Ukraine,2017,45436041
UKR,Ukraine,2016,45616832
UKR,Ukraine,2015,45784896
UKR,Ukraine,2014,45972380
UKR,Ukraine,2013,46126770
UKR,Ukraine,2012,46210056
UKR,Ukraine,2011,46307853
UKR,Ukraine,2010,46456003
UKR,Ukraine,2009,46623731
UKR,Ukraine,2008,46819175
UKR,Ukraine,2007,47062798
UKR,Ukraine,2006,47278694
UKR,Ukraine,2005,47585556
UKR,Ukraine,2004,47979507
UKR,Ukraine,2003,48315136
UKR,Ukraine,2002,48677281
UKR,Ukraine,2001,49106855
UKR,Ukraine,2000,49556660
UKR,Ukraine,1999,49976446
UKR,Ukraine,1998,50379731
UKR,Ukraine,1997,50786885
UKR,Ukraine,1996,51226109
UKR,Ukraine,1995,51665539
UKR,Ukraine,1994,52075998
UKR,Ukraine,1993,52350126
UKR,Ukraine,1992,52323671
UKR,Ukraine,1991,52170961
UKR,Ukraine,1990,52054092
ARE,United Arab Emirates,2020,9401038
ARE,United Arab Emirates,2019,9445785
ARE,United Arab Emirates,2018,9346701
ARE,United Arab Emirates,2017,9223225
ARE,United Arab Emirates,2016,8935095
ARE,United Arab Emirates,2015,8505237
ARE,United Arab Emirates,2014,8059440
ARE,United Arab Emirates,2013,7693031
ARE,United Arab Emirates,2012,7391448
ARE,United Arab Emirates,2011,7104538
ARE,United Arab Emirates,2010,6869838
ARE,United Arab Emirates,2009,6707058
ARE,United Arab Emirates,2008,6302664
ARE,United Arab Emirates,2007,5624635
ARE,United Arab Emirates,2006,5009100
ARE,United Arab Emirates,2005,4664790
ARE,United Arab Emirates,2004,4428967
ARE,United Arab Emirates,2003,4192457
ARE,United Arab Emirates,2002,3956826
ARE,United Arab Emirates,2001,3723590
ARE,United Arab Emirates,2000,3493575
ARE,United Arab Emirates,1999,3266009
ARE,United Arab Emirates,1998,3040421
ARE,United Arab Emirates,1997,2817410
ARE,United Arab Emirates,1996,2597564
ARE,United Arab Emirates,1995,2434662
ARE,United Arab Emirates,1994,2328188
ARE,United Arab Emirates,1993,2222093
ARE,United Arab Emirates,1992,2114730
ARE,United Arab Emirates,1991,2006626
ARE,United Arab Emirates,1990,1898220
GBR,United Kingdom,2020,66740000
GBR,United Kingdom,2019,66628000
GBR,United Kingdom,2018,66287000
GBR,United Kingdom,2017,65964000
GBR,United Kingdom,2016,65606000
GBR,United Kingdom,2015,65087000
GBR,United Kingdom,2014,64619000
GBR,United Kingdom,2013,64138000
GBR,United Kingdom,2012,63711000
GBR,United Kingdom,2011,63258810
GBR,United Kingdom,2010,62766365
GBR,United Kingdom,2009,62276270
GBR,United Kingdom,2008,61806995
GBR,United Kingdom,2007,61322463
GBR,United Kingdom,2006,60846820
GBR,United Kingdom,2005,60401206
GBR,United Kingdom,2004,59987905
GBR,United Kingdom,2003,59647577
GBR,United Kingdom,2002,59370479
GBR,United Kingdom,2001,59119673
GBR,United Kingdom,2000,58892514
GBR,United Kingdom,1999,58682466
GBR,United Kingdom,1998,58487141
GBR,United Kingdom,1997,58316954
GBR,United Kingdom,1996,58166950
GBR,United Kingdom,1995,58019030
GBR,United Kingdom,1994,57865745
GBR,United Kingdom,1993,57718614
GBR,United Kingdom,1992,57580402
GBR,United Kingdom,1991,57424897
GBR,United Kingdom,1990,57247586
USA,United States,2020,331578104
USA,United States,2019,330226227
USA,United States,2018,328529577
USA,United States,2017,326608609
USA,United States,2016,324353340
USA,United States,2015,321815121
USA,United States,2014,319257560
USA,United States,2013,316726282
USA,United States,2012,314339099
USA,United States,2011,311839461
USA,United States,2010,309378227
USA,United States,2009,306771529
USA,United States,2008,304093966
USA,United States,2007,301231207
USA,United States,2006,298379912
USA,United States,2005,295516599
USA,United States,2004,292805298
USA,United States,2003,290107933
USA,United States,2002,287625193
USA,United States,2001,284968955
USA,United States,2000,282162411
USA,United States,1999,279040000
USA,United States,1998,275854000
USA,United States,1997,272657000
USA,United States,1996,269394000
USA,United States,1995,266278000
USA,United States,1994,263126000
USA,United States,1993,259919000
USA,United States,1992,256514000
USA,United States,1991,252981000
USA,United States,1990,249623000
URY,Uruguay,2020,3398968
URY,Uruguay,2019,3397206
URY,Uruguay,2018,3394534
URY,Uruguay,2017,3388438
URY,Uruguay,2016,3379283
URY,Uruguay,2015,3368017
URY,Uruguay,2014,3356334
URY,Uruguay,2013,3345337
URY,Uruguay,2012,3335401
URY,Uruguay,2011,3326825
URY,Uruguay,2010,3318580
URY,Uruguay,2009,3310091
URY,Uruguay,2008,3302177
URY,Uruguay,2007,3295153
URY,Uruguay,2006,3289506
URY,Uruguay,2005,3285771
URY,Uruguay,2004,3283148
URY,Uruguay,2003,3281186
URY,Uruguay,2002,3278867
URY,Uruguay,2001,3274251
URY,Uruguay,2000,3266206
URY,Uruguay,1999,3254015
URY,Uruguay,1998,3239280
URY,Uruguay,1997,3223345
URY,Uruguay,1996,3206324
URY,Uruguay,1995,3189440
URY,Uruguay,1994,3172834
URY,Uruguay,1993,3156345
URY,Uruguay,1992,3139702
URY,Uruguay,1991,3122354
URY,Uruguay,1990,3104403
UZB,Uzbekistan,2020,33586372
UZB,Uzbekistan,2019,32964701
UZB,Uzbekistan,2018,32373490
UZB,Uzbekistan,2017,31819178
UZB,Uzbekistan,2016,31284568
UZB,Uzbekistan,2015,30749346
UZB,Uzbekistan,2014,30222994
UZB,Uzbekistan,2013,29724065
UZB,Uzbekistan,2012,29261903
UZB,Uzbekistan,2011,28823196
UZB,Uzbekistan,2010,28385506
UZB,Uzbekistan,2009,27939328
UZB,Uzbekistan,2008,27494774
UZB,Uzbekistan,2007,27076008
UZB,Uzbekistan,2006,26699043
UZB,Uzbekistan,2005,26356975
UZB,Uzbekistan,2004,26029350
UZB,Uzbekistan,2003,25711259
UZB,Uzbekistan,2002,25399980
UZB,Uzbekistan,2001,25090283
UZB,Uzbekistan,2000,24787054
UZB,Uzbekistan,1999,24476008
UZB,Uzbekistan,1998,24134929
UZB,Uzbekistan,1997,23758960
UZB,Uzbekistan,1996,23351981
UZB,Uzbekistan,1995,22917589
UZB,Uzbekistan,1994,22463291
UZB,Uzbekistan,1993,21987955
UZB,Uzbekistan,1992,21485090
UZB,Uzbekistan,1991,20962910
UZB,Uzbekistan,1990,20464956
VUT,Vanuatu,2020,298858
VUT,Vanuatu,2019,291985
VUT,Vanuatu,2018,285259
VUT,Vanuatu,2017,278507
VUT,Vanuatu,2016,272087
VUT,Vanuatu,2015,266101
VUT,Vanuatu,2014,260240
VUT,Vanuatu,2013,254482
VUT,Vanuatu,2012,248883
VUT,Vanuatu,2011,243474
VUT,Vanuatu,2010,238248
VUT,Vanuatu,2009,232731
VUT,Vanuatu,2008,226896
VUT,Vanuatu,2007,221276
VUT,Vanuatu,2006,215923
VUT,Vanuatu,2005,210760
VUT,Vanuatu,2004,205711
VUT,Vanuatu,2003,200746
VUT,Vanuatu,2002,195863
VUT,Vanuatu,2001,191031
VUT,Vanuatu,2000,186281
VUT,Vanuatu,1999,182048
VUT,Vanuatu,1998,178313
VUT,Vanuatu,1997,174626
VUT,Vanuatu,1996,170911
VUT,Vanuatu,1995,167137
VUT,Vanuatu,1994,163314
VUT,Vanuatu,1993,159463
VUT,Vanuatu,1992,155608
VUT,Vanuatu,1991,151793
VUT,Vanuatu,1990,148063
VEN,"Venezuela, RB",2020,28444077
VEN,"Venezuela, RB",2019,28938098
VEN,"Venezuela, RB",2018,29807592
VEN,"Venezuela, RB",2017,30565323
VEN,"Venezuela, RB",2016,30765720
VEN,"Venezuela, RB",2015,30573972
VEN,"Venezuela, RB",2014,30254079
VEN,"Venezuela, RB",2013,29912198
VEN,"Venezuela, RB",2012,29553826
VEN,"Venezuela, RB",2011,29185212
VEN,"Venezuela, RB",2010,28813101
VEN,"Venezuela, RB",2009,28438298
VEN,"Venezuela, RB",2008,28053696
VEN,"Venezuela, RB",2007,27649363
VEN,"Venezuela, RB",2006,27224686
VEN,"Venezuela, RB",2005,26785804
VEN,"Venezuela, RB",2004,26340838
VEN,"Venezuela, RB",2003,25892703
VEN,"Venezuela, RB",2002,25435671
VEN,"Venezuela, RB",2001,24979922
VEN,"Venezuela, RB",2000,24526708
VEN,"Venezuela, RB",1999,24066593
VEN,"Venezuela, RB",1998,23601337
VEN,"Venezuela, RB",1997,23131685
VEN,"Venezuela, RB",1996,22662113
VEN,"Venezuela, RB",1995,22193821
VEN,"Venezuela, RB",1994,21725188
VEN,"Venezuela, RB",1993,21254520
VEN,"Venezuela, RB",1992,20780948
VEN,"Venezuela, RB",1991,20304896
VEN,"Venezuela, RB",1990,19827010
VNM,Viet Nam,2020,98079191
VNM,Viet Nam,2019,97173776
VNM,Viet Nam,2018,96237319
VNM,Viet Nam,2017,95176977
VNM,Viet Nam,2016,94000117
VNM,Viet Nam,2015,92823254
VNM,Viet Nam,2014,91679578
VNM,Viet Nam,2013,90573104
VNM,Viet Nam,2012,89510356
VNM,Viet Nam,2011,88468314
VNM,Viet Nam,2010,87455152
VNM,Viet Nam,2009,86460018
VNM,Viet Nam,2008,85175788
VNM,Viet Nam,2007,83633375
VNM,Viet Nam,2006,82167897
VNM,Viet Nam,2005,81088313
VNM,Viet Nam,2004,80338971
VNM,Viet Nam,2003,79563777
VNM,Viet Nam,2002,78772224
VNM,Viet Nam,2001,77969361
VNM,Viet Nam,2000,77154011
VNM,Viet Nam,1999,76287452
VNM,Viet Nam,1998,75299660
VNM,Viet Nam,1997,74226889
VNM,Viet Nam,1996,73156447
VNM,Viet Nam,1995,72049940
VNM,Viet Nam,1994,70854391
VNM,Viet Nam,1993,69586384
VNM,Viet Nam,1992,68260337
VNM,Viet Nam,1991,66891775
VNM,Viet Nam,1990,65504552
VIR,Virgin Islands (U.S.),2020,106290
VIR,Virgin Islands (U.S.),2019,106669
VIR,Virgin Islands (U.S.),2018,107001
VIR,Virgin Islands (U.S.),2017,107281
VIR,Virgin Islands (U.S.),2016,107516
VIR,Virgin Islands (U.S.),2015,107712
VIR,Virgin Islands (U.S.),2014,107882
VIR,Virgin Islands (U.S.),2013,108041
VIR,Virgin Islands (U.S.),2012,108188
VIR,Virgin Islands (U.S.),2011,108290
VIR,Virgin Islands (U.S.),2010,108357
VIR,Virgin Islands (U.S.),2009,108404
VIR,Virgin Islands (U.S.),2008,108397
VIR,Virgin Islands (U.S.),2007,108337
VIR,Virgin Islands (U.S.),2006,108369
VIR,Virgin Islands (U.S.),2005,108453
VIR,Virgin Islands (U.S.),2004,108466
VIR,Virgin Islands (U.S.),2003,108505
VIR,Virgin Islands (U.S.),2002,108509
VIR,Virgin Islands (U.S.),2001,108549
VIR,Virgin Islands (U.S.),2000,108642
VIR,Virgin Islands (U.S.),1999,108599
VIR,Virgin Islands (U.S.),1998,108537
VIR,Virgin Islands (U.S.),1997,108357
VIR,Virgin Islands (U.S.),1996,108095
VIR,Virgin Islands (U.S.),1995,107818
VIR,Virgin Islands (U.S.),1994,107318
VIR,Virgin Islands (U.S.),1993,106578
VIR,Virgin Islands (U.S.),1992,105712
VIR,Virgin Islands (U.S.),1991,104807
VIR,Virgin Islands (U.S.),1990,103963
PSE,West Bank and Gaza,2020,4803269
PSE,West Bank and Gaza,2019,4685306
PSE,West Bank and Gaza,2018,4569087
PSE,West Bank and Gaza,2017,4454805
PSE,West Bank and Gaza,2016,4367088
PSE,West Bank and Gaza,2015,4270092
PSE,West Bank and Gaza,2014,4173398
PSE,West Bank and Gaza,2013,4076708
PSE,West Bank and Gaza,2012,3979998
PSE,West Bank and Gaza,2011,3882986
PSE,West Bank and Gaza,2010,3786161
PSE,West Bank and Gaza,2009,3689099
PSE,West Bank and Gaza,2008,3591977
PSE,West Bank and Gaza,2007,3494496
PSE,West Bank and Gaza,2006,3406334
PSE,West Bank and Gaza,2005,3320396
PSE,West Bank and Gaza,2004,3236626
PSE,West Bank and Gaza,2003,3154969
PSE,West Bank and Gaza,2002,3075373
PSE,West Bank and Gaza,2001,2997784
PSE,West Bank and Gaza,2000,2922153
PSE,West Bank and Gaza,1999,2848431
PSE,West Bank and Gaza,1998,2776568
PSE,West Bank and Gaza,1997,2706518
PSE,West Bank and Gaza,1996,2587997
PSE,West Bank and Gaza,1995,2474666
PSE,West Bank and Gaza,1994,2366298
PSE,West Bank and Gaza,1993,2262676
PSE,West Bank and Gaza,1992,2163591
PSE,West Bank and Gaza,1991,2068845
PSE,West Bank and Gaza,1990,1978248
YEM,"Yemen, Rep.",2020,36134863
YEM,"Yemen, Rep.",2019,35111408
YEM,"Yemen, Rep.",2018,34085182
YEM,"Yemen, Rep.",2017,33090921
YEM,"Yemen, Rep.",2016,32109010
YEM,"Yemen, Rep.",2015,31159379
YEM,"Yemen, Rep.",2014,30226309
YEM,"Yemen, Rep.",2013,29312952
YEM,"Yemen, Rep.",2012,28433647
YEM,"Yemen, Rep.",2011,27582897
YEM,"Yemen, Rep.",2010,26754387
YEM,"Yemen, Rep.",2009,25927724
YEM,"Yemen, Rep.",2008,25111941
YEM,"Yemen, Rep.",2007,24318082
YEM,"Yemen, Rep.",2006,23543083
YEM,"Yemen, Rep.",2005,22790085
YEM,"Yemen, Rep.",2004,22095167
YEM,"Yemen, Rep.",2003,21456379
YEM,"Yemen, Rep.",2002,20835086
YEM,"Yemen, Rep.",2001,20226147
YEM,"Yemen, Rep.",2000,19624141
YEM,"Yemen, Rep.",1999,19029420
YEM,"Yemen, Rep.",1998,18446013
YEM,"Yemen, Rep.",1997,17873936
YEM,"Yemen, Rep.",1996,17313177
YEM,"Yemen, Rep.",1995,16740058
YEM,"Yemen, Rep.",1994,16149147
YEM,"Yemen, Rep.",1993,15563914
YEM,"Yemen, Rep.",1992,14989494
YEM,"Yemen, Rep.",1991,14430201
YEM,"Yemen, Rep.",1990,13887862
ZMB,Zambia,2020,19059395
ZMB,Zambia,2019,18513839
ZMB,Zambia,2018,17973569
ZMB,Zambia,2017,17441320
ZMB,Zambia,2016,16914423
ZMB,Zambia,2015,16399089
ZMB,Zambia,2014,15895315
ZMB,Zambia,2013,15398997
ZMB,Zambia,2012,14913629
ZMB,Zambia,2011,14437796
ZMB,Zambia,2010,13965594
ZMB,Zambia,2009,13490389
ZMB,Zambia,2008,13021324
ZMB,Zambia,2007,12565085
ZMB,Zambia,2006,12129553
ZMB,Zambia,2005,11718819
ZMB,Zambia,2004,11338198
ZMB,Zambia,2003,10983595
ZMB,Zambia,2002,10647949
ZMB,Zambia,2001,10325185
ZMB,Zambia,2000,10017631
ZMB,Zambia,1999,9740005
ZMB,Zambia,1998,9482408
ZMB,Zambia,1997,9237063
ZMB,Zambia,1996,9004053
ZMB,Zambia,1995,8785763
ZMB,Zambia,1994,8576269
ZMB,Zambia,1993,8373921
ZMB,Zambia,1992,8176680
ZMB,Zambia,1991,7981650
ZMB,Zambia,1990,7786169
ZWE,Zimbabwe,2020,15526888
ZWE,Zimbabwe,2019,15271368
ZWE,Zimbabwe,2018,15034452
ZWE,Zimbabwe,2017,14812482
ZWE,Zimbabwe,2016,14600294
ZWE,Zimbabwe,2015,14399013
ZWE,Zimbabwe,2014,14207359
ZWE,Zimbabwe,2013,14013808
ZWE,Zimbabwe,2012,13817887
ZWE,Zimbabwe,2011,13595424
ZWE,Zimbabwe,2010,13356548
ZWE,Zimbabwe,2009,13142790
ZWE,Zimbabwe,2008,12959149
ZWE,Zimbabwe,2007,12804058
ZWE,Zimbabwe,2006,12636445
ZWE,Zimbabwe,2005,12483432
ZWE,Zimbabwe,2004,12365896
ZWE,Zimbabwe,2003,12232323
ZWE,Zimbabwe,2002,12087653
ZWE,Zimbabwe,2001,11971901
ZWE,Zimbabwe,2000,11892055
ZWE,Zimbabwe,1999,11783458
ZWE,Zimbabwe,1998,11594297
ZWE,Zimbabwe,1997,11369827
ZWE,Zimbabwe,1996,11158360
ZWE,Zimbabwe,1995,10974599
ZWE,Zimbabwe,1994,10873148
ZWE,Zimbabwe,1993,10860288
ZWE,Zimbabwe,1992,10702700
ZWE,Zimbabwe,1991,10404816
ZWE,Zimbabwe,1990,10137281
